analysis_year,analysis_era,run_period,run,scope_type,scope_name,trigger_family,owner_stream,expression,method,status,delivered_fb,recorded_fb,n_lumisections,n_runs
2022,2022,2022B,355374,nominal,certified_configured_input,,,,brilcalc_direct,,0.000170121563,0.00010778003,26,1
2022,2022,2022B,355381,nominal,certified_configured_input,,,,brilcalc_direct,,0.002580943982,0.00213645958,357,1
2022,2022,2022B,355418,nominal,certified_configured_input,,,,brilcalc_direct,,0.000238113226,0.000230945712,41,1
2022,2022,2022B,355419,nominal,certified_configured_input,,,,brilcalc_direct,,0.000488436744,0.000476082137,98,1
2022,2022,2022B,355429,nominal,certified_configured_input,,,,brilcalc_direct,,0.000369580277,0.000335498337,48,1
2022,2022,2022B,355435,nominal,certified_configured_input,,,,brilcalc_direct,,0.000340653488,0.000231712724,43,1
2022,2022,2022B,355442,nominal,certified_configured_input,,,,brilcalc_direct,,0.00018268383,0.000133208111,22,1
2022,2022,2022B,355443,nominal,certified_configured_input,,,,brilcalc_direct,,0.002011363505,0.001924873843,240,1
2022,2022,2022B,355444,nominal,certified_configured_input,,,,brilcalc_direct,,0.0012786688,0.001227123809,153,1
2022,2022,2022B,355445,nominal,certified_configured_input,,,,brilcalc_direct,,0.001560671142,0.00151150465,242,1
2022,2022,2022B,355454,nominal,certified_configured_input,,,,brilcalc_direct,,0.00052456166,0.000514128582,80,1
2022,2022,2022B,355455,nominal,certified_configured_input,,,,brilcalc_direct,,0.000251726655,0.000246657896,39,1
2022,2022,2022B,355456,nominal,certified_configured_input,,,,brilcalc_direct,,0.003096778614,0.003064076712,501,1
2022,2022,2022B,355558,nominal,certified_configured_input,,,,brilcalc_direct,,0.012155115839,0.01155687486,286,1
2022,2022,2022B,355559,nominal,certified_configured_input,,,,brilcalc_direct,,0.00703365106,0.006701859701,161,1
2022,2022,2022B,355679,nominal,certified_configured_input,,,,brilcalc_direct,,0.001150255584,0.001108648335,59,1
2022,2022,2022B,355680,nominal,certified_configured_input,,,,brilcalc_direct,,0.049825203342,0.047915004778,1651,1
2022,2022,2022B,355768,nominal,certified_configured_input,,,,brilcalc_direct,,0.001335986517,0.001205866877,45,1
2022,2022,2022B,355769,nominal,certified_configured_input,,,,brilcalc_direct,,0.016798549594,0.01588515299,541,1
2022,2022,2022C,355862,nominal,certified_configured_input,,,,brilcalc_direct,,0.00079245794,0.000626192874,13,1
2022,2022,2022C,355863,nominal,certified_configured_input,,,,brilcalc_direct,,0.000840240125,0.0007376076,14,1
2022,2022,2022C,355870,nominal,certified_configured_input,,,,brilcalc_direct,,0.001749608397,0.001564059846,36,1
2022,2022,2022C,355871,nominal,certified_configured_input,,,,brilcalc_direct,,0.000167393244,0.000148624032,5,1
2022,2022,2022C,355872,nominal,certified_configured_input,,,,brilcalc_direct,,0.077862176274,0.069670631129,1197,1
2022,2022,2022C,355892,nominal,certified_configured_input,,,,brilcalc_direct,,0.011272113989,0.010783757465,184,1
2022,2022,2022C,355912,nominal,certified_configured_input,,,,brilcalc_direct,,0.010012808105,0.009000125909,158,1
2022,2022,2022C,355913,nominal,certified_configured_input,,,,brilcalc_direct,,0.006321537818,0.005841850604,106,1
2022,2022,2022C,355921,nominal,certified_configured_input,,,,brilcalc_direct,,0.024471964973,0.022698629761,403,1
2022,2022,2022C,355933,nominal,certified_configured_input,,,,brilcalc_direct,,0.000694896456,0.000690376532,370,1
2022,2022,2022C,355942,nominal,certified_configured_input,,,,brilcalc_direct,,0.001449025658,0.001366195793,187,1
2022,2022,2022C,355988,nominal,certified_configured_input,,,,brilcalc_direct,,0.003434926159,0.002782140445,44,1
2022,2022,2022C,355989,nominal,certified_configured_input,,,,brilcalc_direct,,0.002277843916,0.001268137797,24,1
2022,2022,2022C,355998,nominal,certified_configured_input,,,,brilcalc_direct,,0.003075828942,0.002649536829,35,1
2022,2022,2022C,355999,nominal,certified_configured_input,,,,brilcalc_direct,,0.000774760879,0.000646332239,9,1
2022,2022,2022C,356004,nominal,certified_configured_input,,,,brilcalc_direct,,0.001415493947,0.001358212862,19,1
2022,2022,2022C,356005,nominal,certified_configured_input,,,,brilcalc_direct,,0.012631529988,0.012166486407,187,1
2022,2022,2022C,356043,nominal,certified_configured_input,,,,brilcalc_direct,,0.006828245891,0.005587473667,65,1
2022,2022,2022C,356071,nominal,certified_configured_input,,,,brilcalc_direct,,0.017433971635,0.015297014848,155,1
2022,2022,2022C,356074,nominal,certified_configured_input,,,,brilcalc_direct,,0.00317661929,0.003004375578,26,1
2022,2022,2022C,356075,nominal,certified_configured_input,,,,brilcalc_direct,,0.015143257071,0.013918013566,125,1
2022,2022,2022C,356076,nominal,certified_configured_input,,,,brilcalc_direct,,0.018658814479,0.017147607897,152,1
2022,2022,2022C,356077,nominal,certified_configured_input,,,,brilcalc_direct,,0.051936093758,0.049782857249,472,1
2022,2022,2022C,356135,nominal,certified_configured_input,,,,brilcalc_direct,,0.002884945551,0.002624847507,26,1
2022,2022,2022C,356309,nominal,certified_configured_input,,,,brilcalc_direct,,0.011790413417,0.010947991975,124,1
2022,2022,2022C,356316,nominal,certified_configured_input,,,,brilcalc_direct,,0.009481466315,0.00928995457,141,1
2022,2022,2022C,356322,nominal,certified_configured_input,,,,brilcalc_direct,,0.002279702315,0.002064845751,19,1
2022,2022,2022C,356323,nominal,certified_configured_input,,,,brilcalc_direct,,0.07583639654,0.072084168857,649,1
2022,2022,2022C,356371,nominal,certified_configured_input,,,,brilcalc_direct,,0.001844580804,0.00155283973,16,1
2022,2022,2022C,356375,nominal,certified_configured_input,,,,brilcalc_direct,,0.00881790524,0.006539210649,68,1
2022,2022,2022C,356378,nominal,certified_configured_input,,,,brilcalc_direct,,0.043237585,0.041584402342,295,1
2022,2022,2022C,356381,nominal,certified_configured_input,,,,brilcalc_direct,,0.13336263014,0.131360426561,1193,1
2022,2022,2022C,356383,nominal,certified_configured_input,,,,brilcalc_direct,,0.002908269297,0.002867925394,33,1
2022,2022,2022C,356385,nominal,certified_configured_input,,,,brilcalc_direct,,0.002650307655,0.002467943278,30,1
2022,2022,2022C,356386,nominal,certified_configured_input,,,,brilcalc_direct,,0.00882251273,0.008702745616,122,1
2022,2022,2022C,356426,nominal,certified_configured_input,,,,brilcalc_direct,,0.003115109988,0.002569637722,22,1
2022,2022,2022C,356428,nominal,certified_configured_input,,,,brilcalc_direct,,0.047755357108,0.04581952406,300,1
2022,2022,2022C,356433,nominal,certified_configured_input,,,,brilcalc_direct,,0.049664722429,0.04781543626,310,1
2022,2022,2022C,356434,nominal,certified_configured_input,,,,brilcalc_direct,,0.001950283753,0.001716760527,13,1
2022,2022,2022C,356435,nominal,certified_configured_input,,,,brilcalc_direct,,0.000596088026,0.000438618883,4,1
2022,2022,2022C,356446,nominal,certified_configured_input,,,,brilcalc_direct,,0.095720053992,0.092805782895,612,1
2022,2022,2022C,356523,nominal,certified_configured_input,,,,brilcalc_direct,,0.164037215877,0.160945095562,866,1
2022,2022,2022C,356531,nominal,certified_configured_input,,,,brilcalc_direct,,0.009119290175,0.008972442418,56,1
2022,2022,2022C,356563,nominal,certified_configured_input,,,,brilcalc_direct,,0.052941361155,0.051876776895,294,1
2022,2022,2022C,356568,nominal,certified_configured_input,,,,brilcalc_direct,,0.003411277263,0.003199443901,20,1
2022,2022,2022C,356569,nominal,certified_configured_input,,,,brilcalc_direct,,0.046474619548,0.045312650586,248,1
2022,2022,2022C,356570,nominal,certified_configured_input,,,,brilcalc_direct,,0.019518264577,0.019096323403,98,1
2022,2022,2022C,356576,nominal,certified_configured_input,,,,brilcalc_direct,,0.02677913676,0.026012516247,181,1
2022,2022,2022C,356578,nominal,certified_configured_input,,,,brilcalc_direct,,0.157224972561,0.154532408992,864,1
2022,2022,2022C,356580,nominal,certified_configured_input,,,,brilcalc_direct,,0.007879273639,0.007737179754,50,1
2022,2022,2022C,356582,nominal,certified_configured_input,,,,brilcalc_direct,,0.01440274461,0.014266999911,98,1
2022,2022,2022C,356614,nominal,certified_configured_input,,,,brilcalc_direct,,0.009273548921,0.00788726415,50,1
2022,2022,2022C,356615,nominal,certified_configured_input,,,,brilcalc_direct,,0.235157789035,0.231009011968,1294,1
2022,2022,2022C,356619,nominal,certified_configured_input,,,,brilcalc_direct,,0.024261009048,0.023994573095,173,1
2022,2022,2022C,356810,nominal,certified_configured_input,,,,brilcalc_direct,,0.026112336154,0.025467671884,120,1
2022,2022,2022C,356811,nominal,certified_configured_input,,,,brilcalc_direct,,0.013371369982,0.012876828676,44,1
2022,2022,2022C,356812,nominal,certified_configured_input,,,,brilcalc_direct,,0.031002956564,0.030017322151,107,1
2022,2022,2022C,356813,nominal,certified_configured_input,,,,brilcalc_direct,,0.01502108813,0.014540906605,54,1
2022,2022,2022C,356814,nominal,certified_configured_input,,,,brilcalc_direct,,0.15895548808,0.156110900368,668,1
2022,2022,2022C,356815,nominal,certified_configured_input,,,,brilcalc_direct,,0.01954433452,0.019132266934,98,1
2022,2022,2022C,356824,nominal,certified_configured_input,,,,brilcalc_direct,,0.009670483827,0.009476723077,62,1
2022,2022,2022C,356908,nominal,certified_configured_input,,,,brilcalc_direct,,0.007645125687,0.007133667266,26,1
2022,2022,2022C,356919,nominal,certified_configured_input,,,,brilcalc_direct,,0.021980426823,0.021177151759,88,1
2022,2022,2022C,356937,nominal,certified_configured_input,,,,brilcalc_direct,,0.029646087296,0.028320198549,119,1
2022,2022,2022C,356946,nominal,certified_configured_input,,,,brilcalc_direct,,0.036294836549,0.034494078947,121,1
2022,2022,2022C,356947,nominal,certified_configured_input,,,,brilcalc_direct,,0.093513130504,0.090602295502,345,1
2022,2022,2022C,356948,nominal,certified_configured_input,,,,brilcalc_direct,,0.020836185974,0.019945890582,85,1
2022,2022,2022C,356949,nominal,certified_configured_input,,,,brilcalc_direct,,0.022015866632,0.021383048129,94,1
2022,2022,2022C,356951,nominal,certified_configured_input,,,,brilcalc_direct,,0.059984738071,0.058733072684,274,1
2022,2022,2022C,356954,nominal,certified_configured_input,,,,brilcalc_direct,,0.069321290462,0.067964380709,359,1
2022,2022,2022C,356955,nominal,certified_configured_input,,,,brilcalc_direct,,0.064559042641,0.063311519727,380,1
2022,2022,2022C,356956,nominal,certified_configured_input,,,,brilcalc_direct,,0.015088548524,0.014964202936,109,1
2022,2022,2022C,356968,nominal,certified_configured_input,,,,brilcalc_direct,,0.049077896593,0.047170283977,172,1
2022,2022,2022C,356969,nominal,certified_configured_input,,,,brilcalc_direct,,0.068838065946,0.066250780494,233,1
2022,2022,2022C,356970,nominal,certified_configured_input,,,,brilcalc_direct,,0.097226945627,0.094907616509,365,1
2022,2022,2022C,356998,nominal,certified_configured_input,,,,brilcalc_direct,,0.001659952482,0.00156520975,5,1
2022,2022,2022C,356999,nominal,certified_configured_input,,,,brilcalc_direct,,0.017442396904,0.016770472782,54,1
2022,2022,2022C,357000,nominal,certified_configured_input,,,,brilcalc_direct,,0.011401537862,0.01091780055,48,1
2022,2022,2022C,357001,nominal,certified_configured_input,,,,brilcalc_direct,,0.052590117034,0.050873486131,183,1
2022,2022,2022C,357079,nominal,certified_configured_input,,,,brilcalc_direct,,0.008066931028,0.00741019892,21,1
2022,2022,2022C,357080,nominal,certified_configured_input,,,,brilcalc_direct,,0.198352306012,0.191456631335,616,1
2022,2022,2022C,357081,nominal,certified_configured_input,,,,brilcalc_direct,,0.180206744986,0.176532357161,759,1
2022,2022,2022C,357101,nominal,certified_configured_input,,,,brilcalc_direct,,0.018001011849,0.017151832254,50,1
2022,2022,2022C,357102,nominal,certified_configured_input,,,,brilcalc_direct,,0.036305119821,0.034697243806,105,1
2022,2022,2022C,357104,nominal,certified_configured_input,,,,brilcalc_direct,,0.001309937109,0.001251199464,4,1
2022,2022,2022C,357106,nominal,certified_configured_input,,,,brilcalc_direct,,0.018185796478,0.017022676924,58,1
2022,2022,2022C,357112,nominal,certified_configured_input,,,,brilcalc_direct,,0.14053386829,0.134186514241,519,1
2022,2022,2022C,357268,nominal,certified_configured_input,,,,brilcalc_direct,,0.022928020949,0.021037666228,73,1
2022,2022,2022C,357271,nominal,certified_configured_input,,,,brilcalc_direct,,0.447671656787,0.416895272402,1569,1
2022,2022,2022C,357328,nominal,certified_configured_input,,,,brilcalc_direct,,0.017976114392,0.016387206462,60,1
2022,2022,2022C,357329,nominal,certified_configured_input,,,,brilcalc_direct,,0.231600989557,0.217127012402,667,1
2022,2022,2022C,357330,nominal,certified_configured_input,,,,brilcalc_direct,,0.04602794398,0.042451168201,156,1
2022,2022,2022C,357331,nominal,certified_configured_input,,,,brilcalc_direct,,0.006488921009,0.005561527793,23,1
2022,2022,2022C,357332,nominal,certified_configured_input,,,,brilcalc_direct,,0.109845358634,0.097896931059,428,1
2022,2022,2022C,357333,nominal,certified_configured_input,,,,brilcalc_direct,,0.044838849623,0.043020696542,207,1
2022,2022,2022C,357401,nominal,certified_configured_input,,,,brilcalc_direct,,0.171966893938,0.16734176073,617,1
2022,2022,2022C,357406,nominal,certified_configured_input,,,,brilcalc_direct,,0.035216409657,0.033323347613,125,1
2022,2022,2022C,357438,nominal,certified_configured_input,,,,brilcalc_direct,,0.066695698951,0.061744524699,196,1
2022,2022,2022C,357440,nominal,certified_configured_input,,,,brilcalc_direct,,0.120011894228,0.113610384744,352,1
2022,2022,2022C,357441,nominal,certified_configured_input,,,,brilcalc_direct,,0.025409237967,0.024716945973,83,1
2022,2022,2022C,357442,nominal,certified_configured_input,,,,brilcalc_direct,,0.317889025603,0.309566831833,1373,1
2022,2022,2022C,357447,nominal,certified_configured_input,,,,brilcalc_direct,,0.002762521961,0.002405447509,11,1
2022,2022,2022C,357472,nominal,certified_configured_input,,,,brilcalc_direct,,0.007465596812,0.007182111606,27,1
2022,2022,2022C,357478,nominal,certified_configured_input,,,,brilcalc_direct,,0.002264845903,0.001606762858,8,1
2022,2022,2022C,357479,nominal,certified_configured_input,,,,brilcalc_direct,,0.344427042712,0.327925713658,1044,1
2022,2022,2022C,357482,nominal,certified_configured_input,,,,brilcalc_direct,,0.051282741661,0.049827230057,205,1
2022,2022,2022D,357538,nominal,certified_configured_input,,,,brilcalc_direct,,0.006593376581,0.005419413189,25,1
2022,2022,2022D,357542,nominal,certified_configured_input,,,,brilcalc_direct,,0.091326104596,0.083355962822,249,1
2022,2022,2022D,357550,nominal,certified_configured_input,,,,brilcalc_direct,,0.012845617197,0.011725286673,36,1
2022,2022,2022D,357610,nominal,certified_configured_input,,,,brilcalc_direct,,0.047949893914,0.045113719137,191,1
2022,2022,2022D,357611,nominal,certified_configured_input,,,,brilcalc_direct,,0.114384238939,0.110069208611,408,1
2022,2022,2022D,357612,nominal,certified_configured_input,,,,brilcalc_direct,,0.160813891946,0.155255834956,731,1
2022,2022,2022D,357613,nominal,certified_configured_input,,,,brilcalc_direct,,0.046660006766,0.045516370252,256,1
2022,2022,2022D,357688,nominal,certified_configured_input,,,,brilcalc_direct,,0.139184359316,0.128937080381,380,1
2022,2022,2022D,357696,nominal,certified_configured_input,,,,brilcalc_direct,,0.130067290584,0.122713109536,352,1
2022,2022,2022D,357697,nominal,certified_configured_input,,,,brilcalc_direct,,0.013919096784,0.012615432339,39,1
2022,2022,2022D,357698,nominal,certified_configured_input,,,,brilcalc_direct,,0.019844755757,0.01851065771,58,1
2022,2022,2022D,357699,nominal,certified_configured_input,,,,brilcalc_direct,,0.009601161953,0.009171001946,29,1
2022,2022,2022D,357700,nominal,certified_configured_input,,,,brilcalc_direct,,0.213736570448,0.208161604748,756,1
2022,2022,2022D,357701,nominal,certified_configured_input,,,,brilcalc_direct,,0.070298097946,0.068960112164,310,1
2022,2022,2022D,357705,nominal,certified_configured_input,,,,brilcalc_direct,,0.039532308946,0.038450728361,200,1
2022,2022,2022D,357706,nominal,certified_configured_input,,,,brilcalc_direct,,0.027413110856,0.026815885175,161,1
2022,2022,2022D,357720,nominal,certified_configured_input,,,,brilcalc_direct,,0.019033628728,0.017747368306,61,1
2022,2022,2022D,357732,nominal,certified_configured_input,,,,brilcalc_direct,,0.04675750611,0.040799469054,128,1
2022,2022,2022D,357734,nominal,certified_configured_input,,,,brilcalc_direct,,0.117044545875,0.108465160126,300,1
2022,2022,2022D,357735,nominal,certified_configured_input,,,,brilcalc_direct,,0.329174418989,0.317745060465,1123,1
2022,2022,2022D,357754,nominal,certified_configured_input,,,,brilcalc_direct,,0.037817466352,0.033259886693,117,1
2022,2022,2022D,357756,nominal,certified_configured_input,,,,brilcalc_direct,,0.157397543245,0.14789440417,424,1
2022,2022,2022D,357757,nominal,certified_configured_input,,,,brilcalc_direct,,0.002349566837,0.002110934821,7,1
2022,2022,2022D,357758,nominal,certified_configured_input,,,,brilcalc_direct,,0.026514564464,0.025170244086,81,1
2022,2022,2022D,357759,nominal,certified_configured_input,,,,brilcalc_direct,,0.021368263341,0.020434598696,68,1
2022,2022,2022D,357766,nominal,certified_configured_input,,,,brilcalc_direct,,0.041358883005,0.036685633951,115,1
2022,2022,2022D,357777,nominal,certified_configured_input,,,,brilcalc_direct,,0.023829366196,0.023178791338,85,1
2022,2022,2022D,357778,nominal,certified_configured_input,,,,brilcalc_direct,,0.090389388586,0.086924521024,355,1
2022,2022,2022D,357779,nominal,certified_configured_input,,,,brilcalc_direct,,0.017302298698,0.016779504469,74,1
2022,2022,2022D,357781,nominal,certified_configured_input,,,,brilcalc_direct,,0.002241842117,0.002078629698,10,1
2022,2022,2022D,357802,nominal,certified_configured_input,,,,brilcalc_direct,,0.057091934044,0.052879658984,163,1
2022,2022,2022D,357803,nominal,certified_configured_input,,,,brilcalc_direct,,0.055703876463,0.052558136252,153,1
2022,2022,2022D,357804,nominal,certified_configured_input,,,,brilcalc_direct,,0.008399467105,0.007676498959,23,1
2022,2022,2022D,357805,nominal,certified_configured_input,,,,brilcalc_direct,,0.031252656503,0.029522769496,88,1
2022,2022,2022D,357806,nominal,certified_configured_input,,,,brilcalc_direct,,0.016791996252,0.0155700598,56,1
2022,2022,2022D,357807,nominal,certified_configured_input,,,,brilcalc_direct,,0.080859600242,0.077760586004,242,1
2022,2022,2022D,357808,nominal,certified_configured_input,,,,brilcalc_direct,,0.004659190476,0.004306083949,15,1
2022,2022,2022D,357809,nominal,certified_configured_input,,,,brilcalc_direct,,0.012705891844,0.012018093347,41,1
2022,2022,2022D,357812,nominal,certified_configured_input,,,,brilcalc_direct,,0.015217815061,0.014521097757,50,1
2022,2022,2022D,357813,nominal,certified_configured_input,,,,brilcalc_direct,,0.082912991732,0.079167041535,292,1
2022,2022,2022D,357814,nominal,certified_configured_input,,,,brilcalc_direct,,0.054551167823,0.050887256924,212,1
2022,2022,2022D,357815,nominal,certified_configured_input,,,,brilcalc_direct,,0.199162842356,0.193992442216,944,1
2022,2022,2022D,357898,nominal,certified_configured_input,,,,brilcalc_direct,,0.11201613363,0.105071805444,312,1
2022,2022,2022D,357899,nominal,certified_configured_input,,,,brilcalc_direct,,0.195384860262,0.186117034997,637,1
2022,2022,2022D,357900,nominal,certified_configured_input,,,,brilcalc_direct,,0.123511442217,0.117924054154,516,1
2022,2022EE,2022E,359569,nominal,certified_configured_input,,,,brilcalc_direct,,0.001319007952,0.00131340364,82,1
2022,2022EE,2022E,359571,nominal,certified_configured_input,,,,brilcalc_direct,,0.002374630909,0.002348456274,151,1
2022,2022EE,2022E,359575,nominal,certified_configured_input,,,,brilcalc_direct,,0.001285421874,0.001265173581,83,1
2022,2022EE,2022E,359595,nominal,certified_configured_input,,,,brilcalc_direct,,0.006373334858,0.00624771134,273,1
2022,2022EE,2022E,359597,nominal,certified_configured_input,,,,brilcalc_direct,,0.002159208034,0.002132121306,94,1
2022,2022EE,2022E,359602,nominal,certified_configured_input,,,,brilcalc_direct,,0.005801352186,0.005432577961,73,1
2022,2022EE,2022E,359609,nominal,certified_configured_input,,,,brilcalc_direct,,0.001964625373,0.001672407379,24,1
2022,2022EE,2022E,359612,nominal,certified_configured_input,,,,brilcalc_direct,,0.000947834934,0.000759440005,12,1
2022,2022EE,2022E,359661,nominal,certified_configured_input,,,,brilcalc_direct,,0.009547366836,0.009069424631,81,1
2022,2022EE,2022E,359685,nominal,certified_configured_input,,,,brilcalc_direct,,0.021002926251,0.020796878029,132,1
2022,2022EE,2022E,359686,nominal,certified_configured_input,,,,brilcalc_direct,,0.114490792523,0.113620681027,934,1
2022,2022EE,2022E,359691,nominal,certified_configured_input,,,,brilcalc_direct,,0.038273860213,0.036556873097,121,1
2022,2022EE,2022E,359693,nominal,certified_configured_input,,,,brilcalc_direct,,0.168139335822,0.162173072104,604,1
2022,2022EE,2022E,359694,nominal,certified_configured_input,,,,brilcalc_direct,,0.220390093252,0.215346916757,1080,1
2022,2022EE,2022E,359699,nominal,certified_configured_input,,,,brilcalc_direct,,0.421583249437,0.408576166157,1856,1
2022,2022EE,2022E,359718,nominal,certified_configured_input,,,,brilcalc_direct,,0.125625023297,0.120624956989,366,1
2022,2022EE,2022E,359750,nominal,certified_configured_input,,,,brilcalc_direct,,0.049693604826,0.047973843727,135,1
2022,2022EE,2022E,359751,nominal,certified_configured_input,,,,brilcalc_direct,,0.31641264467,0.30385574843,991,1
2022,2022EE,2022E,359762,nominal,certified_configured_input,,,,brilcalc_direct,,0.083234417226,0.079604110872,223,1
2022,2022EE,2022E,359763,nominal,certified_configured_input,,,,brilcalc_direct,,0.156282389004,0.150338602669,458,1
2022,2022EE,2022E,359764,nominal,certified_configured_input,,,,brilcalc_direct,,0.263143653184,0.254408218426,1082,1
2022,2022EE,2022E,359776,nominal,certified_configured_input,,,,brilcalc_direct,,0.000211091965,0.000210229128,329,1
2022,2022EE,2022E,359806,nominal,certified_configured_input,,,,brilcalc_direct,,0.149807460184,0.143007535739,369,1
2022,2022EE,2022E,359808,nominal,certified_configured_input,,,,brilcalc_direct,,0.017719072553,0.016455101507,46,1
2022,2022EE,2022E,359809,nominal,certified_configured_input,,,,brilcalc_direct,,0.016190235175,0.015207282503,43,1
2022,2022EE,2022E,359810,nominal,certified_configured_input,,,,brilcalc_direct,,0.064924994686,0.061839284757,182,1
2022,2022EE,2022E,359812,nominal,certified_configured_input,,,,brilcalc_direct,,0.073467301157,0.070240582131,226,1
2022,2022EE,2022E,359814,nominal,certified_configured_input,,,,brilcalc_direct,,0.104234975109,0.100484772077,366,1
2022,2022EE,2022E,359870,nominal,certified_configured_input,,,,brilcalc_direct,,0.002414264491,0.002218061048,6,1
2022,2022EE,2022E,359871,nominal,certified_configured_input,,,,brilcalc_direct,,0.10390106546,0.09795807327,228,1
2022,2022EE,2022E,359887,nominal,certified_configured_input,,,,brilcalc_direct,,0.000313669848,0.000312441807,473,1
2022,2022EE,2022E,359899,nominal,certified_configured_input,,,,brilcalc_direct,,0.008307218568,0.007732093483,286,1
2022,2022EE,2022E,359903,nominal,certified_configured_input,,,,brilcalc_direct,,0.000315917957,0.00030166753,12,1
2022,2022EE,2022E,359998,nominal,certified_configured_input,,,,brilcalc_direct,,0.59760467682,0.575817676973,1891,1
2022,2022EE,2022E,360017,nominal,certified_configured_input,,,,brilcalc_direct,,0.012133141216,0.011509433405,40,1
2022,2022EE,2022E,360019,nominal,certified_configured_input,,,,brilcalc_direct,,0.481756549602,0.465555918629,1487,1
2022,2022EE,2022E,360075,nominal,certified_configured_input,,,,brilcalc_direct,,0.308716209868,0.295413693673,758,1
2022,2022EE,2022E,360090,nominal,certified_configured_input,,,,brilcalc_direct,,0.205439911677,0.199082406577,793,1
2022,2022EE,2022E,360116,nominal,certified_configured_input,,,,brilcalc_direct,,0.144223274527,0.137741415944,356,1
2022,2022EE,2022E,360125,nominal,certified_configured_input,,,,brilcalc_direct,,0.071127407314,0.067838040582,187,1
2022,2022EE,2022E,360126,nominal,certified_configured_input,,,,brilcalc_direct,,0.124430834545,0.119319572756,368,1
2022,2022EE,2022E,360127,nominal,certified_configured_input,,,,brilcalc_direct,,0.059941609602,0.057739014206,201,1
2022,2022EE,2022E,360128,nominal,certified_configured_input,,,,brilcalc_direct,,0.045383640532,0.043967728093,163,1
2022,2022EE,2022E,360130,nominal,certified_configured_input,,,,brilcalc_direct,,0.001023403888,0.000861481351,4,1
2022,2022EE,2022E,360131,nominal,certified_configured_input,,,,brilcalc_direct,,0.089937745659,0.087370717381,378,1
2022,2022EE,2022E,360141,nominal,certified_configured_input,,,,brilcalc_direct,,0.303972432013,0.289861705815,751,1
2022,2022EE,2022E,360224,nominal,certified_configured_input,,,,brilcalc_direct,,0.08371196012,0.07749395085,217,1
2022,2022EE,2022E,360225,nominal,certified_configured_input,,,,brilcalc_direct,,0.14768943158,0.13761683492,355,1
2022,2022EE,2022E,360295,nominal,certified_configured_input,,,,brilcalc_direct,,0.53852619117,0.516225429376,1434,1
2022,2022EE,2022E,360296,nominal,certified_configured_input,,,,brilcalc_direct,,0.136027219067,0.131649125035,519,1
2022,2022EE,2022E,360327,nominal,certified_configured_input,,,,brilcalc_direct,,0.138034397751,0.131807125598,352,1
2022,2022EE,2022F,360390,nominal,certified_configured_input,,,,brilcalc_direct,,0.027213612415,0.026124682777,71,1
2022,2022EE,2022F,360391,nominal,certified_configured_input,,,,brilcalc_direct,,0.001716141894,0.001518743621,4,1
2022,2022EE,2022F,360392,nominal,certified_configured_input,,,,brilcalc_direct,,0.025356813374,0.023957241684,61,1
2022,2022EE,2022F,360393,nominal,certified_configured_input,,,,brilcalc_direct,,0.052177631936,0.048985636794,124,1
2022,2022EE,2022F,360400,nominal,certified_configured_input,,,,brilcalc_direct,,0.024828348366,0.023714825735,80,1
2022,2022EE,2022F,360413,nominal,certified_configured_input,,,,brilcalc_direct,,0.037295905028,0.035547348266,90,1
2022,2022EE,2022F,360428,nominal,certified_configured_input,,,,brilcalc_direct,,0.029381282164,0.02745592924,74,1
2022,2022EE,2022F,360432,nominal,certified_configured_input,,,,brilcalc_direct,,0.011865408734,0.011139026846,28,1
2022,2022EE,2022F,360435,nominal,certified_configured_input,,,,brilcalc_direct,,0.019968837501,0.018668999909,48,1
2022,2022EE,2022F,360437,nominal,certified_configured_input,,,,brilcalc_direct,,0.016873562732,0.016219057441,40,1
2022,2022EE,2022F,360438,nominal,certified_configured_input,,,,brilcalc_direct,,0.002509526311,0.002350540954,6,1
2022,2022EE,2022F,360458,nominal,certified_configured_input,,,,brilcalc_direct,,0.068130151554,0.064280677026,184,1
2022,2022EE,2022F,360459,nominal,certified_configured_input,,,,brilcalc_direct,,0.474696724604,0.455182587988,1332,1
2022,2022EE,2022F,360460,nominal,certified_configured_input,,,,brilcalc_direct,,0.23983527392,0.232248838499,1077,1
2022,2022EE,2022F,360486,nominal,certified_configured_input,,,,brilcalc_direct,,0.114044111068,0.107828934476,278,1
2022,2022EE,2022F,360490,nominal,certified_configured_input,,,,brilcalc_direct,,0.381801624496,0.364986921949,1177,1
2022,2022EE,2022F,360491,nominal,certified_configured_input,,,,brilcalc_direct,,0.041058394349,0.039674829811,176,1
2022,2022EE,2022F,360737,nominal,certified_configured_input,,,,brilcalc_direct,,0.000864103246,0.000848257029,18,1
2022,2022EE,2022F,360761,nominal,certified_configured_input,,,,brilcalc_direct,,0.009215753382,0.00904048061,157,1
2022,2022EE,2022F,360794,nominal,certified_configured_input,,,,brilcalc_direct,,0.278749913718,0.265807246809,677,1
2022,2022EE,2022F,360795,nominal,certified_configured_input,,,,brilcalc_direct,,0.148347163534,0.142314078769,395,1
2022,2022EE,2022F,360797,nominal,certified_configured_input,,,,brilcalc_direct,,0.001364345863,0.001331782054,5,1
2022,2022EE,2022F,360820,nominal,certified_configured_input,,,,brilcalc_direct,,0.363540030928,0.345197319668,885,1
2022,2022EE,2022F,360825,nominal,certified_configured_input,,,,brilcalc_direct,,0.118561009674,0.113198387937,357,1
2022,2022EE,2022F,360826,nominal,certified_configured_input,,,,brilcalc_direct,,0.035193935528,0.033545050751,117,1
2022,2022EE,2022F,360856,nominal,certified_configured_input,,,,brilcalc_direct,,0.003141093577,0.003046684356,56,1
2022,2022EE,2022F,360874,nominal,certified_configured_input,,,,brilcalc_direct,,0.003118038487,0.003015739503,52,1
2022,2022EE,2022F,360876,nominal,certified_configured_input,,,,brilcalc_direct,,0.021504259671,0.020961668407,341,1
2022,2022EE,2022F,360887,nominal,certified_configured_input,,,,brilcalc_direct,,0.045570706683,0.042669329019,122,1
2022,2022EE,2022F,360888,nominal,certified_configured_input,,,,brilcalc_direct,,0.127508243181,0.121034559084,289,1
2022,2022EE,2022F,360889,nominal,certified_configured_input,,,,brilcalc_direct,,0.01012506927,0.008549120692,23,1
2022,2022EE,2022F,360890,nominal,certified_configured_input,,,,brilcalc_direct,,0.196489578704,0.188094872174,504,1
2022,2022EE,2022F,360892,nominal,certified_configured_input,,,,brilcalc_direct,,0.09585783278,0.092324484349,296,1
2022,2022EE,2022F,360895,nominal,certified_configured_input,,,,brilcalc_direct,,0.180557543857,0.175331545336,700,1
2022,2022EE,2022F,360919,nominal,certified_configured_input,,,,brilcalc_direct,,0.337151072214,0.320455648172,796,1
2022,2022EE,2022F,360920,nominal,certified_configured_input,,,,brilcalc_direct,,0.001597802656,0.001361330699,4,1
2022,2022EE,2022F,360921,nominal,certified_configured_input,,,,brilcalc_direct,,0.082272681009,0.078626577499,218,1
2022,2022EE,2022F,360927,nominal,certified_configured_input,,,,brilcalc_direct,,0.683526417925,0.653570575581,1887,1
2022,2022EE,2022F,360941,nominal,certified_configured_input,,,,brilcalc_direct,,0.026202596528,0.024774095566,72,1
2022,2022EE,2022F,360942,nominal,certified_configured_input,,,,brilcalc_direct,,0.14874187841,0.140452648354,344,1
2022,2022EE,2022F,360945,nominal,certified_configured_input,,,,brilcalc_direct,,0.039214998245,0.037027296718,91,1
2022,2022EE,2022F,360946,nominal,certified_configured_input,,,,brilcalc_direct,,0.147489584006,0.140509218205,364,1
2022,2022EE,2022F,360948,nominal,certified_configured_input,,,,brilcalc_direct,,0.042838873241,0.041029673893,119,1
2022,2022EE,2022F,360950,nominal,certified_configured_input,,,,brilcalc_direct,,0.217123984096,0.208551052542,716,1
2022,2022EE,2022F,360951,nominal,certified_configured_input,,,,brilcalc_direct,,0.045961027727,0.044294341529,190,1
2022,2022EE,2022F,360991,nominal,certified_configured_input,,,,brilcalc_direct,,0.027536143442,0.026559006332,230,1
2022,2022EE,2022F,360992,nominal,certified_configured_input,,,,brilcalc_direct,,0.010985449262,0.010715993408,99,1
2022,2022EE,2022F,361020,nominal,certified_configured_input,,,,brilcalc_direct,,0.026741650844,0.025566229333,397,1
2022,2022EE,2022F,361044,nominal,certified_configured_input,,,,brilcalc_direct,,0.048625967098,0.045717847671,125,1
2022,2022EE,2022F,361045,nominal,certified_configured_input,,,,brilcalc_direct,,0.393792985643,0.374202712841,945,1
2022,2022EE,2022F,361050,nominal,certified_configured_input,,,,brilcalc_direct,,0.00349090257,0.003135027836,10,1
2022,2022EE,2022F,361052,nominal,certified_configured_input,,,,brilcalc_direct,,0.021734933292,0.02060620896,65,1
2022,2022EE,2022F,361054,nominal,certified_configured_input,,,,brilcalc_direct,,0.13634168515,0.13058794297,461,1
2022,2022EE,2022F,361083,nominal,certified_configured_input,,,,brilcalc_direct,,0.007544231537,0.007088489952,54,1
2022,2022EE,2022F,361091,nominal,certified_configured_input,,,,brilcalc_direct,,0.050899230393,0.049382579008,381,1
2022,2022EE,2022F,361105,nominal,certified_configured_input,,,,brilcalc_direct,,0.147798786356,0.140271037679,408,1
2022,2022EE,2022F,361106,nominal,certified_configured_input,,,,brilcalc_direct,,0.011296438061,0.010513598905,31,1
2022,2022EE,2022F,361107,nominal,certified_configured_input,,,,brilcalc_direct,,0.057795900683,0.054759989134,156,1
2022,2022EE,2022F,361108,nominal,certified_configured_input,,,,brilcalc_direct,,0.002274179592,0.002061992007,6,1
2022,2022EE,2022F,361110,nominal,certified_configured_input,,,,brilcalc_direct,,0.068884368083,0.064906896074,197,1
2022,2022EE,2022F,361188,nominal,certified_configured_input,,,,brilcalc_direct,,0.060622642483,0.054129123899,141,1
2022,2022EE,2022F,361193,nominal,certified_configured_input,,,,brilcalc_direct,,0.012391055254,0.010965603171,29,1
2022,2022EE,2022F,361195,nominal,certified_configured_input,,,,brilcalc_direct,,0.00869633246,0.007869449795,20,1
2022,2022EE,2022F,361197,nominal,certified_configured_input,,,,brilcalc_direct,,0.733479008659,0.677599669584,2147,1
2022,2022EE,2022F,361223,nominal,certified_configured_input,,,,brilcalc_direct,,0.294711131824,0.270603821068,695,1
2022,2022EE,2022F,361239,nominal,certified_configured_input,,,,brilcalc_direct,,0.440277072148,0.420581331192,1051,1
2022,2022EE,2022F,361240,nominal,certified_configured_input,,,,brilcalc_direct,,0.300482565587,0.289529036322,1015,1
2022,2022EE,2022F,361272,nominal,certified_configured_input,,,,brilcalc_direct,,0.052070028395,0.049691618083,125,1
2022,2022EE,2022F,361280,nominal,certified_configured_input,,,,brilcalc_direct,,0.115310631499,0.109395165981,267,1
2022,2022EE,2022F,361283,nominal,certified_configured_input,,,,brilcalc_direct,,0.01123300197,0.010569162825,26,1
2022,2022EE,2022F,361284,nominal,certified_configured_input,,,,brilcalc_direct,,0.015342109752,0.014654333313,36,1
2022,2022EE,2022F,361297,nominal,certified_configured_input,,,,brilcalc_direct,,0.394951903285,0.376030136543,930,1
2022,2022EE,2022F,361303,nominal,certified_configured_input,,,,brilcalc_direct,,0.797148722927,0.763467955604,2230,1
2022,2022EE,2022F,361318,nominal,certified_configured_input,,,,brilcalc_direct,,0.19597323329,0.186720225852,457,1
2022,2022EE,2022F,361319,nominal,certified_configured_input,,,,brilcalc_direct,,0.070810026768,0.068127834714,162,1
2022,2022EE,2022F,361320,nominal,certified_configured_input,,,,brilcalc_direct,,0.153933602816,0.147433842615,382,1
2022,2022EE,2022F,361333,nominal,certified_configured_input,,,,brilcalc_direct,,0.125371336117,0.119553876207,302,1
2022,2022EE,2022F,361361,nominal,certified_configured_input,,,,brilcalc_direct,,0.018015764507,0.014922627774,45,1
2022,2022EE,2022F,361362,nominal,certified_configured_input,,,,brilcalc_direct,,0.006938083811,0.006330990072,28,1
2022,2022EE,2022F,361363,nominal,certified_configured_input,,,,brilcalc_direct,,0.009038133586,0.007933129927,22,1
2022,2022EE,2022F,361365,nominal,certified_configured_input,,,,brilcalc_direct,,0.202982571637,0.191586282354,466,1
2022,2022EE,2022F,361366,nominal,certified_configured_input,,,,brilcalc_direct,,0.077946932926,0.073492104593,201,1
2022,2022EE,2022F,361400,nominal,certified_configured_input,,,,brilcalc_direct,,0.192093753439,0.182377034581,456,1
2022,2022EE,2022F,361417,nominal,certified_configured_input,,,,brilcalc_direct,,0.636157086764,0.608633064398,1622,1
2022,2022EE,2022F,361443,nominal,certified_configured_input,,,,brilcalc_direct,,0.803395127049,0.771169124948,2274,1
2022,2022EE,2022F,361468,nominal,certified_configured_input,,,,brilcalc_direct,,0.735200712289,0.696631568563,1881,1
2022,2022EE,2022F,361475,nominal,certified_configured_input,,,,brilcalc_direct,,0.502537898812,0.4808256687,1228,1
2022,2022EE,2022F,361512,nominal,certified_configured_input,,,,brilcalc_direct,,0.600887503796,0.575840390548,1537,1
2022,2022EE,2022F,361569,nominal,certified_configured_input,,,,brilcalc_direct,,0.237080691284,0.226224267903,564,1
2022,2022EE,2022F,361573,nominal,certified_configured_input,,,,brilcalc_direct,,0.127506069206,0.121532868611,305,1
2022,2022EE,2022F,361579,nominal,certified_configured_input,,,,brilcalc_direct,,0.361010029695,0.342180648845,863,1
2022,2022EE,2022F,361580,nominal,certified_configured_input,,,,brilcalc_direct,,0.146208965585,0.140259308885,422,1
2022,2022EE,2022F,361957,nominal,certified_configured_input,,,,brilcalc_direct,,0.333436503132,0.323771435795,1163,1
2022,2022EE,2022F,361971,nominal,certified_configured_input,,,,brilcalc_direct,,0.837699518229,0.803779462693,2342,1
2022,2022EE,2022F,361989,nominal,certified_configured_input,,,,brilcalc_direct,,0.043391176187,0.041308701387,113,1
2022,2022EE,2022F,361990,nominal,certified_configured_input,,,,brilcalc_direct,,0.088003175576,0.084157252366,204,1
2022,2022EE,2022F,361994,nominal,certified_configured_input,,,,brilcalc_direct,,0.05034198226,0.047399398826,116,1
2022,2022EE,2022F,362058,nominal,certified_configured_input,,,,brilcalc_direct,,0.065870940254,0.061779812561,168,1
2022,2022EE,2022F,362059,nominal,certified_configured_input,,,,brilcalc_direct,,0.026636732558,0.025043044043,62,1
2022,2022EE,2022F,362060,nominal,certified_configured_input,,,,brilcalc_direct,,0.036658438933,0.035048335548,84,1
2022,2022EE,2022F,362061,nominal,certified_configured_input,,,,brilcalc_direct,,0.134489797581,0.127733369789,311,1
2022,2022EE,2022F,362062,nominal,certified_configured_input,,,,brilcalc_direct,,0.088109468551,0.083450957643,206,1
2022,2022EE,2022F,362063,nominal,certified_configured_input,,,,brilcalc_direct,,0.034246017989,0.032763130781,86,1
2022,2022EE,2022F,362064,nominal,certified_configured_input,,,,brilcalc_direct,,0.288038377552,0.277999080767,973,1
2022,2022EE,2022F,362087,nominal,certified_configured_input,,,,brilcalc_direct,,0.063964822768,0.060412713521,145,1
2022,2022EE,2022F,362091,nominal,certified_configured_input,,,,brilcalc_direct,,0.52013121083,0.496209918456,1418,1
2022,2022EE,2022F,362104,nominal,certified_configured_input,,,,brilcalc_direct,,0.043028023454,0.041085541592,115,1
2022,2022EE,2022F,362105,nominal,certified_configured_input,,,,brilcalc_direct,,0.076773989567,0.073123214396,179,1
2022,2022EE,2022F,362106,nominal,certified_configured_input,,,,brilcalc_direct,,0.033380821203,0.032288450531,78,1
2022,2022EE,2022F,362107,nominal,certified_configured_input,,,,brilcalc_direct,,0.328311770707,0.313860981785,782,1
2022,2022EE,2022F,362148,nominal,certified_configured_input,,,,brilcalc_direct,,0.303143002783,0.288720985022,720,1
2022,2022EE,2022F,362153,nominal,certified_configured_input,,,,brilcalc_direct,,0.06088853054,0.056974818648,140,1
2022,2022EE,2022F,362154,nominal,certified_configured_input,,,,brilcalc_direct,,0.276255421264,0.264980178976,784,1
2022,2022EE,2022F,362159,nominal,certified_configured_input,,,,brilcalc_direct,,0.00191514893,0.001662831823,7,1
2022,2022EE,2022F,362161,nominal,certified_configured_input,,,,brilcalc_direct,,0.051050558694,0.048928734738,120,1
2022,2022EE,2022F,362163,nominal,certified_configured_input,,,,brilcalc_direct,,0.027997266154,0.026361136829,65,1
2022,2022EE,2022F,362166,nominal,certified_configured_input,,,,brilcalc_direct,,0.142959132358,0.1373061727,331,1
2022,2022EE,2022F,362167,nominal,certified_configured_input,,,,brilcalc_direct,,0.266380907832,0.255683412485,646,1
2022,2022EE,2022G,362437,nominal,certified_configured_input,,,,brilcalc_direct,,0.011505451972,0.009766000296,31,1
2022,2022EE,2022G,362439,nominal,certified_configured_input,,,,brilcalc_direct,,0.528865964834,0.506073916669,1374,1
2022,2022EE,2022G,362597,nominal,certified_configured_input,,,,brilcalc_direct,,0.05978403966,0.057671469148,139,1
2022,2022EE,2022G,362614,nominal,certified_configured_input,,,,brilcalc_direct,,0.069212131806,0.064255070642,153,1
2022,2022EE,2022G,362615,nominal,certified_configured_input,,,,brilcalc_direct,,0.071404259138,0.066283169064,149,1
2022,2022EE,2022G,362616,nominal,certified_configured_input,,,,brilcalc_direct,,0.169143371252,0.15820313922,350,1
2022,2022EE,2022G,362617,nominal,certified_configured_input,,,,brilcalc_direct,,0.113832506599,0.107721529344,244,1
2022,2022EE,2022G,362618,nominal,certified_configured_input,,,,brilcalc_direct,,0.106631626044,0.100029975934,270,1
2022,2022EE,2022G,362653,nominal,certified_configured_input,,,,brilcalc_direct,,0.107975154222,0.102033855658,266,1
2022,2022EE,2022G,362654,nominal,certified_configured_input,,,,brilcalc_direct,,0.011470235105,0.010606216222,26,1
2022,2022EE,2022G,362655,nominal,certified_configured_input,,,,brilcalc_direct,,0.147807042423,0.140460919985,333,1
2022,2022EE,2022G,362657,nominal,certified_configured_input,,,,brilcalc_direct,,0.083689220313,0.080388441862,198,1
2022,2022EE,2022G,362695,nominal,certified_configured_input,,,,brilcalc_direct,,0.136457490627,0.128510059055,334,1
2022,2022EE,2022G,362696,nominal,certified_configured_input,,,,brilcalc_direct,,0.6094275888,0.585028573616,1711,1
2022,2022EE,2022G,362698,nominal,certified_configured_input,,,,brilcalc_direct,,0.083703240753,0.080857402061,374,1
2022,2022EE,2022G,362720,nominal,certified_configured_input,,,,brilcalc_direct,,0.372627843041,0.355541624447,898,1
2022,2022EE,2022G,362727,nominal,certified_configured_input,,,,brilcalc_direct,,0.001603379916,0.001411171662,4,1
2022,2022EE,2022G,362728,nominal,certified_configured_input,,,,brilcalc_direct,,0.15060701757,0.14354210221,388,1
2022,2022EE,2022G,362757,nominal,certified_configured_input,,,,brilcalc_direct,,0.02136420771,0.01951011495,62,1
2022,2022EE,2022G,362758,nominal,certified_configured_input,,,,brilcalc_direct,,0.087135713156,0.082564201719,205,1
2022,2022EE,2022G,362760,nominal,certified_configured_input,,,,brilcalc_direct,,0.295604737556,0.282294081249,728,1
2023,2023,2023C_v1,367095,nominal,certified_configured_input,,,,brilcalc_direct,,0.11688324687,0.110171875239,564,1
2023,2023,2023C_v1,367100,nominal,certified_configured_input,,,,brilcalc_direct,,0.069286440237,0.065526259536,344,1
2023,2023,2023C_v1,367102,nominal,certified_configured_input,,,,brilcalc_direct,,0.016405627799,0.015187518447,75,1
2023,2023,2023C_v1,367103,nominal,certified_configured_input,,,,brilcalc_direct,,0.014067564562,0.012882763783,64,1
2023,2023,2023C_v1,367104,nominal,certified_configured_input,,,,brilcalc_direct,,0.192232382288,0.184289842394,1082,1
2023,2023,2023C_v1,367111,nominal,certified_configured_input,,,,brilcalc_direct,,0.055671958823,0.051887679569,286,1
2023,2023,2023C_v1,367112,nominal,certified_configured_input,,,,brilcalc_direct,,0.256673563271,0.245232203526,1438,1
2023,2023,2023C_v1,367127,nominal,certified_configured_input,,,,brilcalc_direct,,0.099053288828,0.092910704787,331,1
2023,2023,2023C_v1,367128,nominal,certified_configured_input,,,,brilcalc_direct,,0.002420474813,0.002159831284,7,1
2023,2023,2023C_v1,367129,nominal,certified_configured_input,,,,brilcalc_direct,,0.001019310902,0.000975457359,3,1
2023,2023,2023C_v1,367130,nominal,certified_configured_input,,,,brilcalc_direct,,0.043362509377,0.041028317463,153,1
2023,2023,2023C_v1,367131,nominal,certified_configured_input,,,,brilcalc_direct,,0.039464588243,0.038008306674,148,1
2023,2023,2023C_v1,367133,nominal,certified_configured_input,,,,brilcalc_direct,,0.083468828256,0.080092046452,275,1
2023,2023,2023C_v1,367228,nominal,certified_configured_input,,,,brilcalc_direct,,0.058405420254,0.054915347637,239,1
2023,2023,2023C_v1,367229,nominal,certified_configured_input,,,,brilcalc_direct,,0.011648891066,0.01089755985,34,1
2023,2023,2023C_v1,367230,nominal,certified_configured_input,,,,brilcalc_direct,,0.000335977023,0.000301488206,1,1
2023,2023,2023C_v1,367231,nominal,certified_configured_input,,,,brilcalc_direct,,0.007541358469,0.006913092271,22,1
2023,2023,2023C_v1,367232,nominal,certified_configured_input,,,,brilcalc_direct,,0.3225182992,0.309857848619,992,1
2023,2023,2023C_v1,367234,nominal,certified_configured_input,,,,brilcalc_direct,,0.130322670054,0.125751165198,501,1
2023,2023,2023C_v1,367260,nominal,certified_configured_input,,,,brilcalc_direct,,0.052330358291,0.049707530014,187,1
2023,2023,2023C_v1,367262,nominal,certified_configured_input,,,,brilcalc_direct,,0.089593040395,0.083492648999,262,1
2023,2023,2023C_v1,367263,nominal,certified_configured_input,,,,brilcalc_direct,,0.004056192063,0.003420833872,12,1
2023,2023,2023C_v1,367264,nominal,certified_configured_input,,,,brilcalc_direct,,0.229657019202,0.218953398259,847,1
2023,2023,2023C_v1,367267,nominal,certified_configured_input,,,,brilcalc_direct,,0.066242896635,0.061926285832,278,1
2023,2023,2023C_v1,367269,nominal,certified_configured_input,,,,brilcalc_direct,,0.010892293949,0.009490567712,32,1
2023,2023,2023C_v1,367270,nominal,certified_configured_input,,,,brilcalc_direct,,0.287792706217,0.273164888749,960,1
2023,2023,2023C_v1,367271,nominal,certified_configured_input,,,,brilcalc_direct,,0.030576981414,0.029340572158,135,1
2023,2023,2023C_v1,367312,nominal,certified_configured_input,,,,brilcalc_direct,,0.045472716279,0.042630218725,216,1
2023,2023,2023C_v1,367314,nominal,certified_configured_input,,,,brilcalc_direct,,0.006857539213,0.006277161313,20,1
2023,2023,2023C_v1,367315,nominal,certified_configured_input,,,,brilcalc_direct,,0.25855373162,0.247460492799,893,1
2023,2023,2023C_v1,367334,nominal,certified_configured_input,,,,brilcalc_direct,,0.092205871837,0.084799795674,299,1
2023,2023,2023C_v1,367336,nominal,certified_configured_input,,,,brilcalc_direct,,0.066415947281,0.06321231857,169,1
2023,2023,2023C_v1,367337,nominal,certified_configured_input,,,,brilcalc_direct,,0.298584935837,0.287434662367,1046,1
2023,2023,2023C_v1,367355,nominal,certified_configured_input,,,,brilcalc_direct,,0.000945487483,0.000812009427,4,1
2023,2023,2023C_v1,367406,nominal,certified_configured_input,,,,brilcalc_direct,,0.160749159278,0.151138077881,429,1
2023,2023,2023C_v1,367413,nominal,certified_configured_input,,,,brilcalc_direct,,0.428402835401,0.404715350296,1293,1
2023,2023,2023C_v1,367415,nominal,certified_configured_input,,,,brilcalc_direct,,0.022721463587,0.021993695925,97,1
2023,2023,2023C_v1,367416,nominal,certified_configured_input,,,,brilcalc_direct,,0.012354221264,0.011794201468,55,1
2023,2023,2023C_v1,367475,nominal,certified_configured_input,,,,brilcalc_direct,,0.237537094628,0.219244371499,575,1
2023,2023,2023C_v1,367477,nominal,certified_configured_input,,,,brilcalc_direct,,0.406144047175,0.390471276967,1289,1
2023,2023,2023C_v1,367515,nominal,certified_configured_input,,,,brilcalc_direct,,0.250628409881,0.232532319625,625,1
2023,2023,2023C_v2,367516,nominal,certified_configured_input,,,,brilcalc_direct,,0.433628295477,0.410243723769,1235,1
2023,2023,2023C_v2,367552,nominal,certified_configured_input,,,,brilcalc_direct,,0.001100122654,0.000882741866,10,1
2023,2023,2023C_v2,367553,nominal,certified_configured_input,,,,brilcalc_direct,,0.273802199149,0.259564737263,644,1
2023,2023,2023C_v2,367554,nominal,certified_configured_input,,,,brilcalc_direct,,0.129329921493,0.122434113939,312,1
2023,2023,2023C_v2,367615,nominal,certified_configured_input,,,,brilcalc_direct,,0.171091610037,0.162169952357,432,1
2023,2023,2023C_v2,367618,nominal,certified_configured_input,,,,brilcalc_direct,,0.140538975945,0.13356763574,324,1
2023,2023,2023C_v2,367619,nominal,certified_configured_input,,,,brilcalc_direct,,0.188631859243,0.181886390495,577,1
2023,2023,2023C_v3,367661,nominal,certified_configured_input,,,,brilcalc_direct,,0.117523754345,0.109701676896,317,1
2023,2023,2023C_v3,367662,nominal,certified_configured_input,,,,brilcalc_direct,,0.008164312197,0.007335237123,18,1
2023,2023,2023C_v3,367663,nominal,certified_configured_input,,,,brilcalc_direct,,0.000445294437,0.000407231292,1,1
2023,2023,2023C_v3,367665,nominal,certified_configured_input,,,,brilcalc_direct,,0.122765309061,0.113724192166,271,1
2023,2023,2023C_v3,367666,nominal,certified_configured_input,,,,brilcalc_direct,,0.037119682156,0.033943965335,82,1
2023,2023,2023C_v3,367691,nominal,certified_configured_input,,,,brilcalc_direct,,0.04855008734,0.044403844509,156,1
2023,2023,2023C_v3,367696,nominal,certified_configured_input,,,,brilcalc_direct,,0.674678724882,0.642045153889,1912,1
2023,2023,2023C_v3,367699,nominal,certified_configured_input,,,,brilcalc_direct,,0.030245052164,0.029479372626,151,1
2023,2023,2023C_v3,367730,nominal,certified_configured_input,,,,brilcalc_direct,,0.205952305896,0.192153696877,515,1
2023,2023,2023C_v3,367742,nominal,certified_configured_input,,,,brilcalc_direct,,0.16203975029,0.154596164141,405,1
2023,2023,2023C_v3,367758,nominal,certified_configured_input,,,,brilcalc_direct,,0.293180841491,0.278638549404,716,1
2023,2023,2023C_v4,367770,nominal,certified_configured_input,,,,brilcalc_direct,,0.047932116935,0.044758816682,152,1
2023,2023,2023C_v4,367771,nominal,certified_configured_input,,,,brilcalc_direct,,0.043710190672,0.040964021152,91,1
2023,2023,2023C_v4,367772,nominal,certified_configured_input,,,,brilcalc_direct,,0.002819064263,0.002200859975,6,1
2023,2023,2023C_v4,367790,nominal,certified_configured_input,,,,brilcalc_direct,,0.053790931465,0.050126218875,160,1
2023,2023,2023C_v4,367831,nominal,certified_configured_input,,,,brilcalc_direct,,0.196011598492,0.185670104937,452,1
2023,2023,2023C_v4,367836,nominal,certified_configured_input,,,,brilcalc_direct,,0.235488580837,0.223847377092,540,1
2023,2023,2023C_v4,367838,nominal,certified_configured_input,,,,brilcalc_direct,,0.342654969249,0.327161342604,790,1
2023,2023,2023C_v4,367840,nominal,certified_configured_input,,,,brilcalc_direct,,0.174445969257,0.168099507906,570,1
2023,2023,2023C_v4,367881,nominal,certified_configured_input,,,,brilcalc_direct,,0.05068246375,0.048053871599,139,1
2023,2023,2023C_v4,367883,nominal,certified_configured_input,,,,brilcalc_direct,,0.501792362382,0.475578217049,1049,1
2023,2023,2023C_v4,367884,nominal,certified_configured_input,,,,brilcalc_direct,,0.332134907111,0.319923631007,1011,1
2023,2023,2023C_v4,367902,nominal,certified_configured_input,,,,brilcalc_direct,,0.092659393349,0.08727090388,232,1
2023,2023,2023C_v4,367904,nominal,certified_configured_input,,,,brilcalc_direct,,0.049548224629,0.04530641468,102,1
2023,2023,2023C_v4,367905,nominal,certified_configured_input,,,,brilcalc_direct,,0.023322277075,0.021649381652,48,1
2023,2023,2023C_v4,367906,nominal,certified_configured_input,,,,brilcalc_direct,,0.165352723286,0.153387008911,339,1
2023,2023,2023C_v4,367907,nominal,certified_configured_input,,,,brilcalc_direct,,0.057864710221,0.05171788902,119,1
2023,2023,2023C_v4,367908,nominal,certified_configured_input,,,,brilcalc_direct,,0.155056433554,0.145629396722,357,1
2023,2023,2023C_v4,367910,nominal,certified_configured_input,,,,brilcalc_direct,,0.201106447159,0.194189596356,593,1
2023,2023,2023C_v4,368223,nominal,certified_configured_input,,,,brilcalc_direct,,0.050435755212,0.043952054028,435,1
2023,2023,2023C_v4,368224,nominal,certified_configured_input,,,,brilcalc_direct,,0.006998255213,0.006512157223,57,1
2023,2023,2023C_v4,368229,nominal,certified_configured_input,,,,brilcalc_direct,,0.098110824784,0.09342295304,518,1
2023,2023,2023C_v4,368318,nominal,certified_configured_input,,,,brilcalc_direct,,0.067860962122,0.064403354687,282,1
2023,2023,2023C_v4,368320,nominal,certified_configured_input,,,,brilcalc_direct,,0.082197404658,0.078879628763,285,1
2023,2023,2023C_v4,368321,nominal,certified_configured_input,,,,brilcalc_direct,,0.083471265852,0.079861683814,337,1
2023,2023,2023C_v4,368332,nominal,certified_configured_input,,,,brilcalc_direct,,0.002447771976,0.002360127113,14,1
2023,2023,2023C_v4,368333,nominal,certified_configured_input,,,,brilcalc_direct,,0.004310063061,0.004123253553,22,1
2023,2023,2023C_v4,368343,nominal,certified_configured_input,,,,brilcalc_direct,,0.101150487949,0.096737625637,328,1
2023,2023,2023C_v4,368382,nominal,certified_configured_input,,,,brilcalc_direct,,0.223277480787,0.21190105041,756,1
2023,2023,2023C_v4,368384,nominal,certified_configured_input,,,,brilcalc_direct,,0.012114126312,0.011433677471,44,1
2023,2023,2023C_v4,368388,nominal,certified_configured_input,,,,brilcalc_direct,,0.381698377804,0.363606755483,1429,1
2023,2023,2023C_v4,368389,nominal,certified_configured_input,,,,brilcalc_direct,,0.03618928239,0.034969769737,198,1
2023,2023,2023C_v4,368400,nominal,certified_configured_input,,,,brilcalc_direct,,0.069376428412,0.06533554571,232,1
2023,2023,2023C_v4,368410,nominal,certified_configured_input,,,,brilcalc_direct,,0.447579973601,0.42525963312,1453,1
2023,2023,2023C_v4,368412,nominal,certified_configured_input,,,,brilcalc_direct,,0.018571863197,0.017850067373,92,1
2023,2023,2023C_v4,368423,nominal,certified_configured_input,,,,brilcalc_direct,,0.201981901472,0.192432310812,474,1
2023,2023,2023C_v4,368451,nominal,certified_configured_input,,,,brilcalc_direct,,0.061019361098,0.057373214883,141,1
2023,2023,2023C_v4,368453,nominal,certified_configured_input,,,,brilcalc_direct,,0.000396072724,0.000294970555,1,1
2023,2023,2023C_v4,368454,nominal,certified_configured_input,,,,brilcalc_direct,,0.347325526684,0.333419527264,1165,1
2023,2023,2023C_v4,368489,nominal,certified_configured_input,,,,brilcalc_direct,,0.545069001478,0.522649383212,1537,1
2023,2023,2023C_v4,368546,nominal,certified_configured_input,,,,brilcalc_direct,,0.297951544989,0.279560370769,655,1
2023,2023,2023C_v4,368547,nominal,certified_configured_input,,,,brilcalc_direct,,0.250696254779,0.23811937759,673,1
2023,2023,2023C_v4,368548,nominal,certified_configured_input,,,,brilcalc_direct,,0.250508802817,0.241567166531,1038,1
2023,2023,2023C_v4,368566,nominal,certified_configured_input,,,,brilcalc_direct,,0.509202952221,0.480560978723,1195,1
2023,2023,2023C_v4,368567,nominal,certified_configured_input,,,,brilcalc_direct,,0.13288655954,0.12704469257,433,1
2023,2023,2023C_v4,368609,nominal,certified_configured_input,,,,brilcalc_direct,,0.427366437866,0.40778553951,999,1
2023,2023,2023C_v4,368611,nominal,certified_configured_input,,,,brilcalc_direct,,0.124142129433,0.119515106107,381,1
2023,2023,2023C_v4,368613,nominal,certified_configured_input,,,,brilcalc_direct,,0.070404165649,0.068043682929,260,1
2023,2023,2023C_v4,368636,nominal,certified_configured_input,,,,brilcalc_direct,,0.328867954151,0.313950743486,769,1
2023,2023,2023C_v4,368669,nominal,certified_configured_input,,,,brilcalc_direct,,0.165638545606,0.157473707348,369,1
2023,2023,2023C_v4,368670,nominal,certified_configured_input,,,,brilcalc_direct,,0.120835022471,0.114939662883,255,1
2023,2023,2023C_v4,368672,nominal,certified_configured_input,,,,brilcalc_direct,,0.306148327551,0.293583818635,866,1
2023,2023,2023C_v4,368674,nominal,certified_configured_input,,,,brilcalc_direct,,0.002779996539,0.002393005276,11,1
2023,2023,2023C_v4,368675,nominal,certified_configured_input,,,,brilcalc_direct,,0.012361974045,0.011092736458,50,1
2023,2023,2023C_v4,368676,nominal,certified_configured_input,,,,brilcalc_direct,,0.036452805151,0.03516172281,155,1
2023,2023,2023C_v4,368678,nominal,certified_configured_input,,,,brilcalc_direct,,0.037282319363,0.036114645621,171,1
2023,2023,2023C_v4,368684,nominal,certified_configured_input,,,,brilcalc_direct,,0.026461081942,0.024181767629,95,1
2023,2023,2023C_v4,368685,nominal,certified_configured_input,,,,brilcalc_direct,,0.587711885743,0.563237419357,1481,1
2023,2023,2023C_v4,368723,nominal,certified_configured_input,,,,brilcalc_direct,,0.033962368104,0.03278123704,92,1
2023,2023,2023C_v4,368724,nominal,certified_configured_input,,,,brilcalc_direct,,0.52401105179,0.498598111212,1199,1
2023,2023,2023C_v4,368746,nominal,certified_configured_input,,,,brilcalc_direct,,0.008972337882,0.008269401287,39,1
2023,2023,2023C_v4,368749,nominal,certified_configured_input,,,,brilcalc_direct,,0.076807952866,0.072065072374,168,1
2023,2023,2023C_v4,368753,nominal,certified_configured_input,,,,brilcalc_direct,,0.430733566314,0.410134541177,976,1
2023,2023,2023C_v4,368762,nominal,certified_configured_input,,,,brilcalc_direct,,0.073454726915,0.068924086697,192,1
2023,2023,2023C_v4,368764,nominal,certified_configured_input,,,,brilcalc_direct,,0.000474583335,0.000424110956,1,1
2023,2023,2023C_v4,368765,nominal,certified_configured_input,,,,brilcalc_direct,,0.559930420731,0.537153844378,1386,1
2023,2023,2023C_v4,368822,nominal,certified_configured_input,,,,brilcalc_direct,,0.415732917489,0.395455359401,945,1
2023,2023,2023C_v4,368823,nominal,certified_configured_input,,,,brilcalc_direct,,0.013593059784,0.012033419366,33,1
2023,2023BPix,2023D_v1,369927,nominal,certified_configured_input,,,,brilcalc_direct,,0.003269543098,0.003221414228,340,1
2023,2023BPix,2023D_v1,369943,nominal,certified_configured_input,,,,brilcalc_direct,,0.030001757429,0.029335067719,384,1
2023,2023BPix,2023D_v1,369956,nominal,certified_configured_input,,,,brilcalc_direct,,0.090407079322,0.088190012167,1040,1
2023,2023BPix,2023D_v1,369978,nominal,certified_configured_input,,,,brilcalc_direct,,0.173255778094,0.166788109138,782,1
2023,2023BPix,2023D_v1,369998,nominal,certified_configured_input,,,,brilcalc_direct,,0.05940011458,0.05521794974,178,1
2023,2023BPix,2023D_v1,369999,nominal,certified_configured_input,,,,brilcalc_direct,,0.01630427829,0.014803331006,41,1
2023,2023BPix,2023D_v1,370093,nominal,certified_configured_input,,,,brilcalc_direct,,0.159620851966,0.152450114697,450,1
2023,2023BPix,2023D_v1,370097,nominal,certified_configured_input,,,,brilcalc_direct,,0.135944456615,0.129227887983,354,1
2023,2023BPix,2023D_v1,370102,nominal,certified_configured_input,,,,brilcalc_direct,,0.212587141163,0.20500685122,762,1
2023,2023BPix,2023D_v1,370129,nominal,certified_configured_input,,,,brilcalc_direct,,0.215042495419,0.20578512435,510,1
2023,2023BPix,2023D_v1,370144,nominal,certified_configured_input,,,,brilcalc_direct,,0.406429161732,0.391834686836,1328,1
2023,2023BPix,2023D_v1,370169,nominal,certified_configured_input,,,,brilcalc_direct,,0.541467957855,0.505985452823,1330,1
2023,2023BPix,2023D_v1,370172,nominal,certified_configured_input,,,,brilcalc_direct,,0.080313009159,0.075691765477,300,1
2023,2023BPix,2023D_v1,370175,nominal,certified_configured_input,,,,brilcalc_direct,,0.717767800296,0.685001487955,1689,1
2023,2023BPix,2023D_v1,370293,nominal,certified_configured_input,,,,brilcalc_direct,,0.683109106372,0.651227916829,1578,1
2023,2023BPix,2023D_v1,370294,nominal,certified_configured_input,,,,brilcalc_direct,,0.182662593944,0.176074950237,668,1
2023,2023BPix,2023D_v1,370300,nominal,certified_configured_input,,,,brilcalc_direct,,0.444186807174,0.423261189352,961,1
2023,2023BPix,2023D_v1,370304,nominal,certified_configured_input,,,,brilcalc_direct,,0.126138523924,0.120790985133,325,1
2023,2023BPix,2023D_v1,370307,nominal,certified_configured_input,,,,brilcalc_direct,,0.211223913424,0.203834407965,708,1
2023,2023BPix,2023D_v1,370321,nominal,certified_configured_input,,,,brilcalc_direct,,0.001884129045,0.001703717172,14,1
2023,2023BPix,2023D_v1,370332,nominal,certified_configured_input,,,,brilcalc_direct,,0.753574539163,0.717563153411,1965,1
2023,2023BPix,2023D_v1,370340,nominal,certified_configured_input,,,,brilcalc_direct,,0.352769857597,0.334021262669,756,1
2023,2023BPix,2023D_v1,370354,nominal,certified_configured_input,,,,brilcalc_direct,,0.118085439904,0.113435716351,278,1
2023,2023BPix,2023D_v1,370357,nominal,certified_configured_input,,,,brilcalc_direct,,0.33666516466,0.323184997961,801,1
2023,2023BPix,2023D_v1,370406,nominal,certified_configured_input,,,,brilcalc_direct,,0.372652096891,0.354597935456,825,1
2023,2023BPix,2023D_v1,370436,nominal,certified_configured_input,,,,brilcalc_direct,,0.011444544358,0.01062180768,31,1
2023,2023BPix,2023D_v1,370460,nominal,certified_configured_input,,,,brilcalc_direct,,0.034561000196,0.033210161458,116,1
2023,2023BPix,2023D_v1,370472,nominal,certified_configured_input,,,,brilcalc_direct,,0.009908432819,0.00977144161,42,1
2023,2023BPix,2023D_v1,370497,nominal,certified_configured_input,,,,brilcalc_direct,,0.607279402071,0.57880238228,1428,1
2023,2023BPix,2023D_v1,370522,nominal,certified_configured_input,,,,brilcalc_direct,,0.140253049582,0.133665493837,322,1
2023,2023BPix,2023D_v1,370560,nominal,certified_configured_input,,,,brilcalc_direct,,0.153174142162,0.146562416748,348,1
2023,2023BPix,2023D_v1,370579,nominal,certified_configured_input,,,,brilcalc_direct,,0.025707279167,0.024655761654,85,1
2023,2023BPix,2023D_v1,370580,nominal,certified_configured_input,,,,brilcalc_direct,,0.962205690362,0.920510302708,2866,1
2023,2023BPix,2023D_v2,370667,nominal,certified_configured_input,,,,brilcalc_direct,,0.040108302265,0.037785902468,100,1
2023,2023BPix,2023D_v2,370717,nominal,certified_configured_input,,,,brilcalc_direct,,0.038234666483,0.036525275739,119,1
2023,2023BPix,2023D_v2,370725,nominal,certified_configured_input,,,,brilcalc_direct,,0.183740055197,0.173681171516,412,1
2023,2023BPix,2023D_v2,370749,nominal,certified_configured_input,,,,brilcalc_direct,,0.660772862939,0.629573644604,1488,1
2023,2023BPix,2023D_v2,370753,nominal,certified_configured_input,,,,brilcalc_direct,,0.077767344926,0.075000827828,249,1
2023,2023BPix,2023D_v2,370772,nominal,certified_configured_input,,,,brilcalc_direct,,0.572692406759,0.544246337947,1219,1
2023,2023BPix,2023D_v2,370774,nominal,certified_configured_input,,,,brilcalc_direct,,0.061213218874,0.056310573252,159,1
2023,2023BPix,2023D_v2,370775,nominal,certified_configured_input,,,,brilcalc_direct,,0.058824514275,0.054542550768,168,1
2023,2023BPix,2023D_v2,370776,nominal,certified_configured_input,,,,brilcalc_direct,,0.100211497681,0.096389143867,326,1
2023,2023BPix,2023D_v2,370790,nominal,certified_configured_input,,,,brilcalc_direct,,0.00344168167,0.003039346548,23,1
2024,2024,2024C,379416,nominal,certified_configured_input,,,,brilcalc_direct,,0.042302618583,0.03973929728,195,1
2024,2024,2024C,379420,nominal,certified_configured_input,,,,brilcalc_direct,,0.112231007125,0.105982736038,516,1
2024,2024,2024C,379425,nominal,certified_configured_input,,,,brilcalc_direct,,0.038972167747,0.0366832263,203,1
2024,2024,2024C,379433,nominal,certified_configured_input,,,,brilcalc_direct,,0.001452341436,0.001323472362,21,1
2024,2024,2024C,379442,nominal,certified_configured_input,,,,brilcalc_direct,,0.055827095959,0.052547243807,269,1
2024,2024,2024C,379454,nominal,certified_configured_input,,,,brilcalc_direct,,0.108591617582,0.09875407918,498,1
2024,2024,2024C,379456,nominal,certified_configured_input,,,,brilcalc_direct,,0.213445539492,0.200976635762,1197,1
2024,2024,2024C,379470,nominal,certified_configured_input,,,,brilcalc_direct,,0.175730275476,0.165609071893,793,1
2024,2024,2024C,379530,nominal,certified_configured_input,,,,brilcalc_direct,,0.192173306369,0.179570530398,593,1
2024,2024,2024C,379613,nominal,certified_configured_input,,,,brilcalc_direct,,0.032001559574,0.030231738202,120,1
2024,2024,2024C,379617,nominal,certified_configured_input,,,,brilcalc_direct,,0.226085891468,0.212309080389,664,1
2024,2024,2024C,379618,nominal,certified_configured_input,,,,brilcalc_direct,,0.102753435768,0.098972815438,360,1
2024,2024,2024C,379660,nominal,certified_configured_input,,,,brilcalc_direct,,0.436813729435,0.421732981633,1505,1
2024,2024,2024C,379661,nominal,certified_configured_input,,,,brilcalc_direct,,0.08102328121,0.079938078494,406,1
2024,2024,2024C,379729,nominal,certified_configured_input,,,,brilcalc_direct,,0.460950459997,0.447410320851,1463,1
2024,2024,2024C,379765,nominal,certified_configured_input,,,,brilcalc_direct,,0.558414723071,0.5310749082,1693,1
2024,2024,2024C,379774,nominal,certified_configured_input,,,,brilcalc_direct,,0.052273070438,0.049837677436,157,1
2024,2024,2024C,379866,nominal,certified_configured_input,,,,brilcalc_direct,,0.282723363143,0.27524404244,1347,1
2024,2024,2024C,379984,nominal,certified_configured_input,,,,brilcalc_direct,,0.239380442282,0.232981499317,912,1
2024,2024,2024C,380001,nominal,certified_configured_input,,,,brilcalc_direct,,0.240391222348,0.232005113805,691,1
2024,2024,2024C,380005,nominal,certified_configured_input,,,,brilcalc_direct,,0.369117123377,0.353810129551,1062,1
2024,2024,2024C,380007,nominal,certified_configured_input,,,,brilcalc_direct,,0.037089384717,0.035264726425,129,1
2024,2024,2024C,380029,nominal,certified_configured_input,,,,brilcalc_direct,,0.0113210987,0.010437277313,55,1
2024,2024,2024C,380030,nominal,certified_configured_input,,,,brilcalc_direct,,0.146195554684,0.139137837174,345,1
2024,2024,2024C,380032,nominal,certified_configured_input,,,,brilcalc_direct,,0.007326906866,0.006893191114,19,1
2024,2024,2024C,380033,nominal,certified_configured_input,,,,brilcalc_direct,,0.020872204496,0.019916816403,53,1
2024,2024,2024C,380043,nominal,certified_configured_input,,,,brilcalc_direct,,0.360544123651,0.344192146828,897,1
2024,2024,2024C,380049,nominal,certified_configured_input,,,,brilcalc_direct,,0.354761273409,0.335419813801,869,1
2024,2024,2024C,380051,nominal,certified_configured_input,,,,brilcalc_direct,,0.22566924972,0.219469056302,727,1
2024,2024,2024C,380052,nominal,certified_configured_input,,,,brilcalc_direct,,0.003085717756,0.002885007439,12,1
2024,2024,2024C,380053,nominal,certified_configured_input,,,,brilcalc_direct,,0.031777842293,0.03078864737,128,1
2024,2024,2024C,380056,nominal,certified_configured_input,,,,brilcalc_direct,,0.037444612014,0.036019109903,168,1
2024,2024,2024C,380066,nominal,certified_configured_input,,,,brilcalc_direct,,0.221684627822,0.210980837148,552,1
2024,2024,2024C,380074,nominal,certified_configured_input,,,,brilcalc_direct,,0.490260583818,0.469241636966,1306,1
2024,2024,2024C,380115,nominal,certified_configured_input,,,,brilcalc_direct,,0.636557569262,0.611711274075,1792,1
2024,2024,2024C,380126,nominal,certified_configured_input,,,,brilcalc_direct,,0.408198860778,0.382442468913,951,1
2024,2024,2024C,380127,nominal,certified_configured_input,,,,brilcalc_direct,,0.175783995925,0.170658996729,533,1
2024,2024,2024C,380128,nominal,certified_configured_input,,,,brilcalc_direct,,0.1032474438,0.100621331983,387,1
2024,2024,2024C,380195,nominal,certified_configured_input,,,,brilcalc_direct,,0.003209462584,0.002949138742,7,1
2024,2024,2024C,380197,nominal,certified_configured_input,,,,brilcalc_direct,,0.164541939867,0.155632781375,357,1
2024,2024,2024C,380235,nominal,certified_configured_input,,,,brilcalc_direct,,0.102301839796,0.095850024218,256,1
2024,2024,2024C,380236,nominal,certified_configured_input,,,,brilcalc_direct,,0.026299128761,0.023499725602,57,1
2024,2024,2024C,380238,nominal,certified_configured_input,,,,brilcalc_direct,,0.011489526575,0.010682711816,25,1
2024,2024,2024D,380306,nominal,certified_configured_input,,,,brilcalc_direct,,0.097303389111,0.091764200742,242,1
2024,2024,2024D,380308,nominal,certified_configured_input,,,,brilcalc_direct,,0.016140741706,0.013541995576,35,1
2024,2024,2024D,380309,nominal,certified_configured_input,,,,brilcalc_direct,,0.158740269466,0.150219534959,345,1
2024,2024,2024D,380310,nominal,certified_configured_input,,,,brilcalc_direct,,0.383474011118,0.37081353571,1130,1
2024,2024,2024D,380346,nominal,certified_configured_input,,,,brilcalc_direct,,0.242878130828,0.228090040331,566,1
2024,2024,2024D,380348,nominal,certified_configured_input,,,,brilcalc_direct,,0.137327300084,0.130278727967,341,1
2024,2024,2024D,380349,nominal,certified_configured_input,,,,brilcalc_direct,,0.212329213197,0.205800031111,695,1
2024,2024,2024D,380360,nominal,certified_configured_input,,,,brilcalc_direct,,0.682828627193,0.657452763081,1927,1
2024,2024,2024D,380377,nominal,certified_configured_input,,,,brilcalc_direct,,0.180695179847,0.170866969011,420,1
2024,2024,2024D,380384,nominal,certified_configured_input,,,,brilcalc_direct,,0.329817936795,0.312366964532,751,1
2024,2024,2024D,380385,nominal,certified_configured_input,,,,brilcalc_direct,,0.396333026662,0.38260698798,1247,1
2024,2024,2024D,380399,nominal,certified_configured_input,,,,brilcalc_direct,,0.20911648941,0.198896580385,494,1
2024,2024,2024D,380403,nominal,certified_configured_input,,,,brilcalc_direct,,0.106795283613,0.101791084111,251,1
2024,2024,2024D,380444,nominal,certified_configured_input,,,,brilcalc_direct,,0.144764698504,0.135045721632,324,1
2024,2024,2024D,380446,nominal,certified_configured_input,,,,brilcalc_direct,,0.411385579673,0.394005031012,1026,1
2024,2024,2024D,380447,nominal,certified_configured_input,,,,brilcalc_direct,,0.209512994055,0.204667482408,810,1
2024,2024,2024D,380466,nominal,certified_configured_input,,,,brilcalc_direct,,0.206984283782,0.192222580117,477,1
2024,2024,2024D,380470,nominal,certified_configured_input,,,,brilcalc_direct,,0.525490870326,0.509965007688,1633,1
2024,2024,2024D,380481,nominal,certified_configured_input,,,,brilcalc_direct,,0.377760527479,0.356386217616,860,1
2024,2024,2024D,380513,nominal,certified_configured_input,,,,brilcalc_direct,,0.49023703251,0.466116001123,1157,1
2024,2024,2024D,380517,nominal,certified_configured_input,,,,brilcalc_direct,,0.013369860287,0.012659802475,39,1
2024,2024,2024D,380531,nominal,certified_configured_input,,,,brilcalc_direct,,0.438484571369,0.414961358031,1017,1
2024,2024,2024D,380534,nominal,certified_configured_input,,,,brilcalc_direct,,0.227128248024,0.221083888251,744,1
2024,2024,2024D,380537,nominal,certified_configured_input,,,,brilcalc_direct,,0.014412416535,0.013896265936,58,1
2024,2024,2024D,380538,nominal,certified_configured_input,,,,brilcalc_direct,,0.032660103022,0.031991431138,144,1
2024,2024,2024D,380564,nominal,certified_configured_input,,,,brilcalc_direct,,0.328355747412,0.310133431838,742,1
2024,2024,2024D,380567,nominal,certified_configured_input,,,,brilcalc_direct,,0.342637165105,0.333589456734,1079,1
2024,2024,2024D,380623,nominal,certified_configured_input,,,,brilcalc_direct,,0.165282907137,0.155157157746,388,1
2024,2024,2024D,380624,nominal,certified_configured_input,,,,brilcalc_direct,,0.332350388106,0.316711086098,809,1
2024,2024,2024D,380625,nominal,certified_configured_input,,,,brilcalc_direct,,0.002318535028,0.002157333276,7,1
2024,2024,2024D,380626,nominal,certified_configured_input,,,,brilcalc_direct,,0.004592181235,0.004254976373,14,1
2024,2024,2024D,380627,nominal,certified_configured_input,,,,brilcalc_direct,,0.220275826017,0.21522914527,808,1
2024,2024,2024D,380647,nominal,certified_configured_input,,,,brilcalc_direct,,0.165125432113,0.149882225083,375,1
2024,2024,2024D,380649,nominal,certified_configured_input,,,,brilcalc_direct,,0.170076427829,0.160467141815,401,1
2024,2024,2024D,380933,nominal,certified_configured_input,,,,brilcalc_direct,,0.012172160513,0.012059978229,772,1
2024,2024,2024D,380945,nominal,certified_configured_input,,,,brilcalc_direct,,0.101537239275,0.095811091646,245,1
2024,2024,2024D,380947,nominal,certified_configured_input,,,,brilcalc_direct,,0.266785223909,0.259026958773,822,1
2024,2024,2024E,380963,nominal,certified_configured_input,,,,brilcalc_direct,,0.376328962812,0.358928108935,922,1
2024,2024,2024E,381022,nominal,certified_configured_input,,,,brilcalc_direct,,0.216066351202,0.204687475002,585,1
2024,2024,2024E,381053,nominal,certified_configured_input,,,,brilcalc_direct,,0.034023312177,0.032775303433,107,1
2024,2024,2024E,381065,nominal,certified_configured_input,,,,brilcalc_direct,,0.35206943104,0.332084064104,785,1
2024,2024,2024E,381067,nominal,certified_configured_input,,,,brilcalc_direct,,0.125133883323,0.120230068855,313,1
2024,2024,2024E,381069,nominal,certified_configured_input,,,,brilcalc_direct,,0.099756885215,0.094687635706,307,1
2024,2024,2024E,381070,nominal,certified_configured_input,,,,brilcalc_direct,,0.117251860266,0.11466730823,425,1
2024,2024,2024E,381075,nominal,certified_configured_input,,,,brilcalc_direct,,0.185966003015,0.175285590729,426,1
2024,2024,2024E,381078,nominal,certified_configured_input,,,,brilcalc_direct,,0.14327377962,0.136144880943,328,1
2024,2024,2024E,381079,nominal,certified_configured_input,,,,brilcalc_direct,,0.139170751808,0.133891265353,392,1
2024,2024,2024E,381080,nominal,certified_configured_input,,,,brilcalc_direct,,0.099319965922,0.095515949395,335,1
2024,2024,2024E,381113,nominal,certified_configured_input,,,,brilcalc_direct,,0.09613448448,0.089941020274,236,1
2024,2024,2024E,381114,nominal,certified_configured_input,,,,brilcalc_direct,,0.210442775523,0.198867601272,453,1
2024,2024,2024E,381115,nominal,certified_configured_input,,,,brilcalc_direct,,0.411111983506,0.398417741899,1293,1
2024,2024,2024E,381147,nominal,certified_configured_input,,,,brilcalc_direct,,0.076080229728,0.071248389426,186,1
2024,2024,2024E,381148,nominal,certified_configured_input,,,,brilcalc_direct,,0.125424897664,0.117279640618,264,1
2024,2024,2024E,381149,nominal,certified_configured_input,,,,brilcalc_direct,,0.063058158642,0.058796660153,133,1
2024,2024,2024E,381150,nominal,certified_configured_input,,,,brilcalc_direct,,0.018904751782,0.017693463112,41,1
2024,2024,2024E,381151,nominal,certified_configured_input,,,,brilcalc_direct,,0.306522332089,0.292800641,849,1
2024,2024,2024E,381152,nominal,certified_configured_input,,,,brilcalc_direct,,0.05309473779,0.051445538901,193,1
2024,2024,2024E,381164,nominal,certified_configured_input,,,,brilcalc_direct,,0.52197404372,0.48809227579,1151,1
2024,2024,2024E,381190,nominal,certified_configured_input,,,,brilcalc_direct,,0.495974729554,0.46617164048,1093,1
2024,2024,2024E,381191,nominal,certified_configured_input,,,,brilcalc_direct,,0.338739859405,0.328508844391,1121,1
2024,2024,2024E,381199,nominal,certified_configured_input,,,,brilcalc_direct,,0.057348717211,0.053239820292,150,1
2024,2024,2024E,381212,nominal,certified_configured_input,,,,brilcalc_direct,,0.16877207691,0.158251384412,372,1
2024,2024,2024E,381286,nominal,certified_configured_input,,,,brilcalc_direct,,0.329218209819,0.304305792302,711,1
2024,2024,2024E,381309,nominal,certified_configured_input,,,,brilcalc_direct,,0.19421290197,0.182560652206,425,1
2024,2024,2024E,381358,nominal,certified_configured_input,,,,brilcalc_direct,,0.000650518957,0.000459748531,3,1
2024,2024,2024E,381364,nominal,certified_configured_input,,,,brilcalc_direct,,0.168591458487,0.157468061481,382,1
2024,2024,2024E,381365,nominal,certified_configured_input,,,,brilcalc_direct,,0.275084709894,0.257425126067,595,1
2024,2024,2024E,381371,nominal,certified_configured_input,,,,brilcalc_direct,,0.079505702713,0.075256463018,194,1
2024,2024,2024E,381379,nominal,certified_configured_input,,,,brilcalc_direct,,0.3760678843,0.352283946144,829,1
2024,2024,2024E,381380,nominal,certified_configured_input,,,,brilcalc_direct,,0.413121483795,0.400099171765,1354,1
2024,2024,2024E,381384,nominal,certified_configured_input,,,,brilcalc_direct,,1.060198032409,1.01669862841,3481,1
2024,2024,2024E,381417,nominal,certified_configured_input,,,,brilcalc_direct,,0.721417965348,0.684389652595,1785,1
2024,2024,2024E,381443,nominal,certified_configured_input,,,,brilcalc_direct,,0.627790325923,0.594564260256,1515,1
2024,2024,2024E,381477,nominal,certified_configured_input,,,,brilcalc_direct,,0.118426750796,0.11153198713,278,1
2024,2024,2024E,381479,nominal,certified_configured_input,,,,brilcalc_direct,,0.207235649332,0.19449914054,434,1
2024,2024,2024E,381480,nominal,certified_configured_input,,,,brilcalc_direct,,0.42483199926,0.409117001061,1267,1
2024,2024,2024E,381484,nominal,certified_configured_input,,,,brilcalc_direct,,0.379322634669,0.354690392381,820,1
2024,2024,2024E,381499,nominal,certified_configured_input,,,,brilcalc_direct,,0.079824887664,0.074475062542,195,1
2024,2024,2024E,381500,nominal,certified_configured_input,,,,brilcalc_direct,,0.044049659883,0.04005547663,92,1
2024,2024,2024E,381515,nominal,certified_configured_input,,,,brilcalc_direct,,0.232328812293,0.21707824017,507,1
2024,2024,2024E,381516,nominal,certified_configured_input,,,,brilcalc_direct,,0.591522990893,0.563290018821,1671,1
2024,2024,2024E,381543,nominal,certified_configured_input,,,,brilcalc_direct,,0.239231550194,0.224612696392,512,1
2024,2024,2024E,381544,nominal,certified_configured_input,,,,brilcalc_direct,,0.646878398337,0.622974779112,1969,1
2024,2024,2024F,382229,nominal,certified_configured_input,,,,brilcalc_direct,,0.02394856537,0.022625140979,305,1
2024,2024,2024F,382250,nominal,certified_configured_input,,,,brilcalc_direct,,0.228923995858,0.21941325985,889,1
2024,2024,2024F,382255,nominal,certified_configured_input,,,,brilcalc_direct,,0.030659856166,0.029017577578,95,1
2024,2024,2024F,382256,nominal,certified_configured_input,,,,brilcalc_direct,,0.031858564339,0.028260281416,67,1
2024,2024,2024F,382257,nominal,certified_configured_input,,,,brilcalc_direct,,0.033320781255,0.029686674591,70,1
2024,2024,2024F,382258,nominal,certified_configured_input,,,,brilcalc_direct,,0.510909199831,0.489880741402,1147,1
2024,2024,2024F,382262,nominal,certified_configured_input,,,,brilcalc_direct,,0.080607084987,0.078053735593,252,1
2024,2024,2024F,382298,nominal,certified_configured_input,,,,brilcalc_direct,,0.015076786825,0.014549741549,53,1
2024,2024,2024F,382299,nominal,certified_configured_input,,,,brilcalc_direct,,0.39048846395,0.361651596962,806,1
2024,2024,2024F,382300,nominal,certified_configured_input,,,,brilcalc_direct,,0.389050538625,0.377187841552,1185,1
2024,2024,2024F,382313,nominal,certified_configured_input,,,,brilcalc_direct,,0.177773045966,0.169272947257,389,1
2024,2024,2024F,382314,nominal,certified_configured_input,,,,brilcalc_direct,,0.144248796918,0.13673787736,295,1
2024,2024,2024F,382328,nominal,certified_configured_input,,,,brilcalc_direct,,0.033651855483,0.031575643418,88,1
2024,2024,2024F,382329,nominal,certified_configured_input,,,,brilcalc_direct,,0.073222064594,0.06888673448,150,1
2024,2024,2024F,382343,nominal,certified_configured_input,,,,brilcalc_direct,,1.001869302245,0.945441119671,2205,1
2024,2024,2024F,382344,nominal,certified_configured_input,,,,brilcalc_direct,,0.131046363446,0.126494598589,355,1
2024,2024,2024F,382504,nominal,certified_configured_input,,,,brilcalc_direct,,0.155143638989,0.146892828996,349,1
2024,2024,2024F,382568,nominal,certified_configured_input,,,,brilcalc_direct,,0.18354666193,0.172926919666,406,1
2024,2024,2024F,382580,nominal,certified_configured_input,,,,brilcalc_direct,,0.728638151372,0.695393044116,1709,1
2024,2024,2024F,382594,nominal,certified_configured_input,,,,brilcalc_direct,,0.633120069109,0.602742045179,1405,1
2024,2024,2024F,382595,nominal,certified_configured_input,,,,brilcalc_direct,,0.261734971861,0.254019262558,853,1
2024,2024,2024F,382617,nominal,certified_configured_input,,,,brilcalc_direct,,0.311691537527,0.297451548424,701,1
2024,2024,2024F,382626,nominal,certified_configured_input,,,,brilcalc_direct,,0.163712401807,0.154825792372,358,1
2024,2024,2024F,382649,nominal,certified_configured_input,,,,brilcalc_direct,,0.220238307759,0.202885373468,478,1
2024,2024,2024F,382650,nominal,certified_configured_input,,,,brilcalc_direct,,0.115840751114,0.109868409673,234,1
2024,2024,2024F,382654,nominal,certified_configured_input,,,,brilcalc_direct,,0.758671604507,0.714801972244,1639,1
2024,2024,2024F,382655,nominal,certified_configured_input,,,,brilcalc_direct,,0.1298636798,0.125318005474,394,1
2024,2024,2024F,382656,nominal,certified_configured_input,,,,brilcalc_direct,,0.081187340256,0.07848985838,294,1
2024,2024,2024F,382679,nominal,certified_configured_input,,,,brilcalc_direct,,0.021116188497,0.020588000613,71,1
2024,2024,2024F,382684,nominal,certified_configured_input,,,,brilcalc_direct,,0.554807349671,0.521185968785,1160,1
2024,2024,2024F,382685,nominal,certified_configured_input,,,,brilcalc_direct,,0.184160261124,0.176771699228,482,1
2024,2024,2024F,382686,nominal,certified_configured_input,,,,brilcalc_direct,,0.04484186341,0.043500967037,141,1
2024,2024,2024F,382725,nominal,certified_configured_input,,,,brilcalc_direct,,0.167387794114,0.15709926019,369,1
2024,2024,2024F,382729,nominal,certified_configured_input,,,,brilcalc_direct,,0.015756632525,0.015162915022,54,1
2024,2024,2024F,382730,nominal,certified_configured_input,,,,brilcalc_direct,,0.02406264989,0.022313025728,52,1
2024,2024,2024F,382750,nominal,certified_configured_input,,,,brilcalc_direct,,0.252005069263,0.236321486803,528,1
2024,2024,2024F,382752,nominal,certified_configured_input,,,,brilcalc_direct,,0.339234369018,0.32132877168,709,1
2024,2024,2024F,382769,nominal,certified_configured_input,,,,brilcalc_direct,,0.675838960729,0.639619301631,1522,1
2024,2024,2024F,382770,nominal,certified_configured_input,,,,brilcalc_direct,,0.16846850303,0.163564651738,585,1
2024,2024,2024F,382791,nominal,certified_configured_input,,,,brilcalc_direct,,0.032286955611,0.030508951072,105,1
2024,2024,2024F,382792,nominal,certified_configured_input,,,,brilcalc_direct,,0.039364885413,0.031606372073,80,1
2024,2024,2024F,382794,nominal,certified_configured_input,,,,brilcalc_direct,,0.006402068957,0.005272802678,13,1
2024,2024,2024F,382795,nominal,certified_configured_input,,,,brilcalc_direct,,0.230911250286,0.216816410392,468,1
2024,2024,2024F,382799,nominal,certified_configured_input,,,,brilcalc_direct,,0.281245455198,0.264622612527,615,1
2024,2024,2024F,382810,nominal,certified_configured_input,,,,brilcalc_direct,,0.019169456214,0.018233122241,70,1
2024,2024,2024F,382811,nominal,certified_configured_input,,,,brilcalc_direct,,0.194854513221,0.182155207559,396,1
2024,2024,2024F,382830,nominal,certified_configured_input,,,,brilcalc_direct,,0.0235140564,0.022652512325,75,1
2024,2024,2024F,382834,nominal,certified_configured_input,,,,brilcalc_direct,,0.359289108159,0.336035200718,763,1
2024,2024,2024F,382856,nominal,certified_configured_input,,,,brilcalc_direct,,0.194383997066,0.183045221563,415,1
2024,2024,2024F,382878,nominal,certified_configured_input,,,,brilcalc_direct,,0.405720759762,0.381105950153,853,1
2024,2024,2024F,382913,nominal,certified_configured_input,,,,brilcalc_direct,,0.890163675705,0.847228369819,2285,1
2024,2024,2024F,382921,nominal,certified_configured_input,,,,brilcalc_direct,,0.56649411274,0.532665874278,1180,1
2024,2024,2024F,382922,nominal,certified_configured_input,,,,brilcalc_direct,,0.03344604746,0.029410462205,81,1
2024,2024,2024F,382924,nominal,certified_configured_input,,,,brilcalc_direct,,0.091833628188,0.087972653911,247,1
2024,2024,2024F,382937,nominal,certified_configured_input,,,,brilcalc_direct,,0.22151056326,0.209036833774,472,1
2024,2024,2024F,382960,nominal,certified_configured_input,,,,brilcalc_direct,,0.265946788156,0.248790286383,563,1
2024,2024,2024F,383028,nominal,certified_configured_input,,,,brilcalc_direct,,0.033780910259,0.031683375153,89,1
2024,2024,2024F,383034,nominal,certified_configured_input,,,,brilcalc_direct,,0.315918239915,0.294211632204,663,1
2024,2024,2024F,383036,nominal,certified_configured_input,,,,brilcalc_direct,,0.028454855923,0.026108933514,58,1
2024,2024,2024F,383134,nominal,certified_configured_input,,,,brilcalc_direct,,0.00780526764,0.007559966387,110,1
2024,2024,2024F,383148,nominal,certified_configured_input,,,,brilcalc_direct,,0.039891145773,0.038816771606,537,1
2024,2024,2024F,383153,nominal,certified_configured_input,,,,brilcalc_direct,,0.082524846817,0.066290768742,194,1
2024,2024,2024F,383155,nominal,certified_configured_input,,,,brilcalc_direct,,0.77173547317,0.730814171839,1853,1
2024,2024,2024F,383162,nominal,certified_configured_input,,,,brilcalc_direct,,0.708042837495,0.670269694533,1528,1
2024,2024,2024F,383163,nominal,certified_configured_input,,,,brilcalc_direct,,0.16499742869,0.158638622925,514,1
2024,2024,2024F,383173,nominal,certified_configured_input,,,,brilcalc_direct,,0.440411092428,0.413853890932,927,1
2024,2024,2024F,383174,nominal,certified_configured_input,,,,brilcalc_direct,,0.391336268499,0.368981082228,1017,1
2024,2024,2024F,383175,nominal,certified_configured_input,,,,brilcalc_direct,,0.042406493317,0.039674479946,158,1
2024,2024,2024F,383247,nominal,certified_configured_input,,,,brilcalc_direct,,0.041962944347,0.039531061495,108,1
2024,2024,2024F,383254,nominal,certified_configured_input,,,,brilcalc_direct,,0.586721229803,0.546620064407,1225,1
2024,2024,2024F,383255,nominal,certified_configured_input,,,,brilcalc_direct,,0.322243399069,0.309093684119,915,1
2024,2024,2024F,383275,nominal,certified_configured_input,,,,brilcalc_direct,,0.076683804772,0.067014870187,177,1
2024,2024,2024F,383276,nominal,certified_configured_input,,,,brilcalc_direct,,0.14309026106,0.133449374798,292,1
2024,2024,2024F,383277,nominal,certified_configured_input,,,,brilcalc_direct,,0.329681323439,0.309706639121,675,1
2024,2024,2024F,383323,nominal,certified_configured_input,,,,brilcalc_direct,,0.602011422669,0.560575479004,1259,1
2024,2024,2024F,383326,nominal,certified_configured_input,,,,brilcalc_direct,,0.182721164491,0.171917651346,515,1
2024,2024,2024F,383363,nominal,certified_configured_input,,,,brilcalc_direct,,0.345562819974,0.324209187186,735,1
2024,2024,2024F,383365,nominal,certified_configured_input,,,,brilcalc_direct,,0.024027717755,0.021505066261,49,1
2024,2024,2024F,383366,nominal,certified_configured_input,,,,brilcalc_direct,,0.013310872267,0.011481982022,27,1
2024,2024,2024F,383367,nominal,certified_configured_input,,,,brilcalc_direct,,0.086304593724,0.080134564047,176,1
2024,2024,2024F,383368,nominal,certified_configured_input,,,,brilcalc_direct,,0.365372532406,0.351893915002,1037,1
2024,2024,2024F,383377,nominal,certified_configured_input,,,,brilcalc_direct,,0.126277543774,0.118070440841,279,1
2024,2024,2024F,383417,nominal,certified_configured_input,,,,brilcalc_direct,,0.368629720079,0.342660475931,778,1
2024,2024,2024F,383418,nominal,certified_configured_input,,,,brilcalc_direct,,0.391100117265,0.369955104783,917,1
2024,2024,2024F,383447,nominal,certified_configured_input,,,,brilcalc_direct,,0.218573147886,0.205505554791,470,1
2024,2024,2024F,383448,nominal,certified_configured_input,,,,brilcalc_direct,,0.226726562146,0.209693510828,463,1
2024,2024,2024F,383449,nominal,certified_configured_input,,,,brilcalc_direct,,0.452423003972,0.434277346865,1246,1
2024,2024,2024F,383467,nominal,certified_configured_input,,,,brilcalc_direct,,0.07529566851,0.069124132204,177,1
2024,2024,2024F,383468,nominal,certified_configured_input,,,,brilcalc_direct,,0.856643044749,0.81251716968,2149,1
2024,2024,2024F,383485,nominal,certified_configured_input,,,,brilcalc_direct,,0.025274067314,0.024130362836,75,1
2024,2024,2024F,383486,nominal,certified_configured_input,,,,brilcalc_direct,,0.055068878833,0.046405603727,114,1
2024,2024,2024F,383487,nominal,certified_configured_input,,,,brilcalc_direct,,0.85546207765,0.80492871996,2042,1
2024,2024,2024F,383496,nominal,certified_configured_input,,,,brilcalc_direct,,0.07893498658,0.072944412003,180,1
2024,2024,2024F,383512,nominal,certified_configured_input,,,,brilcalc_direct,,0.797424722484,0.745547720779,1754,1
2024,2024,2024F,383514,nominal,certified_configured_input,,,,brilcalc_direct,,0.039168637268,0.037923771311,139,1
2024,2024,2024F,383536,nominal,certified_configured_input,,,,brilcalc_direct,,0.066504300941,0.061892776886,163,1
2024,2024,2024F,383537,nominal,certified_configured_input,,,,brilcalc_direct,,0.037157291184,0.033194390398,76,1
2024,2024,2024F,383541,nominal,certified_configured_input,,,,brilcalc_direct,,0.147306550318,0.137444982075,302,1
2024,2024,2024F,383629,nominal,certified_configured_input,,,,brilcalc_direct,,0.081392894614,0.076852114176,190,1
2024,2024,2024F,383630,nominal,certified_configured_input,,,,brilcalc_direct,,0.140454758389,0.132558144362,295,1
2024,2024,2024F,383631,nominal,certified_configured_input,,,,brilcalc_direct,,0.687188043058,0.646837273133,1675,1
2024,2024,2024F,383647,nominal,certified_configured_input,,,,brilcalc_direct,,0.040738885395,0.038313777614,105,1
2024,2024,2024F,383648,nominal,certified_configured_input,,,,brilcalc_direct,,0.112730992555,0.104231812995,229,1
2024,2024,2024F,383649,nominal,certified_configured_input,,,,brilcalc_direct,,0.167615250974,0.155579219628,340,1
2024,2024,2024F,383650,nominal,certified_configured_input,,,,brilcalc_direct,,0.020191997991,0.017601527541,41,1
2024,2024,2024F,383661,nominal,certified_configured_input,,,,brilcalc_direct,,0.037744254962,0.034946698512,100,1
2024,2024,2024F,383662,nominal,certified_configured_input,,,,brilcalc_direct,,0.088794028232,0.081032646982,181,1
2024,2024,2024F,383669,nominal,certified_configured_input,,,,brilcalc_direct,,0.304021964229,0.282498303124,639,1
2024,2024,2024F,383687,nominal,certified_configured_input,,,,brilcalc_direct,,0.223635060143,0.207512121226,475,1
2024,2024,2024F,383692,nominal,certified_configured_input,,,,brilcalc_direct,,0.406640091988,0.374958552436,851,1
2024,2024,2024F,383693,nominal,certified_configured_input,,,,brilcalc_direct,,0.075913397279,0.068748824181,155,1
2024,2024,2024F,383694,nominal,certified_configured_input,,,,brilcalc_direct,,0.014119610748,0.008857869858,30,1
2024,2024,2024F,383695,nominal,certified_configured_input,,,,brilcalc_direct,,0.284925625678,0.268109391278,739,1
2024,2024,2024F,383712,nominal,certified_configured_input,,,,brilcalc_direct,,0.720863171566,0.67221570476,1547,1
2024,2024,2024F,383724,nominal,certified_configured_input,,,,brilcalc_direct,,0.062361672611,0.060172219223,192,1
2024,2024,2024F,383740,nominal,certified_configured_input,,,,brilcalc_direct,,0.317519716901,0.292102517622,676,1
2024,2024,2024F,383741,nominal,certified_configured_input,,,,brilcalc_direct,,0.277673586344,0.25825099959,573,1
2024,2024,2024F,383756,nominal,certified_configured_input,,,,brilcalc_direct,,0.644192986721,0.598236393591,1364,1
2024,2024,2024F,383758,nominal,certified_configured_input,,,,brilcalc_direct,,0.009674115481,0.00907269229,25,1
2024,2024,2024F,383767,nominal,certified_configured_input,,,,brilcalc_direct,,0.733069545677,0.679690744195,1594,1
2024,2024,2024F,383779,nominal,certified_configured_input,,,,brilcalc_direct,,0.058387526863,0.056037215445,173,1
2024,2024,2024G,383811,nominal,certified_configured_input,,,,brilcalc_direct,,0.012733639572,0.011374564874,40,1
2024,2024,2024G,383812,nominal,certified_configured_input,,,,brilcalc_direct,,0.162019943534,0.149452913839,330,1
2024,2024,2024G,383813,nominal,certified_configured_input,,,,brilcalc_direct,,0.050974826987,0.046467030608,104,1
2024,2024,2024G,383814,nominal,certified_configured_input,,,,brilcalc_direct,,0.554219524544,0.518543235179,1243,1
2024,2024,2024G,383830,nominal,certified_configured_input,,,,brilcalc_direct,,0.051071521338,0.046761049543,120,1
2024,2024,2024G,383832,nominal,certified_configured_input,,,,brilcalc_direct,,0.194492555309,0.17836141277,395,1
2024,2024,2024G,383833,nominal,certified_configured_input,,,,brilcalc_direct,,0.084199738188,0.077988244267,171,1
2024,2024,2024G,383834,nominal,certified_configured_input,,,,brilcalc_direct,,0.213046461941,0.197222318699,438,1
2024,2024,2024G,383854,nominal,certified_configured_input,,,,brilcalc_direct,,0.503436895207,0.461043348791,1043,1
2024,2024,2024G,383855,nominal,certified_configured_input,,,,brilcalc_direct,,0.35563000853,0.336448467907,905,1
2024,2024,2024G,383900,nominal,certified_configured_input,,,,brilcalc_direct,,0.007718549838,0.007359502643,29,1
2024,2024,2024G,383907,nominal,certified_configured_input,,,,brilcalc_direct,,0.29394915643,0.265823682217,615,1
2024,2024,2024G,383908,nominal,certified_configured_input,,,,brilcalc_direct,,0.007848188708,0.006870390067,16,1
2024,2024,2024G,383948,nominal,certified_configured_input,,,,brilcalc_direct,,0.419308061582,0.385167685715,880,1
2024,2024,2024G,383949,nominal,certified_configured_input,,,,brilcalc_direct,,0.388628296964,0.367758707473,904,1
2024,2024,2024G,383996,nominal,certified_configured_input,,,,brilcalc_direct,,0.919299256071,0.869656546426,2189,1
2024,2024,2024G,384014,nominal,certified_configured_input,,,,brilcalc_direct,,0.16985826215,0.159564943141,378,1
2024,2024,2024G,384029,nominal,certified_configured_input,,,,brilcalc_direct,,0.201431662055,0.188639924226,443,1
2024,2024,2024G,384052,nominal,certified_configured_input,,,,brilcalc_direct,,0.900743275317,0.84593026585,2134,1
2024,2024,2024G,384069,nominal,certified_configured_input,,,,brilcalc_direct,,0.55661085289,0.518636785318,1185,1
2024,2024,2024G,384070,nominal,certified_configured_input,,,,brilcalc_direct,,0.255302634901,0.242026987499,678,1
2024,2024,2024G,384124,nominal,certified_configured_input,,,,brilcalc_direct,,0.023172655699,0.020519889984,69,1
2024,2024,2024G,384126,nominal,certified_configured_input,,,,brilcalc_direct,,0.009511306426,0.006263372082,20,1
2024,2024,2024G,384127,nominal,certified_configured_input,,,,brilcalc_direct,,0.007150474712,0.006268096172,15,1
2024,2024,2024G,384128,nominal,certified_configured_input,,,,brilcalc_direct,,0.731029288002,0.686276225182,1613,1
2024,2024,2024G,384187,nominal,certified_configured_input,,,,brilcalc_direct,,0.164949301769,0.153824977577,380,1
2024,2024,2024G,384188,nominal,certified_configured_input,,,,brilcalc_direct,,0.121875955007,0.113732314967,255,1
2024,2024,2024G,384202,nominal,certified_configured_input,,,,brilcalc_direct,,0.787523202714,0.74148637263,1760,1
2024,2024,2024G,384203,nominal,certified_configured_input,,,,brilcalc_direct,,0.002710584079,0.002268138731,8,1
2024,2024,2024G,384204,nominal,certified_configured_input,,,,brilcalc_direct,,0.067283691288,0.063812445129,214,1
2024,2024,2024G,384209,nominal,certified_configured_input,,,,brilcalc_direct,,0.365498519862,0.339664964988,783,1
2024,2024,2024G,384238,nominal,certified_configured_input,,,,brilcalc_direct,,0.225964854302,0.210850474217,492,1
2024,2024,2024G,384239,nominal,certified_configured_input,,,,brilcalc_direct,,0.571442859855,0.540370012051,1321,1
2024,2024,2024G,384244,nominal,certified_configured_input,,,,brilcalc_direct,,0.042281391471,0.040966298821,146,1
2024,2024,2024G,384264,nominal,certified_configured_input,,,,brilcalc_direct,,0.452121567972,0.421873441378,964,1
2024,2024,2024G,384265,nominal,certified_configured_input,,,,brilcalc_direct,,0.190215695556,0.178149185514,408,1
2024,2024,2024G,384290,nominal,certified_configured_input,,,,brilcalc_direct,,0.05040885048,0.046177553164,105,1
2024,2024,2024G,384291,nominal,certified_configured_input,,,,brilcalc_direct,,0.72410619333,0.685046754177,1626,1
2024,2024,2024G,384318,nominal,certified_configured_input,,,,brilcalc_direct,,0.006984793148,0.006622783941,33,1
2024,2024,2024G,384322,nominal,certified_configured_input,,,,brilcalc_direct,,0.324379650469,0.301325573598,694,1
2024,2024,2024G,384323,nominal,certified_configured_input,,,,brilcalc_direct,,0.2068762612,0.193650127616,431,1
2024,2024,2024G,384331,nominal,certified_configured_input,,,,brilcalc_direct,,0.272371441741,0.253164738849,586,1
2024,2024,2024G,384332,nominal,certified_configured_input,,,,brilcalc_direct,,0.253672387631,0.235690236221,529,1
2024,2024,2024G,384377,nominal,certified_configured_input,,,,brilcalc_direct,,0.179691291981,0.16551146858,394,1
2024,2024,2024G,384378,nominal,certified_configured_input,,,,brilcalc_direct,,0.08045866338,0.073248605508,168,1
2024,2024,2024G,384380,nominal,certified_configured_input,,,,brilcalc_direct,,0.012988271739,0.011829209869,27,1
2024,2024,2024G,384382,nominal,certified_configured_input,,,,brilcalc_direct,,0.076215058132,0.07079225287,159,1
2024,2024,2024G,384383,nominal,certified_configured_input,,,,brilcalc_direct,,0.398865631159,0.376956581057,999,1
2024,2024,2024G,384406,nominal,certified_configured_input,,,,brilcalc_direct,,0.276497200608,0.258524486942,599,1
2024,2024,2024G,384413,nominal,certified_configured_input,,,,brilcalc_direct,,0.849337714557,0.797356291477,1950,1
2024,2024,2024G,384446,nominal,certified_configured_input,,,,brilcalc_direct,,0.114706960836,0.106710291619,244,1
2024,2024,2024G,384464,nominal,certified_configured_input,,,,brilcalc_direct,,0.108265860936,0.101216935047,248,1
2024,2024,2024G,384468,nominal,certified_configured_input,,,,brilcalc_direct,,0.836114994357,0.776870204914,1911,1
2024,2024,2024G,384485,nominal,certified_configured_input,,,,brilcalc_direct,,0.03142760921,0.02923635643,94,1
2024,2024,2024G,384486,nominal,certified_configured_input,,,,brilcalc_direct,,0.016327331205,0.01464657121,34,1
2024,2024,2024G,384487,nominal,certified_configured_input,,,,brilcalc_direct,,0.014442695535,0.013046865968,30,1
2024,2024,2024G,384489,nominal,certified_configured_input,,,,brilcalc_direct,,0.013935333259,0.012342323634,29,1
2024,2024,2024G,384490,nominal,certified_configured_input,,,,brilcalc_direct,,0.014884190944,0.013387616877,31,1
2024,2024,2024G,384491,nominal,certified_configured_input,,,,brilcalc_direct,,0.014866543869,0.013589349009,31,1
2024,2024,2024G,384492,nominal,certified_configured_input,,,,brilcalc_direct,,0.710982933928,0.667276177469,1609,1
2024,2024,2024G,384565,nominal,certified_configured_input,,,,brilcalc_direct,,0.775924030433,0.717392977928,1711,1
2024,2024,2024G,384579,nominal,certified_configured_input,,,,brilcalc_direct,,0.24814065618,0.230238114888,538,1
2024,2024,2024G,384591,nominal,certified_configured_input,,,,brilcalc_direct,,0.059873627468,0.055988866708,154,1
2024,2024,2024G,384593,nominal,certified_configured_input,,,,brilcalc_direct,,0.065744592427,0.060779599665,137,1
2024,2024,2024G,384610,nominal,certified_configured_input,,,,brilcalc_direct,,0.150894822885,0.143494223889,405,1
2024,2024,2024G,384614,nominal,certified_configured_input,,,,brilcalc_direct,,0.593551857029,0.551338731967,1255,1
2024,2024,2024G,384638,nominal,certified_configured_input,,,,brilcalc_direct,,0.247141583378,0.219274386042,531,1
2024,2024,2024G,384644,nominal,certified_configured_input,,,,brilcalc_direct,,0.473048066667,0.430965919161,1046,1
2024,2024,2024G,384933,nominal,certified_configured_input,,,,brilcalc_direct,,0.284534393903,0.266742906625,622,1
2024,2024,2024G,384934,nominal,certified_configured_input,,,,brilcalc_direct,,0.001836372054,0.001651504391,4,1
2024,2024,2024G,384935,nominal,certified_configured_input,,,,brilcalc_direct,,0.538633928908,0.515757675361,1327,1
2024,2024,2024G,384950,nominal,certified_configured_input,,,,brilcalc_direct,,0.073512697624,0.068625889601,171,1
2024,2024,2024G,384951,nominal,certified_configured_input,,,,brilcalc_direct,,0.458290622291,0.431675425905,959,1
2024,2024,2024G,384963,nominal,certified_configured_input,,,,brilcalc_direct,,0.921793691029,0.872549126476,2105,1
2024,2024,2024G,384981,nominal,certified_configured_input,,,,brilcalc_direct,,0.918255000527,0.870058588179,2098,1
2024,2024,2024G,385012,nominal,certified_configured_input,,,,brilcalc_direct,,0.120575398785,0.112342699834,275,1
2024,2024,2024G,385016,nominal,certified_configured_input,,,,brilcalc_direct,,0.36196919028,0.338233510417,778,1
2024,2024,2024G,385094,nominal,certified_configured_input,,,,brilcalc_direct,,0.444025459281,0.418056166449,949,1
2024,2024,2024G,385100,nominal,certified_configured_input,,,,brilcalc_direct,,0.003050076974,0.002848361657,17,1
2024,2024,2024G,385127,nominal,certified_configured_input,,,,brilcalc_direct,,0.879081143983,0.833262403672,2037,1
2024,2024,2024G,385134,nominal,certified_configured_input,,,,brilcalc_direct,,0.135448503581,0.127437927477,304,1
2024,2024,2024G,385142,nominal,certified_configured_input,,,,brilcalc_direct,,0.839173083878,0.792393813623,1936,1
2024,2024,2024G,385152,nominal,certified_configured_input,,,,brilcalc_direct,,0.539088335495,0.503694989753,1157,1
2024,2024,2024G,385153,nominal,certified_configured_input,,,,brilcalc_direct,,0.328204224066,0.313192855909,851,1
2024,2024,2024G,385168,nominal,certified_configured_input,,,,brilcalc_direct,,0.893694195053,0.845371701437,2055,1
2024,2024,2024G,385178,nominal,certified_configured_input,,,,brilcalc_direct,,0.227398858291,0.21238931905,504,1
2024,2024,2024G,385194,nominal,certified_configured_input,,,,brilcalc_direct,,0.651546672735,0.608578131305,1399,1
2024,2024,2024G,385260,nominal,certified_configured_input,,,,brilcalc_direct,,0.247402422463,0.230597504747,543,1
2024,2024,2024G,385281,nominal,certified_configured_input,,,,brilcalc_direct,,0.641580426444,0.603411048427,1388,1
2024,2024,2024G,385284,nominal,certified_configured_input,,,,brilcalc_direct,,0.052614811928,0.05019049926,133,1
2024,2024,2024G,385285,nominal,certified_configured_input,,,,brilcalc_direct,,0.096284817637,0.092880562603,277,1
2024,2024,2024G,385286,nominal,certified_configured_input,,,,brilcalc_direct,,0.348137224643,0.338736918848,1446,1
2024,2024,2024G,385311,nominal,certified_configured_input,,,,brilcalc_direct,,0.038530067926,0.032521008018,106,1
2024,2024,2024G,385312,nominal,certified_configured_input,,,,brilcalc_direct,,0.204155564672,0.191114380519,430,1
2024,2024,2024G,385324,nominal,certified_configured_input,,,,brilcalc_direct,,0.797072653871,0.750908659584,1835,1
2024,2024,2024G,385354,nominal,certified_configured_input,,,,brilcalc_direct,,0.36755806724,0.345183436022,798,1
2024,2024,2024G,385355,nominal,certified_configured_input,,,,brilcalc_direct,,0.410095606161,0.387468880831,947,1
2024,2024,2024G,385383,nominal,certified_configured_input,,,,brilcalc_direct,,0.160909542961,0.15093086505,359,1
2024,2024,2024G,385386,nominal,certified_configured_input,,,,brilcalc_direct,,0.004718995999,0.004231902497,10,1
2024,2024,2024G,385387,nominal,certified_configured_input,,,,brilcalc_direct,,0.172840011505,0.161867653277,365,1
2024,2024,2024G,385390,nominal,certified_configured_input,,,,brilcalc_direct,,0.754670089755,0.708466596861,1652,1
2024,2024,2024G,385391,nominal,certified_configured_input,,,,brilcalc_direct,,0.179463469015,0.17267983136,541,1
2024,2024,2024G,385408,nominal,certified_configured_input,,,,brilcalc_direct,,0.184384832085,0.17394231375,409,1
2024,2024,2024G,385415,nominal,certified_configured_input,,,,brilcalc_direct,,0.23145148154,0.217839593123,508,1
2024,2024,2024G,385422,nominal,certified_configured_input,,,,brilcalc_direct,,0.518308090924,0.481690154117,1113,1
2024,2024,2024G,385423,nominal,certified_configured_input,,,,brilcalc_direct,,0.177524380321,0.166650632663,390,1
2024,2024,2024G,385424,nominal,certified_configured_input,,,,brilcalc_direct,,0.220194993796,0.209247620651,635,1
2024,2024,2024G,385437,nominal,certified_configured_input,,,,brilcalc_direct,,0.360760576795,0.336510690819,777,1
2024,2024,2024G,385443,nominal,certified_configured_input,,,,brilcalc_direct,,0.717398745238,0.673621105571,1555,1
2024,2024,2024G,385444,nominal,certified_configured_input,,,,brilcalc_direct,,0.057074085008,0.054613110561,153,1
2024,2024,2024G,385447,nominal,certified_configured_input,,,,brilcalc_direct,,0.059261300977,0.057052710964,172,1
2024,2024,2024G,385474,nominal,certified_configured_input,,,,brilcalc_direct,,0.331120728798,0.310624416422,719,1
2024,2024,2024G,385478,nominal,certified_configured_input,,,,brilcalc_direct,,0.29736083783,0.26986852844,645,1
2024,2024,2024G,385480,nominal,certified_configured_input,,,,brilcalc_direct,,0.002358766822,0.000155764223,5,1
2024,2024,2024G,385481,nominal,certified_configured_input,,,,brilcalc_direct,,0.049348131149,0.044809872684,104,1
2024,2024,2024G,385483,nominal,certified_configured_input,,,,brilcalc_direct,,0.010461188015,0.009140733164,22,1
2024,2024,2024G,385484,nominal,certified_configured_input,,,,brilcalc_direct,,0.008977822977,0.007866548406,19,1
2024,2024,2024G,385511,nominal,certified_configured_input,,,,brilcalc_direct,,0.039762575729,0.036969197038,104,1
2024,2024,2024G,385512,nominal,certified_configured_input,,,,brilcalc_direct,,0.010949518788,0.00927598417,23,1
2024,2024,2024G,385513,nominal,certified_configured_input,,,,brilcalc_direct,,0.009509578958,0.00822268543,20,1
2024,2024,2024G,385514,nominal,certified_configured_input,,,,brilcalc_direct,,0.012450336327,0.010379863815,26,1
2024,2024,2024G,385515,nominal,certified_configured_input,,,,brilcalc_direct,,0.736849550205,0.686160187857,1638,1
2024,2024,2024G,385567,nominal,certified_configured_input,,,,brilcalc_direct,,0.11062598513,0.104008606412,292,1
2024,2024,2024G,385568,nominal,certified_configured_input,,,,brilcalc_direct,,0.12090011274,0.113269666511,256,1
2024,2024,2024G,385589,nominal,certified_configured_input,,,,brilcalc_direct,,0.090744736572,0.08512644798,210,1
2024,2024,2024G,385591,nominal,certified_configured_input,,,,brilcalc_direct,,0.00852460805,0.00487260051,18,1
2024,2024,2024G,385592,nominal,certified_configured_input,,,,brilcalc_direct,,0.008554212413,0.005470551126,18,1
2024,2024,2024G,385604,nominal,certified_configured_input,,,,brilcalc_direct,,0.504386272189,0.475938313366,1089,1
2024,2024,2024G,385606,nominal,certified_configured_input,,,,brilcalc_direct,,0.215708815962,0.207288348915,643,1
2024,2024,2024G,385618,nominal,certified_configured_input,,,,brilcalc_direct,,0.067538419115,0.06146944025,156,1
2024,2024,2024G,385619,nominal,certified_configured_input,,,,brilcalc_direct,,0.046764465754,0.042467247339,98,1
2024,2024,2024G,385620,nominal,certified_configured_input,,,,brilcalc_direct,,0.777906142706,0.735934863051,1781,1
2024,2024,2024G,385697,nominal,certified_configured_input,,,,brilcalc_direct,,0.006412020815,0.005964422597,31,1
2024,2024,2024G,385712,nominal,certified_configured_input,,,,brilcalc_direct,,0.216468497645,0.203099680352,478,1
2024,2024,2024G,385713,nominal,certified_configured_input,,,,brilcalc_direct,,0.291419665728,0.273525000195,612,1
2024,2024,2024G,385727,nominal,certified_configured_input,,,,brilcalc_direct,,0.238560607851,0.223799179524,512,1
2024,2024,2024G,385728,nominal,certified_configured_input,,,,brilcalc_direct,,0.523423653073,0.48876622084,1108,1
2024,2024,2024G,385738,nominal,certified_configured_input,,,,brilcalc_direct,,0.800856673855,0.746613516907,1700,1
2024,2024,2024G,385739,nominal,certified_configured_input,,,,brilcalc_direct,,0.143844413995,0.138548393617,427,1
2024,2024,2024G,385754,nominal,certified_configured_input,,,,brilcalc_direct,,0.038273634013,0.035467263552,102,1
2024,2024,2024G,385764,nominal,certified_configured_input,,,,brilcalc_direct,,0.961510334056,0.902045239388,2214,1
2024,2024,2024G,385799,nominal,certified_configured_input,,,,brilcalc_direct,,0.001972506667,0.00176019633,14,1
2024,2024,2024G,385801,nominal,certified_configured_input,,,,brilcalc_direct,,0.04623251937,0.043161386151,102,1
2024,2024,2024H,385836,nominal,certified_configured_input,,,,brilcalc_direct,,0.055660023942,0.052383998396,133,1
2024,2024,2024H,385842,nominal,certified_configured_input,,,,brilcalc_direct,,0.827569900864,0.782564406565,1945,1
2024,2024,2024H,385863,nominal,certified_configured_input,,,,brilcalc_direct,,0.003456411146,0.003219897452,18,1
2024,2024,2024H,385882,nominal,certified_configured_input,,,,brilcalc_direct,,0.040594368036,0.038243613857,103,1
2024,2024,2024H,385887,nominal,certified_configured_input,,,,brilcalc_direct,,0.000955027093,0.000667879409,2,1
2024,2024,2024H,385888,nominal,certified_configured_input,,,,brilcalc_direct,,0.080074786879,0.075272804318,168,1
2024,2024,2024H,385889,nominal,certified_configured_input,,,,brilcalc_direct,,0.710305703706,0.668193661648,1637,1
2024,2024,2024H,385908,nominal,certified_configured_input,,,,brilcalc_direct,,0.40105050384,0.375510421304,854,1
2024,2024,2024H,385915,nominal,certified_configured_input,,,,brilcalc_direct,,0.293475195982,0.27309976037,625,1
2024,2024,2024H,385933,nominal,certified_configured_input,,,,brilcalc_direct,,0.071734027912,0.066783295241,168,1
2024,2024,2024H,385934,nominal,certified_configured_input,,,,brilcalc_direct,,0.577591356664,0.538892540786,1228,1
2024,2024,2024H,385986,nominal,certified_configured_input,,,,brilcalc_direct,,0.888696503707,0.830121604213,1992,1
2024,2024,2024H,386006,nominal,certified_configured_input,,,,brilcalc_direct,,0.006361594101,0.00558046597,17,1
2024,2024,2024H,386008,nominal,certified_configured_input,,,,brilcalc_direct,,0.022811248409,0.018917500946,48,1
2024,2024,2024H,386010,nominal,certified_configured_input,,,,brilcalc_direct,,0.43084193069,0.403793498464,901,1
2024,2024,2024H,386025,nominal,certified_configured_input,,,,brilcalc_direct,,0.845916235684,0.793725839304,1855,1
2024,2024,2024H,386279,nominal,certified_configured_input,,,,brilcalc_direct,,0.091733483363,0.086693839712,213,1
2024,2024,2024H,386285,nominal,certified_configured_input,,,,brilcalc_direct,,0.089912267846,0.078848648383,206,1
2024,2024,2024H,386308,nominal,certified_configured_input,,,,brilcalc_direct,,0.061358756334,0.057679192616,144,1
2024,2024,2024H,386313,nominal,certified_configured_input,,,,brilcalc_direct,,0.032742421482,0.031082983715,85,1
2024,2024,2024H,386319,nominal,certified_configured_input,,,,brilcalc_direct,,0.325686327235,0.30838610462,702,1
2024,2024,2024I_v1,386478,nominal,certified_configured_input,,,,brilcalc_direct,,0.180148305742,0.171769237281,405,1
2024,2024,2024I_v1,386505,nominal,certified_configured_input,,,,brilcalc_direct,,0.121541358703,0.115023354463,279,1
2024,2024,2024I_v1,386509,nominal,certified_configured_input,,,,brilcalc_direct,,0.479303120706,0.451735227458,1031,1
2024,2024,2024I_v1,386553,nominal,certified_configured_input,,,,brilcalc_direct,,0.411488524822,0.384144500505,857,1
2024,2024,2024I_v1,386554,nominal,certified_configured_input,,,,brilcalc_direct,,0.437892534612,0.417345018605,1004,1
2024,2024,2024I_v1,386592,nominal,certified_configured_input,,,,brilcalc_direct,,0.193814016796,0.180900440838,414,1
2024,2024,2024I_v1,386593,nominal,certified_configured_input,,,,brilcalc_direct,,0.322631944498,0.303217062256,651,1
2024,2024,2024I_v1,386594,nominal,certified_configured_input,,,,brilcalc_direct,,0.358938772807,0.339838620063,871,1
2024,2024,2024I_v1,386604,nominal,certified_configured_input,,,,brilcalc_direct,,0.907911480332,0.85050097347,1996,1
2024,2024,2024I_v1,386605,nominal,certified_configured_input,,,,brilcalc_direct,,0.046766711796,0.045216264761,155,1
2024,2024,2024I_v1,386614,nominal,certified_configured_input,,,,brilcalc_direct,,0.359007454847,0.333242139475,750,1
2024,2024,2024I_v1,386618,nominal,certified_configured_input,,,,brilcalc_direct,,0.396550550858,0.377438112753,949,1
2024,2024,2024I_v1,386629,nominal,certified_configured_input,,,,brilcalc_direct,,0.020267811973,0.018909046442,64,1
2024,2024,2024I_v1,386630,nominal,certified_configured_input,,,,brilcalc_direct,,0.013004333658,0.011812708908,28,1
2024,2024,2024I_v1,386640,nominal,certified_configured_input,,,,brilcalc_direct,,0.564860675815,0.52444835808,1158,1
2024,2024,2024I_v1,386642,nominal,certified_configured_input,,,,brilcalc_direct,,0.292735181079,0.276647539472,715,1
2024,2024,2024I_v1,386661,nominal,certified_configured_input,,,,brilcalc_direct,,0.208670221636,0.187193517563,438,1
2024,2024,2024I_v1,386668,nominal,certified_configured_input,,,,brilcalc_direct,,0.162171827931,0.148619154907,347,1
2024,2024,2024I_v1,386672,nominal,certified_configured_input,,,,brilcalc_direct,,0.054539639478,0.049331305563,128,1
2024,2024,2024I_v1,386673,nominal,certified_configured_input,,,,brilcalc_direct,,0.491476047806,0.458427991346,991,1
2024,2024,2024I_v1,386679,nominal,certified_configured_input,,,,brilcalc_direct,,0.167765382868,0.153075283956,356,1
2024,2024,2024I_v1,386693,nominal,certified_configured_input,,,,brilcalc_direct,,0.052981929554,0.049132650395,125,1
2024,2024,2024I_v2,386694,nominal,certified_configured_input,,,,brilcalc_direct,,0.639053998741,0.595911929881,1318,1
2024,2024,2024I_v2,386702,nominal,certified_configured_input,,,,brilcalc_direct,,0.098506671576,0.091086584563,218,1
2024,2024,2024I_v2,386703,nominal,certified_configured_input,,,,brilcalc_direct,,0.239702653839,0.222460591565,485,1
2024,2024,2024I_v2,386704,nominal,certified_configured_input,,,,brilcalc_direct,,0.435168421318,0.410357096213,993,1
2024,2024,2024I_v2,386705,nominal,certified_configured_input,,,,brilcalc_direct,,0.041274448338,0.039497537781,138,1
2024,2024,2024I_v2,386764,nominal,certified_configured_input,,,,brilcalc_direct,,0.041885755066,0.039285132104,149,1
2024,2024,2024I_v2,386795,nominal,certified_configured_input,,,,brilcalc_direct,,0.034932292375,0.032404597293,88,1
2024,2024,2024I_v2,386801,nominal,certified_configured_input,,,,brilcalc_direct,,0.030317407638,0.027533573602,80,1
2024,2024,2024I_v2,386814,nominal,certified_configured_input,,,,brilcalc_direct,,0.123311959978,0.115111500389,250,1
2024,2024,2024I_v2,386851,nominal,certified_configured_input,,,,brilcalc_direct,,0.182808750922,0.168436412782,387,1
2024,2024,2024I_v2,386852,nominal,certified_configured_input,,,,brilcalc_direct,,0.240241929948,0.223085612645,487,1
2024,2024,2024I_v2,386853,nominal,certified_configured_input,,,,brilcalc_direct,,0.02073861464,0.019461606271,42,1
2024,2024,2024I_v2,386854,nominal,certified_configured_input,,,,brilcalc_direct,,0.250581631273,0.235482867643,539,1
2024,2024,2024I_v2,386863,nominal,certified_configured_input,,,,brilcalc_direct,,0.223126474324,0.207597579956,469,1
2024,2024,2024I_v2,386864,nominal,certified_configured_input,,,,brilcalc_direct,,0.663126628597,0.619502308452,1490,1
2024,2024,2024I_v2,386872,nominal,certified_configured_input,,,,brilcalc_direct,,0.075098689304,0.070099864106,171,1
2024,2024,2024I_v2,386873,nominal,certified_configured_input,,,,brilcalc_direct,,0.164164030109,0.152669408576,332,1
2024,2024,2024I_v2,386885,nominal,certified_configured_input,,,,brilcalc_direct,,0.65920626817,0.610051422619,1367,1
2024,2024,2024I_v2,386917,nominal,certified_configured_input,,,,brilcalc_direct,,0.264051233319,0.244324634814,553,1
2024,2024,2024I_v2,386924,nominal,certified_configured_input,,,,brilcalc_direct,,0.827340367136,0.766004860943,1779,1
2024,2024,2024I_v2,386925,nominal,certified_configured_input,,,,brilcalc_direct,,0.059117160383,0.056885742581,172,1
2024,2024,2024I_v2,386945,nominal,certified_configured_input,,,,brilcalc_direct,,0.392976614023,0.362499450873,814,1
2024,2024,2024I_v2,386951,nominal,certified_configured_input,,,,brilcalc_direct,,0.317335440552,0.295997090584,661,1
