analysis_year,analysis_era,run,scope_name,member_count,proof,all_active_members_unprescaled,ls_tolerance_fb
2022,2022,355374,Trigger_ElMu,3,inactive,True,2e-12
2022,2022,355374,Trigger_dblEl,1,inactive,True,2e-12
2022,2022,355374,Trigger_dblMu,1,inactive,True,2e-12
2022,2022,355374,Trigger_sngEl,1,inactive,True,2e-12
2022,2022,355374,Trigger_sngMu,1,inactive,True,2e-12
2022,2022,355374,Trigger_Muon,2,inactive,True,2e-12
2022,2022,355374,Trigger_EGamma,2,inactive,True,2e-12
2022,2022,355374,Trigger_Any,7,inactive,True,2e-12
2022,2022,355381,Trigger_ElMu,3,inactive,True,2e-12
2022,2022,355381,Trigger_dblEl,1,inactive,True,2e-12
2022,2022,355381,Trigger_dblMu,1,inactive,True,2e-12
2022,2022,355381,Trigger_sngEl,1,inactive,True,2e-12
2022,2022,355381,Trigger_sngMu,1,inactive,True,2e-12
2022,2022,355381,Trigger_Muon,2,inactive,True,2e-12
2022,2022,355381,Trigger_EGamma,2,inactive,True,2e-12
2022,2022,355381,Trigger_Any,7,inactive,True,2e-12
2022,2022,355418,Trigger_ElMu,3,inactive,True,2e-12
2022,2022,355418,Trigger_dblEl,1,inactive,True,2e-12
2022,2022,355418,Trigger_dblMu,1,inactive,True,2e-12
2022,2022,355418,Trigger_sngEl,1,inactive,True,2e-12
2022,2022,355418,Trigger_sngMu,1,inactive,True,2e-12
2022,2022,355418,Trigger_Muon,2,inactive,True,2e-12
2022,2022,355418,Trigger_EGamma,2,inactive,True,2e-12
2022,2022,355418,Trigger_Any,7,inactive,True,2e-12
2022,2022,355419,Trigger_ElMu,3,inactive,True,2e-12
2022,2022,355419,Trigger_dblEl,1,inactive,True,2e-12
2022,2022,355419,Trigger_dblMu,1,inactive,True,2e-12
2022,2022,355419,Trigger_sngEl,1,inactive,True,2e-12
2022,2022,355419,Trigger_sngMu,1,inactive,True,2e-12
2022,2022,355419,Trigger_Muon,2,inactive,True,2e-12
2022,2022,355419,Trigger_EGamma,2,inactive,True,2e-12
2022,2022,355419,Trigger_Any,7,inactive,True,2e-12
2022,2022,355429,Trigger_ElMu,3,inactive,True,2e-12
2022,2022,355429,Trigger_dblEl,1,inactive,True,2e-12
2022,2022,355429,Trigger_dblMu,1,inactive,True,2e-12
2022,2022,355429,Trigger_sngEl,1,inactive,True,2e-12
2022,2022,355429,Trigger_sngMu,1,inactive,True,2e-12
2022,2022,355429,Trigger_Muon,2,inactive,True,2e-12
2022,2022,355429,Trigger_EGamma,2,inactive,True,2e-12
2022,2022,355429,Trigger_Any,7,inactive,True,2e-12
2022,2022,355435,Trigger_ElMu,3,inactive,True,2e-12
2022,2022,355435,Trigger_dblEl,1,inactive,True,2e-12
2022,2022,355435,Trigger_dblMu,1,inactive,True,2e-12
2022,2022,355435,Trigger_sngEl,1,inactive,True,2e-12
2022,2022,355435,Trigger_sngMu,1,inactive,True,2e-12
2022,2022,355435,Trigger_Muon,2,inactive,True,2e-12
2022,2022,355435,Trigger_EGamma,2,inactive,True,2e-12
2022,2022,355435,Trigger_Any,7,inactive,True,2e-12
2022,2022,355442,Trigger_ElMu,3,inactive,True,2e-12
2022,2022,355442,Trigger_dblEl,1,inactive,True,2e-12
2022,2022,355442,Trigger_dblMu,1,inactive,True,2e-12
2022,2022,355442,Trigger_sngEl,1,inactive,True,2e-12
2022,2022,355442,Trigger_sngMu,1,inactive,True,2e-12
2022,2022,355442,Trigger_Muon,2,inactive,True,2e-12
2022,2022,355442,Trigger_EGamma,2,inactive,True,2e-12
2022,2022,355442,Trigger_Any,7,inactive,True,2e-12
2022,2022,355443,Trigger_ElMu,3,full_unprescaled_member_covers_run,True,2e-12
2022,2022,355443,Trigger_dblEl,1,full_unprescaled_member_covers_run,True,2e-12
2022,2022,355443,Trigger_dblMu,1,full_unprescaled_member_covers_run,True,2e-12
2022,2022,355443,Trigger_sngEl,1,full_unprescaled_member_covers_run,True,2e-12
2022,2022,355443,Trigger_sngMu,1,full_unprescaled_member_covers_run,True,2e-12
2022,2022,355443,Trigger_Muon,2,full_unprescaled_member_covers_run,True,2e-12
2022,2022,355443,Trigger_EGamma,2,full_unprescaled_member_covers_run,True,2e-12
2022,2022,355443,Trigger_Any,7,full_unprescaled_member_covers_run,True,2e-12
2022,2022,355444,Trigger_ElMu,3,full_unprescaled_member_covers_run,True,2e-12
2022,2022,355444,Trigger_dblEl,1,full_unprescaled_member_covers_run,True,2e-12
2022,2022,355444,Trigger_dblMu,1,full_unprescaled_member_covers_run,True,2e-12
2022,2022,355444,Trigger_sngEl,1,full_unprescaled_member_covers_run,True,2e-12
2022,2022,355444,Trigger_sngMu,1,full_unprescaled_member_covers_run,True,2e-12
2022,2022,355444,Trigger_Muon,2,full_unprescaled_member_covers_run,True,2e-12
2022,2022,355444,Trigger_EGamma,2,full_unprescaled_member_covers_run,True,2e-12
2022,2022,355444,Trigger_Any,7,full_unprescaled_member_covers_run,True,2e-12
2022,2022,355445,Trigger_ElMu,3,full_unprescaled_member_covers_run,True,2e-12
2022,2022,355445,Trigger_dblEl,1,full_unprescaled_member_covers_run,True,2e-12
2022,2022,355445,Trigger_dblMu,1,full_unprescaled_member_covers_run,True,2e-12
2022,2022,355445,Trigger_sngEl,1,full_unprescaled_member_covers_run,True,2e-12
2022,2022,355445,Trigger_sngMu,1,full_unprescaled_member_covers_run,True,2e-12
2022,2022,355445,Trigger_Muon,2,full_unprescaled_member_covers_run,True,2e-12
2022,2022,355445,Trigger_EGamma,2,full_unprescaled_member_covers_run,True,2e-12
2022,2022,355445,Trigger_Any,7,full_unprescaled_member_covers_run,True,2e-12
2022,2022,355454,Trigger_ElMu,3,inactive,True,2e-12
2022,2022,355454,Trigger_dblEl,1,inactive,True,2e-12
2022,2022,355454,Trigger_dblMu,1,inactive,True,2e-12
2022,2022,355454,Trigger_sngEl,1,inactive,True,2e-12
2022,2022,355454,Trigger_sngMu,1,inactive,True,2e-12
2022,2022,355454,Trigger_Muon,2,inactive,True,2e-12
2022,2022,355454,Trigger_EGamma,2,inactive,True,2e-12
2022,2022,355454,Trigger_Any,7,inactive,True,2e-12
2022,2022,355455,Trigger_ElMu,3,inactive,True,2e-12
2022,2022,355455,Trigger_dblEl,1,inactive,True,2e-12
2022,2022,355455,Trigger_dblMu,1,inactive,True,2e-12
2022,2022,355455,Trigger_sngEl,1,inactive,True,2e-12
2022,2022,355455,Trigger_sngMu,1,inactive,True,2e-12
2022,2022,355455,Trigger_Muon,2,inactive,True,2e-12
2022,2022,355455,Trigger_EGamma,2,inactive,True,2e-12
2022,2022,355455,Trigger_Any,7,inactive,True,2e-12
2022,2022,355456,Trigger_ElMu,3,inactive,True,2e-12
2022,2022,355456,Trigger_dblEl,1,inactive,True,2e-12
2022,2022,355456,Trigger_dblMu,1,inactive,True,2e-12
2022,2022,355456,Trigger_sngEl,1,inactive,True,2e-12
2022,2022,355456,Trigger_sngMu,1,inactive,True,2e-12
2022,2022,355456,Trigger_Muon,2,inactive,True,2e-12
2022,2022,355456,Trigger_EGamma,2,inactive,True,2e-12
2022,2022,355456,Trigger_Any,7,inactive,True,2e-12
2022,2022,355558,Trigger_ElMu,3,full_unprescaled_member_covers_run,True,2e-12
2022,2022,355558,Trigger_dblEl,1,full_unprescaled_member_covers_run,True,2e-12
2022,2022,355558,Trigger_dblMu,1,full_unprescaled_member_covers_run,True,2e-12
2022,2022,355558,Trigger_sngEl,1,full_unprescaled_member_covers_run,True,2e-12
2022,2022,355558,Trigger_sngMu,1,full_unprescaled_member_covers_run,True,2e-12
2022,2022,355558,Trigger_Muon,2,full_unprescaled_member_covers_run,True,2e-12
2022,2022,355558,Trigger_EGamma,2,full_unprescaled_member_covers_run,True,2e-12
2022,2022,355558,Trigger_Any,7,full_unprescaled_member_covers_run,True,2e-12
2022,2022,355559,Trigger_ElMu,3,full_unprescaled_member_covers_run,True,2e-12
2022,2022,355559,Trigger_dblEl,1,full_unprescaled_member_covers_run,True,2e-12
2022,2022,355559,Trigger_dblMu,1,full_unprescaled_member_covers_run,True,2e-12
2022,2022,355559,Trigger_sngEl,1,full_unprescaled_member_covers_run,True,2e-12
2022,2022,355559,Trigger_sngMu,1,full_unprescaled_member_covers_run,True,2e-12
2022,2022,355559,Trigger_Muon,2,full_unprescaled_member_covers_run,True,2e-12
2022,2022,355559,Trigger_EGamma,2,full_unprescaled_member_covers_run,True,2e-12
2022,2022,355559,Trigger_Any,7,full_unprescaled_member_covers_run,True,2e-12
2022,2022,355679,Trigger_ElMu,3,full_unprescaled_member_covers_run,True,2e-12
2022,2022,355679,Trigger_dblEl,1,full_unprescaled_member_covers_run,True,2e-12
2022,2022,355679,Trigger_dblMu,1,full_unprescaled_member_covers_run,True,2e-12
2022,2022,355679,Trigger_sngEl,1,full_unprescaled_member_covers_run,True,2e-12
2022,2022,355679,Trigger_sngMu,1,full_unprescaled_member_covers_run,True,2e-12
2022,2022,355679,Trigger_Muon,2,full_unprescaled_member_covers_run,True,2e-12
2022,2022,355679,Trigger_EGamma,2,full_unprescaled_member_covers_run,True,2e-12
2022,2022,355679,Trigger_Any,7,full_unprescaled_member_covers_run,True,2e-12
2022,2022,355680,Trigger_ElMu,3,full_unprescaled_member_covers_run,True,2e-12
2022,2022,355680,Trigger_dblEl,1,validated_unprescaled_partial_ls_union,True,2e-12
2022,2022,355680,Trigger_dblMu,1,full_unprescaled_member_covers_run,True,2e-12
2022,2022,355680,Trigger_sngEl,1,validated_unprescaled_partial_ls_union,True,2e-12
2022,2022,355680,Trigger_sngMu,1,full_unprescaled_member_covers_run,True,2e-12
2022,2022,355680,Trigger_Muon,2,full_unprescaled_member_covers_run,True,2e-12
2022,2022,355680,Trigger_EGamma,2,validated_unprescaled_partial_ls_union,True,2e-12
2022,2022,355680,Trigger_Any,7,full_unprescaled_member_covers_run,True,2e-12
2022,2022,355768,Trigger_ElMu,3,full_unprescaled_member_covers_run,True,2e-12
2022,2022,355768,Trigger_dblEl,1,full_unprescaled_member_covers_run,True,2e-12
2022,2022,355768,Trigger_dblMu,1,full_unprescaled_member_covers_run,True,2e-12
2022,2022,355768,Trigger_sngEl,1,full_unprescaled_member_covers_run,True,2e-12
2022,2022,355768,Trigger_sngMu,1,full_unprescaled_member_covers_run,True,2e-12
2022,2022,355768,Trigger_Muon,2,full_unprescaled_member_covers_run,True,2e-12
2022,2022,355768,Trigger_EGamma,2,full_unprescaled_member_covers_run,True,2e-12
2022,2022,355768,Trigger_Any,7,full_unprescaled_member_covers_run,True,2e-12
2022,2022,355769,Trigger_ElMu,3,full_unprescaled_member_covers_run,True,2e-12
2022,2022,355769,Trigger_dblEl,1,full_unprescaled_member_covers_run,True,2e-12
2022,2022,355769,Trigger_dblMu,1,full_unprescaled_member_covers_run,True,2e-12
2022,2022,355769,Trigger_sngEl,1,full_unprescaled_member_covers_run,True,2e-12
2022,2022,355769,Trigger_sngMu,1,full_unprescaled_member_covers_run,True,2e-12
2022,2022,355769,Trigger_Muon,2,full_unprescaled_member_covers_run,True,2e-12
2022,2022,355769,Trigger_EGamma,2,full_unprescaled_member_covers_run,True,2e-12
2022,2022,355769,Trigger_Any,7,full_unprescaled_member_covers_run,True,2e-12
2022,2022,355862,Trigger_ElMu,3,full_unprescaled_member_covers_run,True,2e-12
2022,2022,355862,Trigger_dblEl,1,full_unprescaled_member_covers_run,True,2e-12
2022,2022,355862,Trigger_dblMu,1,full_unprescaled_member_covers_run,True,2e-12
2022,2022,355862,Trigger_sngEl,1,full_unprescaled_member_covers_run,True,2e-12
2022,2022,355862,Trigger_sngMu,1,full_unprescaled_member_covers_run,True,2e-12
2022,2022,355862,Trigger_Muon,2,full_unprescaled_member_covers_run,True,2e-12
2022,2022,355862,Trigger_EGamma,2,full_unprescaled_member_covers_run,True,2e-12
2022,2022,355862,Trigger_Any,7,full_unprescaled_member_covers_run,True,2e-12
2022,2022,355863,Trigger_ElMu,3,full_unprescaled_member_covers_run,True,2e-12
2022,2022,355863,Trigger_dblEl,1,full_unprescaled_member_covers_run,True,2e-12
2022,2022,355863,Trigger_dblMu,1,full_unprescaled_member_covers_run,True,2e-12
2022,2022,355863,Trigger_sngEl,1,full_unprescaled_member_covers_run,True,2e-12
2022,2022,355863,Trigger_sngMu,1,full_unprescaled_member_covers_run,True,2e-12
2022,2022,355863,Trigger_Muon,2,full_unprescaled_member_covers_run,True,2e-12
2022,2022,355863,Trigger_EGamma,2,full_unprescaled_member_covers_run,True,2e-12
2022,2022,355863,Trigger_Any,7,full_unprescaled_member_covers_run,True,2e-12
2022,2022,355870,Trigger_ElMu,3,full_unprescaled_member_covers_run,True,2e-12
2022,2022,355870,Trigger_dblEl,1,full_unprescaled_member_covers_run,True,2e-12
2022,2022,355870,Trigger_dblMu,1,full_unprescaled_member_covers_run,True,2e-12
2022,2022,355870,Trigger_sngEl,1,full_unprescaled_member_covers_run,True,2e-12
2022,2022,355870,Trigger_sngMu,1,full_unprescaled_member_covers_run,True,2e-12
2022,2022,355870,Trigger_Muon,2,full_unprescaled_member_covers_run,True,2e-12
2022,2022,355870,Trigger_EGamma,2,full_unprescaled_member_covers_run,True,2e-12
2022,2022,355870,Trigger_Any,7,full_unprescaled_member_covers_run,True,2e-12
2022,2022,355871,Trigger_ElMu,3,full_unprescaled_member_covers_run,True,2e-12
2022,2022,355871,Trigger_dblEl,1,full_unprescaled_member_covers_run,True,2e-12
2022,2022,355871,Trigger_dblMu,1,full_unprescaled_member_covers_run,True,2e-12
2022,2022,355871,Trigger_sngEl,1,full_unprescaled_member_covers_run,True,2e-12
2022,2022,355871,Trigger_sngMu,1,full_unprescaled_member_covers_run,True,2e-12
2022,2022,355871,Trigger_Muon,2,full_unprescaled_member_covers_run,True,2e-12
2022,2022,355871,Trigger_EGamma,2,full_unprescaled_member_covers_run,True,2e-12
2022,2022,355871,Trigger_Any,7,full_unprescaled_member_covers_run,True,2e-12
2022,2022,355872,Trigger_ElMu,3,full_unprescaled_member_covers_run,True,2e-12
2022,2022,355872,Trigger_dblEl,1,full_unprescaled_member_covers_run,True,2e-12
2022,2022,355872,Trigger_dblMu,1,full_unprescaled_member_covers_run,True,2e-12
2022,2022,355872,Trigger_sngEl,1,full_unprescaled_member_covers_run,True,2e-12
2022,2022,355872,Trigger_sngMu,1,full_unprescaled_member_covers_run,True,2e-12
2022,2022,355872,Trigger_Muon,2,full_unprescaled_member_covers_run,True,2e-12
2022,2022,355872,Trigger_EGamma,2,full_unprescaled_member_covers_run,True,2e-12
2022,2022,355872,Trigger_Any,7,full_unprescaled_member_covers_run,True,2e-12
2022,2022,355892,Trigger_ElMu,3,full_unprescaled_member_covers_run,True,2e-12
2022,2022,355892,Trigger_dblEl,1,full_unprescaled_member_covers_run,True,2e-12
2022,2022,355892,Trigger_dblMu,1,full_unprescaled_member_covers_run,True,2e-12
2022,2022,355892,Trigger_sngEl,1,full_unprescaled_member_covers_run,True,2e-12
2022,2022,355892,Trigger_sngMu,1,full_unprescaled_member_covers_run,True,2e-12
2022,2022,355892,Trigger_Muon,2,full_unprescaled_member_covers_run,True,2e-12
2022,2022,355892,Trigger_EGamma,2,full_unprescaled_member_covers_run,True,2e-12
2022,2022,355892,Trigger_Any,7,full_unprescaled_member_covers_run,True,2e-12
2022,2022,355912,Trigger_ElMu,3,full_unprescaled_member_covers_run,True,2e-12
2022,2022,355912,Trigger_dblEl,1,full_unprescaled_member_covers_run,True,2e-12
2022,2022,355912,Trigger_dblMu,1,full_unprescaled_member_covers_run,True,2e-12
2022,2022,355912,Trigger_sngEl,1,full_unprescaled_member_covers_run,True,2e-12
2022,2022,355912,Trigger_sngMu,1,full_unprescaled_member_covers_run,True,2e-12
2022,2022,355912,Trigger_Muon,2,full_unprescaled_member_covers_run,True,2e-12
2022,2022,355912,Trigger_EGamma,2,full_unprescaled_member_covers_run,True,2e-12
2022,2022,355912,Trigger_Any,7,full_unprescaled_member_covers_run,True,2e-12
2022,2022,355913,Trigger_ElMu,3,full_unprescaled_member_covers_run,True,2e-12
2022,2022,355913,Trigger_dblEl,1,full_unprescaled_member_covers_run,True,2e-12
2022,2022,355913,Trigger_dblMu,1,full_unprescaled_member_covers_run,True,2e-12
2022,2022,355913,Trigger_sngEl,1,full_unprescaled_member_covers_run,True,2e-12
2022,2022,355913,Trigger_sngMu,1,full_unprescaled_member_covers_run,True,2e-12
2022,2022,355913,Trigger_Muon,2,full_unprescaled_member_covers_run,True,2e-12
2022,2022,355913,Trigger_EGamma,2,full_unprescaled_member_covers_run,True,2e-12
2022,2022,355913,Trigger_Any,7,full_unprescaled_member_covers_run,True,2e-12
2022,2022,355921,Trigger_ElMu,3,full_unprescaled_member_covers_run,True,2e-12
2022,2022,355921,Trigger_dblEl,1,full_unprescaled_member_covers_run,True,2e-12
2022,2022,355921,Trigger_dblMu,1,full_unprescaled_member_covers_run,True,2e-12
2022,2022,355921,Trigger_sngEl,1,full_unprescaled_member_covers_run,True,2e-12
2022,2022,355921,Trigger_sngMu,1,full_unprescaled_member_covers_run,True,2e-12
2022,2022,355921,Trigger_Muon,2,full_unprescaled_member_covers_run,True,2e-12
2022,2022,355921,Trigger_EGamma,2,full_unprescaled_member_covers_run,True,2e-12
2022,2022,355921,Trigger_Any,7,full_unprescaled_member_covers_run,True,2e-12
2022,2022,355933,Trigger_ElMu,3,full_unprescaled_member_covers_run,True,2e-12
2022,2022,355933,Trigger_dblEl,1,full_unprescaled_member_covers_run,True,2e-12
2022,2022,355933,Trigger_dblMu,1,full_unprescaled_member_covers_run,True,2e-12
2022,2022,355933,Trigger_sngEl,1,full_unprescaled_member_covers_run,True,2e-12
2022,2022,355933,Trigger_sngMu,1,full_unprescaled_member_covers_run,True,2e-12
2022,2022,355933,Trigger_Muon,2,full_unprescaled_member_covers_run,True,2e-12
2022,2022,355933,Trigger_EGamma,2,full_unprescaled_member_covers_run,True,2e-12
2022,2022,355933,Trigger_Any,7,full_unprescaled_member_covers_run,True,2e-12
2022,2022,355942,Trigger_ElMu,3,full_unprescaled_member_covers_run,True,2e-12
2022,2022,355942,Trigger_dblEl,1,full_unprescaled_member_covers_run,True,2e-12
2022,2022,355942,Trigger_dblMu,1,full_unprescaled_member_covers_run,True,2e-12
2022,2022,355942,Trigger_sngEl,1,full_unprescaled_member_covers_run,True,2e-12
2022,2022,355942,Trigger_sngMu,1,full_unprescaled_member_covers_run,True,2e-12
2022,2022,355942,Trigger_Muon,2,full_unprescaled_member_covers_run,True,2e-12
2022,2022,355942,Trigger_EGamma,2,full_unprescaled_member_covers_run,True,2e-12
2022,2022,355942,Trigger_Any,7,full_unprescaled_member_covers_run,True,2e-12
2022,2022,355988,Trigger_ElMu,3,full_unprescaled_member_covers_run,True,2e-12
2022,2022,355988,Trigger_dblEl,1,full_unprescaled_member_covers_run,True,2e-12
2022,2022,355988,Trigger_dblMu,1,full_unprescaled_member_covers_run,True,2e-12
2022,2022,355988,Trigger_sngEl,1,full_unprescaled_member_covers_run,True,2e-12
2022,2022,355988,Trigger_sngMu,1,full_unprescaled_member_covers_run,True,2e-12
2022,2022,355988,Trigger_Muon,2,full_unprescaled_member_covers_run,True,2e-12
2022,2022,355988,Trigger_EGamma,2,full_unprescaled_member_covers_run,True,2e-12
2022,2022,355988,Trigger_Any,7,full_unprescaled_member_covers_run,True,2e-12
2022,2022,355989,Trigger_ElMu,3,full_unprescaled_member_covers_run,True,2e-12
2022,2022,355989,Trigger_dblEl,1,full_unprescaled_member_covers_run,True,2e-12
2022,2022,355989,Trigger_dblMu,1,full_unprescaled_member_covers_run,True,2e-12
2022,2022,355989,Trigger_sngEl,1,full_unprescaled_member_covers_run,True,2e-12
2022,2022,355989,Trigger_sngMu,1,full_unprescaled_member_covers_run,True,2e-12
2022,2022,355989,Trigger_Muon,2,full_unprescaled_member_covers_run,True,2e-12
2022,2022,355989,Trigger_EGamma,2,full_unprescaled_member_covers_run,True,2e-12
2022,2022,355989,Trigger_Any,7,full_unprescaled_member_covers_run,True,2e-12
2022,2022,355998,Trigger_ElMu,3,full_unprescaled_member_covers_run,True,2e-12
2022,2022,355998,Trigger_dblEl,1,full_unprescaled_member_covers_run,True,2e-12
2022,2022,355998,Trigger_dblMu,1,full_unprescaled_member_covers_run,True,2e-12
2022,2022,355998,Trigger_sngEl,1,full_unprescaled_member_covers_run,True,2e-12
2022,2022,355998,Trigger_sngMu,1,full_unprescaled_member_covers_run,True,2e-12
2022,2022,355998,Trigger_Muon,2,full_unprescaled_member_covers_run,True,2e-12
2022,2022,355998,Trigger_EGamma,2,full_unprescaled_member_covers_run,True,2e-12
2022,2022,355998,Trigger_Any,7,full_unprescaled_member_covers_run,True,2e-12
2022,2022,355999,Trigger_ElMu,3,full_unprescaled_member_covers_run,True,2e-12
2022,2022,355999,Trigger_dblEl,1,full_unprescaled_member_covers_run,True,2e-12
2022,2022,355999,Trigger_dblMu,1,full_unprescaled_member_covers_run,True,2e-12
2022,2022,355999,Trigger_sngEl,1,full_unprescaled_member_covers_run,True,2e-12
2022,2022,355999,Trigger_sngMu,1,full_unprescaled_member_covers_run,True,2e-12
2022,2022,355999,Trigger_Muon,2,full_unprescaled_member_covers_run,True,2e-12
2022,2022,355999,Trigger_EGamma,2,full_unprescaled_member_covers_run,True,2e-12
2022,2022,355999,Trigger_Any,7,full_unprescaled_member_covers_run,True,2e-12
2022,2022,356004,Trigger_ElMu,3,full_unprescaled_member_covers_run,True,2e-12
2022,2022,356004,Trigger_dblEl,1,full_unprescaled_member_covers_run,True,2e-12
2022,2022,356004,Trigger_dblMu,1,full_unprescaled_member_covers_run,True,2e-12
2022,2022,356004,Trigger_sngEl,1,full_unprescaled_member_covers_run,True,2e-12
2022,2022,356004,Trigger_sngMu,1,full_unprescaled_member_covers_run,True,2e-12
2022,2022,356004,Trigger_Muon,2,full_unprescaled_member_covers_run,True,2e-12
2022,2022,356004,Trigger_EGamma,2,full_unprescaled_member_covers_run,True,2e-12
2022,2022,356004,Trigger_Any,7,full_unprescaled_member_covers_run,True,2e-12
2022,2022,356005,Trigger_ElMu,3,full_unprescaled_member_covers_run,True,2e-12
2022,2022,356005,Trigger_dblEl,1,full_unprescaled_member_covers_run,True,2e-12
2022,2022,356005,Trigger_dblMu,1,validated_unprescaled_partial_ls_union,True,2e-12
2022,2022,356005,Trigger_sngEl,1,full_unprescaled_member_covers_run,True,2e-12
2022,2022,356005,Trigger_sngMu,1,validated_unprescaled_partial_ls_union,True,2e-12
2022,2022,356005,Trigger_Muon,2,validated_unprescaled_partial_ls_union,True,2e-12
2022,2022,356005,Trigger_EGamma,2,full_unprescaled_member_covers_run,True,2e-12
2022,2022,356005,Trigger_Any,7,full_unprescaled_member_covers_run,True,2e-12
2022,2022,356043,Trigger_ElMu,3,full_unprescaled_member_covers_run,True,2e-12
2022,2022,356043,Trigger_dblEl,1,full_unprescaled_member_covers_run,True,2e-12
2022,2022,356043,Trigger_dblMu,1,full_unprescaled_member_covers_run,True,2e-12
2022,2022,356043,Trigger_sngEl,1,full_unprescaled_member_covers_run,True,2e-12
2022,2022,356043,Trigger_sngMu,1,full_unprescaled_member_covers_run,True,2e-12
2022,2022,356043,Trigger_Muon,2,full_unprescaled_member_covers_run,True,2e-12
2022,2022,356043,Trigger_EGamma,2,full_unprescaled_member_covers_run,True,2e-12
2022,2022,356043,Trigger_Any,7,full_unprescaled_member_covers_run,True,2e-12
2022,2022,356071,Trigger_ElMu,3,full_unprescaled_member_covers_run,True,2e-12
2022,2022,356071,Trigger_dblEl,1,full_unprescaled_member_covers_run,True,2e-12
2022,2022,356071,Trigger_dblMu,1,full_unprescaled_member_covers_run,True,2e-12
2022,2022,356071,Trigger_sngEl,1,full_unprescaled_member_covers_run,True,2e-12
2022,2022,356071,Trigger_sngMu,1,full_unprescaled_member_covers_run,True,2e-12
2022,2022,356071,Trigger_Muon,2,full_unprescaled_member_covers_run,True,2e-12
2022,2022,356071,Trigger_EGamma,2,full_unprescaled_member_covers_run,True,2e-12
2022,2022,356071,Trigger_Any,7,full_unprescaled_member_covers_run,True,2e-12
2022,2022,356074,Trigger_ElMu,3,full_unprescaled_member_covers_run,True,2e-12
2022,2022,356074,Trigger_dblEl,1,full_unprescaled_member_covers_run,True,2e-12
2022,2022,356074,Trigger_dblMu,1,full_unprescaled_member_covers_run,True,2e-12
2022,2022,356074,Trigger_sngEl,1,full_unprescaled_member_covers_run,True,2e-12
2022,2022,356074,Trigger_sngMu,1,full_unprescaled_member_covers_run,True,2e-12
2022,2022,356074,Trigger_Muon,2,full_unprescaled_member_covers_run,True,2e-12
2022,2022,356074,Trigger_EGamma,2,full_unprescaled_member_covers_run,True,2e-12
2022,2022,356074,Trigger_Any,7,full_unprescaled_member_covers_run,True,2e-12
2022,2022,356075,Trigger_ElMu,3,full_unprescaled_member_covers_run,True,2e-12
2022,2022,356075,Trigger_dblEl,1,full_unprescaled_member_covers_run,True,2e-12
2022,2022,356075,Trigger_dblMu,1,full_unprescaled_member_covers_run,True,2e-12
2022,2022,356075,Trigger_sngEl,1,full_unprescaled_member_covers_run,True,2e-12
2022,2022,356075,Trigger_sngMu,1,full_unprescaled_member_covers_run,True,2e-12
2022,2022,356075,Trigger_Muon,2,full_unprescaled_member_covers_run,True,2e-12
2022,2022,356075,Trigger_EGamma,2,full_unprescaled_member_covers_run,True,2e-12
2022,2022,356075,Trigger_Any,7,full_unprescaled_member_covers_run,True,2e-12
2022,2022,356076,Trigger_ElMu,3,full_unprescaled_member_covers_run,True,2e-12
2022,2022,356076,Trigger_dblEl,1,full_unprescaled_member_covers_run,True,2e-12
2022,2022,356076,Trigger_dblMu,1,full_unprescaled_member_covers_run,True,2e-12
2022,2022,356076,Trigger_sngEl,1,full_unprescaled_member_covers_run,True,2e-12
2022,2022,356076,Trigger_sngMu,1,full_unprescaled_member_covers_run,True,2e-12
2022,2022,356076,Trigger_Muon,2,full_unprescaled_member_covers_run,True,2e-12
2022,2022,356076,Trigger_EGamma,2,full_unprescaled_member_covers_run,True,2e-12
2022,2022,356076,Trigger_Any,7,full_unprescaled_member_covers_run,True,2e-12
2022,2022,356077,Trigger_ElMu,3,full_unprescaled_member_covers_run,True,2e-12
2022,2022,356077,Trigger_dblEl,1,full_unprescaled_member_covers_run,True,2e-12
2022,2022,356077,Trigger_dblMu,1,full_unprescaled_member_covers_run,True,2e-12
2022,2022,356077,Trigger_sngEl,1,full_unprescaled_member_covers_run,True,2e-12
2022,2022,356077,Trigger_sngMu,1,full_unprescaled_member_covers_run,True,2e-12
2022,2022,356077,Trigger_Muon,2,full_unprescaled_member_covers_run,True,2e-12
2022,2022,356077,Trigger_EGamma,2,full_unprescaled_member_covers_run,True,2e-12
2022,2022,356077,Trigger_Any,7,full_unprescaled_member_covers_run,True,2e-12
2022,2022,356135,Trigger_ElMu,3,full_unprescaled_member_covers_run,True,2e-12
2022,2022,356135,Trigger_dblEl,1,full_unprescaled_member_covers_run,True,2e-12
2022,2022,356135,Trigger_dblMu,1,full_unprescaled_member_covers_run,True,2e-12
2022,2022,356135,Trigger_sngEl,1,full_unprescaled_member_covers_run,True,2e-12
2022,2022,356135,Trigger_sngMu,1,full_unprescaled_member_covers_run,True,2e-12
2022,2022,356135,Trigger_Muon,2,full_unprescaled_member_covers_run,True,2e-12
2022,2022,356135,Trigger_EGamma,2,full_unprescaled_member_covers_run,True,2e-12
2022,2022,356135,Trigger_Any,7,full_unprescaled_member_covers_run,True,2e-12
2022,2022,356309,Trigger_ElMu,3,full_unprescaled_member_covers_run,True,2e-12
2022,2022,356309,Trigger_dblEl,1,full_unprescaled_member_covers_run,True,2e-12
2022,2022,356309,Trigger_dblMu,1,full_unprescaled_member_covers_run,True,2e-12
2022,2022,356309,Trigger_sngEl,1,full_unprescaled_member_covers_run,True,2e-12
2022,2022,356309,Trigger_sngMu,1,full_unprescaled_member_covers_run,True,2e-12
2022,2022,356309,Trigger_Muon,2,full_unprescaled_member_covers_run,True,2e-12
2022,2022,356309,Trigger_EGamma,2,full_unprescaled_member_covers_run,True,2e-12
2022,2022,356309,Trigger_Any,7,full_unprescaled_member_covers_run,True,2e-12
2022,2022,356316,Trigger_ElMu,3,full_unprescaled_member_covers_run,True,2e-12
2022,2022,356316,Trigger_dblEl,1,full_unprescaled_member_covers_run,True,2e-12
2022,2022,356316,Trigger_dblMu,1,full_unprescaled_member_covers_run,True,2e-12
2022,2022,356316,Trigger_sngEl,1,full_unprescaled_member_covers_run,True,2e-12
2022,2022,356316,Trigger_sngMu,1,full_unprescaled_member_covers_run,True,2e-12
2022,2022,356316,Trigger_Muon,2,full_unprescaled_member_covers_run,True,2e-12
2022,2022,356316,Trigger_EGamma,2,full_unprescaled_member_covers_run,True,2e-12
2022,2022,356316,Trigger_Any,7,full_unprescaled_member_covers_run,True,2e-12
2022,2022,356322,Trigger_ElMu,3,full_unprescaled_member_covers_run,True,2e-12
2022,2022,356322,Trigger_dblEl,1,full_unprescaled_member_covers_run,True,2e-12
2022,2022,356322,Trigger_dblMu,1,full_unprescaled_member_covers_run,True,2e-12
2022,2022,356322,Trigger_sngEl,1,full_unprescaled_member_covers_run,True,2e-12
2022,2022,356322,Trigger_sngMu,1,full_unprescaled_member_covers_run,True,2e-12
2022,2022,356322,Trigger_Muon,2,full_unprescaled_member_covers_run,True,2e-12
2022,2022,356322,Trigger_EGamma,2,full_unprescaled_member_covers_run,True,2e-12
2022,2022,356322,Trigger_Any,7,full_unprescaled_member_covers_run,True,2e-12
2022,2022,356323,Trigger_ElMu,3,full_unprescaled_member_covers_run,True,2e-12
2022,2022,356323,Trigger_dblEl,1,full_unprescaled_member_covers_run,True,2e-12
2022,2022,356323,Trigger_dblMu,1,full_unprescaled_member_covers_run,True,2e-12
2022,2022,356323,Trigger_sngEl,1,full_unprescaled_member_covers_run,True,2e-12
2022,2022,356323,Trigger_sngMu,1,full_unprescaled_member_covers_run,True,2e-12
2022,2022,356323,Trigger_Muon,2,full_unprescaled_member_covers_run,True,2e-12
2022,2022,356323,Trigger_EGamma,2,full_unprescaled_member_covers_run,True,2e-12
2022,2022,356323,Trigger_Any,7,full_unprescaled_member_covers_run,True,2e-12
2022,2022,356371,Trigger_ElMu,3,full_unprescaled_member_covers_run,True,2e-12
2022,2022,356371,Trigger_dblEl,1,full_unprescaled_member_covers_run,True,2e-12
2022,2022,356371,Trigger_dblMu,1,full_unprescaled_member_covers_run,True,2e-12
2022,2022,356371,Trigger_sngEl,1,full_unprescaled_member_covers_run,True,2e-12
2022,2022,356371,Trigger_sngMu,1,full_unprescaled_member_covers_run,True,2e-12
2022,2022,356371,Trigger_Muon,2,full_unprescaled_member_covers_run,True,2e-12
2022,2022,356371,Trigger_EGamma,2,full_unprescaled_member_covers_run,True,2e-12
2022,2022,356371,Trigger_Any,7,full_unprescaled_member_covers_run,True,2e-12
2022,2022,356375,Trigger_ElMu,3,full_unprescaled_member_covers_run,True,2e-12
2022,2022,356375,Trigger_dblEl,1,full_unprescaled_member_covers_run,True,2e-12
2022,2022,356375,Trigger_dblMu,1,full_unprescaled_member_covers_run,True,2e-12
2022,2022,356375,Trigger_sngEl,1,full_unprescaled_member_covers_run,True,2e-12
2022,2022,356375,Trigger_sngMu,1,full_unprescaled_member_covers_run,True,2e-12
2022,2022,356375,Trigger_Muon,2,full_unprescaled_member_covers_run,True,2e-12
2022,2022,356375,Trigger_EGamma,2,full_unprescaled_member_covers_run,True,2e-12
2022,2022,356375,Trigger_Any,7,full_unprescaled_member_covers_run,True,2e-12
2022,2022,356378,Trigger_ElMu,3,full_unprescaled_member_covers_run,True,2e-12
2022,2022,356378,Trigger_dblEl,1,validated_unprescaled_partial_ls_union,True,2e-12
2022,2022,356378,Trigger_dblMu,1,full_unprescaled_member_covers_run,True,2e-12
2022,2022,356378,Trigger_sngEl,1,validated_unprescaled_partial_ls_union,True,2e-12
2022,2022,356378,Trigger_sngMu,1,full_unprescaled_member_covers_run,True,2e-12
2022,2022,356378,Trigger_Muon,2,full_unprescaled_member_covers_run,True,2e-12
2022,2022,356378,Trigger_EGamma,2,validated_unprescaled_partial_ls_union,True,2e-12
2022,2022,356378,Trigger_Any,7,full_unprescaled_member_covers_run,True,2e-12
2022,2022,356381,Trigger_ElMu,3,full_unprescaled_member_covers_run,True,2e-12
2022,2022,356381,Trigger_dblEl,1,full_unprescaled_member_covers_run,True,2e-12
2022,2022,356381,Trigger_dblMu,1,full_unprescaled_member_covers_run,True,2e-12
2022,2022,356381,Trigger_sngEl,1,full_unprescaled_member_covers_run,True,2e-12
2022,2022,356381,Trigger_sngMu,1,full_unprescaled_member_covers_run,True,2e-12
2022,2022,356381,Trigger_Muon,2,full_unprescaled_member_covers_run,True,2e-12
2022,2022,356381,Trigger_EGamma,2,full_unprescaled_member_covers_run,True,2e-12
2022,2022,356381,Trigger_Any,7,full_unprescaled_member_covers_run,True,2e-12
2022,2022,356383,Trigger_ElMu,3,full_unprescaled_member_covers_run,True,2e-12
2022,2022,356383,Trigger_dblEl,1,full_unprescaled_member_covers_run,True,2e-12
2022,2022,356383,Trigger_dblMu,1,full_unprescaled_member_covers_run,True,2e-12
2022,2022,356383,Trigger_sngEl,1,full_unprescaled_member_covers_run,True,2e-12
2022,2022,356383,Trigger_sngMu,1,full_unprescaled_member_covers_run,True,2e-12
2022,2022,356383,Trigger_Muon,2,full_unprescaled_member_covers_run,True,2e-12
2022,2022,356383,Trigger_EGamma,2,full_unprescaled_member_covers_run,True,2e-12
2022,2022,356383,Trigger_Any,7,full_unprescaled_member_covers_run,True,2e-12
2022,2022,356385,Trigger_ElMu,3,full_unprescaled_member_covers_run,True,2e-12
2022,2022,356385,Trigger_dblEl,1,full_unprescaled_member_covers_run,True,2e-12
2022,2022,356385,Trigger_dblMu,1,full_unprescaled_member_covers_run,True,2e-12
2022,2022,356385,Trigger_sngEl,1,full_unprescaled_member_covers_run,True,2e-12
2022,2022,356385,Trigger_sngMu,1,full_unprescaled_member_covers_run,True,2e-12
2022,2022,356385,Trigger_Muon,2,full_unprescaled_member_covers_run,True,2e-12
2022,2022,356385,Trigger_EGamma,2,full_unprescaled_member_covers_run,True,2e-12
2022,2022,356385,Trigger_Any,7,full_unprescaled_member_covers_run,True,2e-12
2022,2022,356386,Trigger_ElMu,3,full_unprescaled_member_covers_run,True,2e-12
2022,2022,356386,Trigger_dblEl,1,full_unprescaled_member_covers_run,True,2e-12
2022,2022,356386,Trigger_dblMu,1,full_unprescaled_member_covers_run,True,2e-12
2022,2022,356386,Trigger_sngEl,1,full_unprescaled_member_covers_run,True,2e-12
2022,2022,356386,Trigger_sngMu,1,full_unprescaled_member_covers_run,True,2e-12
2022,2022,356386,Trigger_Muon,2,full_unprescaled_member_covers_run,True,2e-12
2022,2022,356386,Trigger_EGamma,2,full_unprescaled_member_covers_run,True,2e-12
2022,2022,356386,Trigger_Any,7,full_unprescaled_member_covers_run,True,2e-12
2022,2022,356426,Trigger_ElMu,3,full_unprescaled_member_covers_run,True,2e-12
2022,2022,356426,Trigger_dblEl,1,full_unprescaled_member_covers_run,True,2e-12
2022,2022,356426,Trigger_dblMu,1,full_unprescaled_member_covers_run,True,2e-12
2022,2022,356426,Trigger_sngEl,1,full_unprescaled_member_covers_run,True,2e-12
2022,2022,356426,Trigger_sngMu,1,full_unprescaled_member_covers_run,True,2e-12
2022,2022,356426,Trigger_Muon,2,full_unprescaled_member_covers_run,True,2e-12
2022,2022,356426,Trigger_EGamma,2,full_unprescaled_member_covers_run,True,2e-12
2022,2022,356426,Trigger_Any,7,full_unprescaled_member_covers_run,True,2e-12
2022,2022,356428,Trigger_ElMu,3,full_unprescaled_member_covers_run,True,2e-12
2022,2022,356428,Trigger_dblEl,1,full_unprescaled_member_covers_run,True,2e-12
2022,2022,356428,Trigger_dblMu,1,full_unprescaled_member_covers_run,True,2e-12
2022,2022,356428,Trigger_sngEl,1,full_unprescaled_member_covers_run,True,2e-12
2022,2022,356428,Trigger_sngMu,1,full_unprescaled_member_covers_run,True,2e-12
2022,2022,356428,Trigger_Muon,2,full_unprescaled_member_covers_run,True,2e-12
2022,2022,356428,Trigger_EGamma,2,full_unprescaled_member_covers_run,True,2e-12
2022,2022,356428,Trigger_Any,7,full_unprescaled_member_covers_run,True,2e-12
2022,2022,356433,Trigger_ElMu,3,full_unprescaled_member_covers_run,True,2e-12
2022,2022,356433,Trigger_dblEl,1,full_unprescaled_member_covers_run,True,2e-12
2022,2022,356433,Trigger_dblMu,1,full_unprescaled_member_covers_run,True,2e-12
2022,2022,356433,Trigger_sngEl,1,full_unprescaled_member_covers_run,True,2e-12
2022,2022,356433,Trigger_sngMu,1,full_unprescaled_member_covers_run,True,2e-12
2022,2022,356433,Trigger_Muon,2,full_unprescaled_member_covers_run,True,2e-12
2022,2022,356433,Trigger_EGamma,2,full_unprescaled_member_covers_run,True,2e-12
2022,2022,356433,Trigger_Any,7,full_unprescaled_member_covers_run,True,2e-12
2022,2022,356434,Trigger_ElMu,3,full_unprescaled_member_covers_run,True,2e-12
2022,2022,356434,Trigger_dblEl,1,full_unprescaled_member_covers_run,True,2e-12
2022,2022,356434,Trigger_dblMu,1,full_unprescaled_member_covers_run,True,2e-12
2022,2022,356434,Trigger_sngEl,1,full_unprescaled_member_covers_run,True,2e-12
2022,2022,356434,Trigger_sngMu,1,full_unprescaled_member_covers_run,True,2e-12
2022,2022,356434,Trigger_Muon,2,full_unprescaled_member_covers_run,True,2e-12
2022,2022,356434,Trigger_EGamma,2,full_unprescaled_member_covers_run,True,2e-12
2022,2022,356434,Trigger_Any,7,full_unprescaled_member_covers_run,True,2e-12
2022,2022,356435,Trigger_ElMu,3,full_unprescaled_member_covers_run,True,2e-12
2022,2022,356435,Trigger_dblEl,1,full_unprescaled_member_covers_run,True,2e-12
2022,2022,356435,Trigger_dblMu,1,full_unprescaled_member_covers_run,True,2e-12
2022,2022,356435,Trigger_sngEl,1,full_unprescaled_member_covers_run,True,2e-12
2022,2022,356435,Trigger_sngMu,1,full_unprescaled_member_covers_run,True,2e-12
2022,2022,356435,Trigger_Muon,2,full_unprescaled_member_covers_run,True,2e-12
2022,2022,356435,Trigger_EGamma,2,full_unprescaled_member_covers_run,True,2e-12
2022,2022,356435,Trigger_Any,7,full_unprescaled_member_covers_run,True,2e-12
2022,2022,356446,Trigger_ElMu,3,full_unprescaled_member_covers_run,True,2e-12
2022,2022,356446,Trigger_dblEl,1,validated_unprescaled_partial_ls_union,True,2e-12
2022,2022,356446,Trigger_dblMu,1,full_unprescaled_member_covers_run,True,2e-12
2022,2022,356446,Trigger_sngEl,1,validated_unprescaled_partial_ls_union,True,2e-12
2022,2022,356446,Trigger_sngMu,1,full_unprescaled_member_covers_run,True,2e-12
2022,2022,356446,Trigger_Muon,2,full_unprescaled_member_covers_run,True,2e-12
2022,2022,356446,Trigger_EGamma,2,validated_unprescaled_partial_ls_union,True,2e-12
2022,2022,356446,Trigger_Any,7,full_unprescaled_member_covers_run,True,2e-12
2022,2022,356523,Trigger_ElMu,3,full_unprescaled_member_covers_run,True,2e-12
2022,2022,356523,Trigger_dblEl,1,full_unprescaled_member_covers_run,True,2e-12
2022,2022,356523,Trigger_dblMu,1,full_unprescaled_member_covers_run,True,2e-12
2022,2022,356523,Trigger_sngEl,1,full_unprescaled_member_covers_run,True,2e-12
2022,2022,356523,Trigger_sngMu,1,full_unprescaled_member_covers_run,True,2e-12
2022,2022,356523,Trigger_Muon,2,full_unprescaled_member_covers_run,True,2e-12
2022,2022,356523,Trigger_EGamma,2,full_unprescaled_member_covers_run,True,2e-12
2022,2022,356523,Trigger_Any,7,full_unprescaled_member_covers_run,True,2e-12
2022,2022,356531,Trigger_ElMu,3,full_unprescaled_member_covers_run,True,2e-12
2022,2022,356531,Trigger_dblEl,1,full_unprescaled_member_covers_run,True,2e-12
2022,2022,356531,Trigger_dblMu,1,full_unprescaled_member_covers_run,True,2e-12
2022,2022,356531,Trigger_sngEl,1,full_unprescaled_member_covers_run,True,2e-12
2022,2022,356531,Trigger_sngMu,1,full_unprescaled_member_covers_run,True,2e-12
2022,2022,356531,Trigger_Muon,2,full_unprescaled_member_covers_run,True,2e-12
2022,2022,356531,Trigger_EGamma,2,full_unprescaled_member_covers_run,True,2e-12
2022,2022,356531,Trigger_Any,7,full_unprescaled_member_covers_run,True,2e-12
2022,2022,356563,Trigger_ElMu,3,full_unprescaled_member_covers_run,True,2e-12
2022,2022,356563,Trigger_dblEl,1,full_unprescaled_member_covers_run,True,2e-12
2022,2022,356563,Trigger_dblMu,1,full_unprescaled_member_covers_run,True,2e-12
2022,2022,356563,Trigger_sngEl,1,full_unprescaled_member_covers_run,True,2e-12
2022,2022,356563,Trigger_sngMu,1,full_unprescaled_member_covers_run,True,2e-12
2022,2022,356563,Trigger_Muon,2,full_unprescaled_member_covers_run,True,2e-12
2022,2022,356563,Trigger_EGamma,2,full_unprescaled_member_covers_run,True,2e-12
2022,2022,356563,Trigger_Any,7,full_unprescaled_member_covers_run,True,2e-12
2022,2022,356568,Trigger_ElMu,3,full_unprescaled_member_covers_run,True,2e-12
2022,2022,356568,Trigger_dblEl,1,full_unprescaled_member_covers_run,True,2e-12
2022,2022,356568,Trigger_dblMu,1,full_unprescaled_member_covers_run,True,2e-12
2022,2022,356568,Trigger_sngEl,1,full_unprescaled_member_covers_run,True,2e-12
2022,2022,356568,Trigger_sngMu,1,full_unprescaled_member_covers_run,True,2e-12
2022,2022,356568,Trigger_Muon,2,full_unprescaled_member_covers_run,True,2e-12
2022,2022,356568,Trigger_EGamma,2,full_unprescaled_member_covers_run,True,2e-12
2022,2022,356568,Trigger_Any,7,full_unprescaled_member_covers_run,True,2e-12
2022,2022,356569,Trigger_ElMu,3,full_unprescaled_member_covers_run,True,2e-12
2022,2022,356569,Trigger_dblEl,1,full_unprescaled_member_covers_run,True,2e-12
2022,2022,356569,Trigger_dblMu,1,full_unprescaled_member_covers_run,True,2e-12
2022,2022,356569,Trigger_sngEl,1,full_unprescaled_member_covers_run,True,2e-12
2022,2022,356569,Trigger_sngMu,1,full_unprescaled_member_covers_run,True,2e-12
2022,2022,356569,Trigger_Muon,2,full_unprescaled_member_covers_run,True,2e-12
2022,2022,356569,Trigger_EGamma,2,full_unprescaled_member_covers_run,True,2e-12
2022,2022,356569,Trigger_Any,7,full_unprescaled_member_covers_run,True,2e-12
2022,2022,356570,Trigger_ElMu,3,full_unprescaled_member_covers_run,True,2e-12
2022,2022,356570,Trigger_dblEl,1,full_unprescaled_member_covers_run,True,2e-12
2022,2022,356570,Trigger_dblMu,1,full_unprescaled_member_covers_run,True,2e-12
2022,2022,356570,Trigger_sngEl,1,full_unprescaled_member_covers_run,True,2e-12
2022,2022,356570,Trigger_sngMu,1,full_unprescaled_member_covers_run,True,2e-12
2022,2022,356570,Trigger_Muon,2,full_unprescaled_member_covers_run,True,2e-12
2022,2022,356570,Trigger_EGamma,2,full_unprescaled_member_covers_run,True,2e-12
2022,2022,356570,Trigger_Any,7,full_unprescaled_member_covers_run,True,2e-12
2022,2022,356576,Trigger_ElMu,3,full_unprescaled_member_covers_run,True,2e-12
2022,2022,356576,Trigger_dblEl,1,full_unprescaled_member_covers_run,True,2e-12
2022,2022,356576,Trigger_dblMu,1,full_unprescaled_member_covers_run,True,2e-12
2022,2022,356576,Trigger_sngEl,1,full_unprescaled_member_covers_run,True,2e-12
2022,2022,356576,Trigger_sngMu,1,full_unprescaled_member_covers_run,True,2e-12
2022,2022,356576,Trigger_Muon,2,full_unprescaled_member_covers_run,True,2e-12
2022,2022,356576,Trigger_EGamma,2,full_unprescaled_member_covers_run,True,2e-12
2022,2022,356576,Trigger_Any,7,full_unprescaled_member_covers_run,True,2e-12
2022,2022,356578,Trigger_ElMu,3,full_unprescaled_member_covers_run,True,2e-12
2022,2022,356578,Trigger_dblEl,1,full_unprescaled_member_covers_run,True,2e-12
2022,2022,356578,Trigger_dblMu,1,full_unprescaled_member_covers_run,True,2e-12
2022,2022,356578,Trigger_sngEl,1,full_unprescaled_member_covers_run,True,2e-12
2022,2022,356578,Trigger_sngMu,1,full_unprescaled_member_covers_run,True,2e-12
2022,2022,356578,Trigger_Muon,2,full_unprescaled_member_covers_run,True,2e-12
2022,2022,356578,Trigger_EGamma,2,full_unprescaled_member_covers_run,True,2e-12
2022,2022,356578,Trigger_Any,7,full_unprescaled_member_covers_run,True,2e-12
2022,2022,356580,Trigger_ElMu,3,full_unprescaled_member_covers_run,True,2e-12
2022,2022,356580,Trigger_dblEl,1,full_unprescaled_member_covers_run,True,2e-12
2022,2022,356580,Trigger_dblMu,1,full_unprescaled_member_covers_run,True,2e-12
2022,2022,356580,Trigger_sngEl,1,full_unprescaled_member_covers_run,True,2e-12
2022,2022,356580,Trigger_sngMu,1,full_unprescaled_member_covers_run,True,2e-12
2022,2022,356580,Trigger_Muon,2,full_unprescaled_member_covers_run,True,2e-12
2022,2022,356580,Trigger_EGamma,2,full_unprescaled_member_covers_run,True,2e-12
2022,2022,356580,Trigger_Any,7,full_unprescaled_member_covers_run,True,2e-12
2022,2022,356582,Trigger_ElMu,3,full_unprescaled_member_covers_run,True,2e-12
2022,2022,356582,Trigger_dblEl,1,full_unprescaled_member_covers_run,True,2e-12
2022,2022,356582,Trigger_dblMu,1,full_unprescaled_member_covers_run,True,2e-12
2022,2022,356582,Trigger_sngEl,1,full_unprescaled_member_covers_run,True,2e-12
2022,2022,356582,Trigger_sngMu,1,full_unprescaled_member_covers_run,True,2e-12
2022,2022,356582,Trigger_Muon,2,full_unprescaled_member_covers_run,True,2e-12
2022,2022,356582,Trigger_EGamma,2,full_unprescaled_member_covers_run,True,2e-12
2022,2022,356582,Trigger_Any,7,full_unprescaled_member_covers_run,True,2e-12
2022,2022,356614,Trigger_ElMu,3,full_unprescaled_member_covers_run,True,2e-12
2022,2022,356614,Trigger_dblEl,1,full_unprescaled_member_covers_run,True,2e-12
2022,2022,356614,Trigger_dblMu,1,full_unprescaled_member_covers_run,True,2e-12
2022,2022,356614,Trigger_sngEl,1,full_unprescaled_member_covers_run,True,2e-12
2022,2022,356614,Trigger_sngMu,1,full_unprescaled_member_covers_run,True,2e-12
2022,2022,356614,Trigger_Muon,2,full_unprescaled_member_covers_run,True,2e-12
2022,2022,356614,Trigger_EGamma,2,full_unprescaled_member_covers_run,True,2e-12
2022,2022,356614,Trigger_Any,7,full_unprescaled_member_covers_run,True,2e-12
2022,2022,356615,Trigger_ElMu,3,full_unprescaled_member_covers_run,True,2e-12
2022,2022,356615,Trigger_dblEl,1,full_unprescaled_member_covers_run,True,2e-12
2022,2022,356615,Trigger_dblMu,1,full_unprescaled_member_covers_run,True,2e-12
2022,2022,356615,Trigger_sngEl,1,full_unprescaled_member_covers_run,True,2e-12
2022,2022,356615,Trigger_sngMu,1,full_unprescaled_member_covers_run,True,2e-12
2022,2022,356615,Trigger_Muon,2,full_unprescaled_member_covers_run,True,2e-12
2022,2022,356615,Trigger_EGamma,2,full_unprescaled_member_covers_run,True,2e-12
2022,2022,356615,Trigger_Any,7,full_unprescaled_member_covers_run,True,2e-12
2022,2022,356619,Trigger_ElMu,3,full_unprescaled_member_covers_run,True,2e-12
2022,2022,356619,Trigger_dblEl,1,full_unprescaled_member_covers_run,True,2e-12
2022,2022,356619,Trigger_dblMu,1,full_unprescaled_member_covers_run,True,2e-12
2022,2022,356619,Trigger_sngEl,1,full_unprescaled_member_covers_run,True,2e-12
2022,2022,356619,Trigger_sngMu,1,full_unprescaled_member_covers_run,True,2e-12
2022,2022,356619,Trigger_Muon,2,full_unprescaled_member_covers_run,True,2e-12
2022,2022,356619,Trigger_EGamma,2,full_unprescaled_member_covers_run,True,2e-12
2022,2022,356619,Trigger_Any,7,full_unprescaled_member_covers_run,True,2e-12
2022,2022,356810,Trigger_ElMu,3,full_unprescaled_member_covers_run,True,2e-12
2022,2022,356810,Trigger_dblEl,1,full_unprescaled_member_covers_run,True,2e-12
2022,2022,356810,Trigger_dblMu,1,full_unprescaled_member_covers_run,True,2e-12
2022,2022,356810,Trigger_sngEl,1,full_unprescaled_member_covers_run,True,2e-12
2022,2022,356810,Trigger_sngMu,1,full_unprescaled_member_covers_run,True,2e-12
2022,2022,356810,Trigger_Muon,2,full_unprescaled_member_covers_run,True,2e-12
2022,2022,356810,Trigger_EGamma,2,full_unprescaled_member_covers_run,True,2e-12
2022,2022,356810,Trigger_Any,7,full_unprescaled_member_covers_run,True,2e-12
2022,2022,356811,Trigger_ElMu,3,full_unprescaled_member_covers_run,True,2e-12
2022,2022,356811,Trigger_dblEl,1,full_unprescaled_member_covers_run,True,2e-12
2022,2022,356811,Trigger_dblMu,1,full_unprescaled_member_covers_run,True,2e-12
2022,2022,356811,Trigger_sngEl,1,full_unprescaled_member_covers_run,True,2e-12
2022,2022,356811,Trigger_sngMu,1,full_unprescaled_member_covers_run,True,2e-12
2022,2022,356811,Trigger_Muon,2,full_unprescaled_member_covers_run,True,2e-12
2022,2022,356811,Trigger_EGamma,2,full_unprescaled_member_covers_run,True,2e-12
2022,2022,356811,Trigger_Any,7,full_unprescaled_member_covers_run,True,2e-12
2022,2022,356812,Trigger_ElMu,3,full_unprescaled_member_covers_run,True,2e-12
2022,2022,356812,Trigger_dblEl,1,full_unprescaled_member_covers_run,True,2e-12
2022,2022,356812,Trigger_dblMu,1,full_unprescaled_member_covers_run,True,2e-12
2022,2022,356812,Trigger_sngEl,1,full_unprescaled_member_covers_run,True,2e-12
2022,2022,356812,Trigger_sngMu,1,full_unprescaled_member_covers_run,True,2e-12
2022,2022,356812,Trigger_Muon,2,full_unprescaled_member_covers_run,True,2e-12
2022,2022,356812,Trigger_EGamma,2,full_unprescaled_member_covers_run,True,2e-12
2022,2022,356812,Trigger_Any,7,full_unprescaled_member_covers_run,True,2e-12
2022,2022,356813,Trigger_ElMu,3,full_unprescaled_member_covers_run,True,2e-12
2022,2022,356813,Trigger_dblEl,1,full_unprescaled_member_covers_run,True,2e-12
2022,2022,356813,Trigger_dblMu,1,full_unprescaled_member_covers_run,True,2e-12
2022,2022,356813,Trigger_sngEl,1,full_unprescaled_member_covers_run,True,2e-12
2022,2022,356813,Trigger_sngMu,1,full_unprescaled_member_covers_run,True,2e-12
2022,2022,356813,Trigger_Muon,2,full_unprescaled_member_covers_run,True,2e-12
2022,2022,356813,Trigger_EGamma,2,full_unprescaled_member_covers_run,True,2e-12
2022,2022,356813,Trigger_Any,7,full_unprescaled_member_covers_run,True,2e-12
2022,2022,356814,Trigger_ElMu,3,full_unprescaled_member_covers_run,True,2e-12
2022,2022,356814,Trigger_dblEl,1,full_unprescaled_member_covers_run,True,2e-12
2022,2022,356814,Trigger_dblMu,1,full_unprescaled_member_covers_run,True,2e-12
2022,2022,356814,Trigger_sngEl,1,full_unprescaled_member_covers_run,True,2e-12
2022,2022,356814,Trigger_sngMu,1,full_unprescaled_member_covers_run,True,2e-12
2022,2022,356814,Trigger_Muon,2,full_unprescaled_member_covers_run,True,2e-12
2022,2022,356814,Trigger_EGamma,2,full_unprescaled_member_covers_run,True,2e-12
2022,2022,356814,Trigger_Any,7,full_unprescaled_member_covers_run,True,2e-12
2022,2022,356815,Trigger_ElMu,3,full_unprescaled_member_covers_run,True,2e-12
2022,2022,356815,Trigger_dblEl,1,full_unprescaled_member_covers_run,True,2e-12
2022,2022,356815,Trigger_dblMu,1,full_unprescaled_member_covers_run,True,2e-12
2022,2022,356815,Trigger_sngEl,1,full_unprescaled_member_covers_run,True,2e-12
2022,2022,356815,Trigger_sngMu,1,full_unprescaled_member_covers_run,True,2e-12
2022,2022,356815,Trigger_Muon,2,full_unprescaled_member_covers_run,True,2e-12
2022,2022,356815,Trigger_EGamma,2,full_unprescaled_member_covers_run,True,2e-12
2022,2022,356815,Trigger_Any,7,full_unprescaled_member_covers_run,True,2e-12
2022,2022,356824,Trigger_ElMu,3,full_unprescaled_member_covers_run,True,2e-12
2022,2022,356824,Trigger_dblEl,1,full_unprescaled_member_covers_run,True,2e-12
2022,2022,356824,Trigger_dblMu,1,full_unprescaled_member_covers_run,True,2e-12
2022,2022,356824,Trigger_sngEl,1,full_unprescaled_member_covers_run,True,2e-12
2022,2022,356824,Trigger_sngMu,1,full_unprescaled_member_covers_run,True,2e-12
2022,2022,356824,Trigger_Muon,2,full_unprescaled_member_covers_run,True,2e-12
2022,2022,356824,Trigger_EGamma,2,full_unprescaled_member_covers_run,True,2e-12
2022,2022,356824,Trigger_Any,7,full_unprescaled_member_covers_run,True,2e-12
2022,2022,356908,Trigger_ElMu,3,full_unprescaled_member_covers_run,True,2e-12
2022,2022,356908,Trigger_dblEl,1,full_unprescaled_member_covers_run,True,2e-12
2022,2022,356908,Trigger_dblMu,1,full_unprescaled_member_covers_run,True,2e-12
2022,2022,356908,Trigger_sngEl,1,full_unprescaled_member_covers_run,True,2e-12
2022,2022,356908,Trigger_sngMu,1,full_unprescaled_member_covers_run,True,2e-12
2022,2022,356908,Trigger_Muon,2,full_unprescaled_member_covers_run,True,2e-12
2022,2022,356908,Trigger_EGamma,2,full_unprescaled_member_covers_run,True,2e-12
2022,2022,356908,Trigger_Any,7,full_unprescaled_member_covers_run,True,2e-12
2022,2022,356919,Trigger_ElMu,3,full_unprescaled_member_covers_run,True,2e-12
2022,2022,356919,Trigger_dblEl,1,full_unprescaled_member_covers_run,True,2e-12
2022,2022,356919,Trigger_dblMu,1,full_unprescaled_member_covers_run,True,2e-12
2022,2022,356919,Trigger_sngEl,1,full_unprescaled_member_covers_run,True,2e-12
2022,2022,356919,Trigger_sngMu,1,full_unprescaled_member_covers_run,True,2e-12
2022,2022,356919,Trigger_Muon,2,full_unprescaled_member_covers_run,True,2e-12
2022,2022,356919,Trigger_EGamma,2,full_unprescaled_member_covers_run,True,2e-12
2022,2022,356919,Trigger_Any,7,full_unprescaled_member_covers_run,True,2e-12
2022,2022,356937,Trigger_ElMu,3,full_unprescaled_member_covers_run,True,2e-12
2022,2022,356937,Trigger_dblEl,1,full_unprescaled_member_covers_run,True,2e-12
2022,2022,356937,Trigger_dblMu,1,full_unprescaled_member_covers_run,True,2e-12
2022,2022,356937,Trigger_sngEl,1,full_unprescaled_member_covers_run,True,2e-12
2022,2022,356937,Trigger_sngMu,1,full_unprescaled_member_covers_run,True,2e-12
2022,2022,356937,Trigger_Muon,2,full_unprescaled_member_covers_run,True,2e-12
2022,2022,356937,Trigger_EGamma,2,full_unprescaled_member_covers_run,True,2e-12
2022,2022,356937,Trigger_Any,7,full_unprescaled_member_covers_run,True,2e-12
2022,2022,356946,Trigger_ElMu,3,full_unprescaled_member_covers_run,True,2e-12
2022,2022,356946,Trigger_dblEl,1,full_unprescaled_member_covers_run,True,2e-12
2022,2022,356946,Trigger_dblMu,1,full_unprescaled_member_covers_run,True,2e-12
2022,2022,356946,Trigger_sngEl,1,full_unprescaled_member_covers_run,True,2e-12
2022,2022,356946,Trigger_sngMu,1,full_unprescaled_member_covers_run,True,2e-12
2022,2022,356946,Trigger_Muon,2,full_unprescaled_member_covers_run,True,2e-12
2022,2022,356946,Trigger_EGamma,2,full_unprescaled_member_covers_run,True,2e-12
2022,2022,356946,Trigger_Any,7,full_unprescaled_member_covers_run,True,2e-12
2022,2022,356947,Trigger_ElMu,3,full_unprescaled_member_covers_run,True,2e-12
2022,2022,356947,Trigger_dblEl,1,full_unprescaled_member_covers_run,True,2e-12
2022,2022,356947,Trigger_dblMu,1,full_unprescaled_member_covers_run,True,2e-12
2022,2022,356947,Trigger_sngEl,1,full_unprescaled_member_covers_run,True,2e-12
2022,2022,356947,Trigger_sngMu,1,full_unprescaled_member_covers_run,True,2e-12
2022,2022,356947,Trigger_Muon,2,full_unprescaled_member_covers_run,True,2e-12
2022,2022,356947,Trigger_EGamma,2,full_unprescaled_member_covers_run,True,2e-12
2022,2022,356947,Trigger_Any,7,full_unprescaled_member_covers_run,True,2e-12
2022,2022,356948,Trigger_ElMu,3,full_unprescaled_member_covers_run,True,2e-12
2022,2022,356948,Trigger_dblEl,1,full_unprescaled_member_covers_run,True,2e-12
2022,2022,356948,Trigger_dblMu,1,full_unprescaled_member_covers_run,True,2e-12
2022,2022,356948,Trigger_sngEl,1,full_unprescaled_member_covers_run,True,2e-12
2022,2022,356948,Trigger_sngMu,1,full_unprescaled_member_covers_run,True,2e-12
2022,2022,356948,Trigger_Muon,2,full_unprescaled_member_covers_run,True,2e-12
2022,2022,356948,Trigger_EGamma,2,full_unprescaled_member_covers_run,True,2e-12
2022,2022,356948,Trigger_Any,7,full_unprescaled_member_covers_run,True,2e-12
2022,2022,356949,Trigger_ElMu,3,full_unprescaled_member_covers_run,True,2e-12
2022,2022,356949,Trigger_dblEl,1,full_unprescaled_member_covers_run,True,2e-12
2022,2022,356949,Trigger_dblMu,1,full_unprescaled_member_covers_run,True,2e-12
2022,2022,356949,Trigger_sngEl,1,full_unprescaled_member_covers_run,True,2e-12
2022,2022,356949,Trigger_sngMu,1,full_unprescaled_member_covers_run,True,2e-12
2022,2022,356949,Trigger_Muon,2,full_unprescaled_member_covers_run,True,2e-12
2022,2022,356949,Trigger_EGamma,2,full_unprescaled_member_covers_run,True,2e-12
2022,2022,356949,Trigger_Any,7,full_unprescaled_member_covers_run,True,2e-12
2022,2022,356951,Trigger_ElMu,3,full_unprescaled_member_covers_run,True,2e-12
2022,2022,356951,Trigger_dblEl,1,full_unprescaled_member_covers_run,True,2e-12
2022,2022,356951,Trigger_dblMu,1,validated_unprescaled_partial_ls_union,True,2e-12
2022,2022,356951,Trigger_sngEl,1,full_unprescaled_member_covers_run,True,2e-12
2022,2022,356951,Trigger_sngMu,1,validated_unprescaled_partial_ls_union,True,2e-12
2022,2022,356951,Trigger_Muon,2,validated_unprescaled_partial_ls_union,True,2e-12
2022,2022,356951,Trigger_EGamma,2,full_unprescaled_member_covers_run,True,2e-12
2022,2022,356951,Trigger_Any,7,full_unprescaled_member_covers_run,True,2e-12
2022,2022,356954,Trigger_ElMu,3,full_unprescaled_member_covers_run,True,2e-12
2022,2022,356954,Trigger_dblEl,1,full_unprescaled_member_covers_run,True,2e-12
2022,2022,356954,Trigger_dblMu,1,full_unprescaled_member_covers_run,True,2e-12
2022,2022,356954,Trigger_sngEl,1,full_unprescaled_member_covers_run,True,2e-12
2022,2022,356954,Trigger_sngMu,1,full_unprescaled_member_covers_run,True,2e-12
2022,2022,356954,Trigger_Muon,2,full_unprescaled_member_covers_run,True,2e-12
2022,2022,356954,Trigger_EGamma,2,full_unprescaled_member_covers_run,True,2e-12
2022,2022,356954,Trigger_Any,7,full_unprescaled_member_covers_run,True,2e-12
2022,2022,356955,Trigger_ElMu,3,full_unprescaled_member_covers_run,True,2e-12
2022,2022,356955,Trigger_dblEl,1,full_unprescaled_member_covers_run,True,2e-12
2022,2022,356955,Trigger_dblMu,1,full_unprescaled_member_covers_run,True,2e-12
2022,2022,356955,Trigger_sngEl,1,full_unprescaled_member_covers_run,True,2e-12
2022,2022,356955,Trigger_sngMu,1,full_unprescaled_member_covers_run,True,2e-12
2022,2022,356955,Trigger_Muon,2,full_unprescaled_member_covers_run,True,2e-12
2022,2022,356955,Trigger_EGamma,2,full_unprescaled_member_covers_run,True,2e-12
2022,2022,356955,Trigger_Any,7,full_unprescaled_member_covers_run,True,2e-12
2022,2022,356956,Trigger_ElMu,3,full_unprescaled_member_covers_run,True,2e-12
2022,2022,356956,Trigger_dblEl,1,full_unprescaled_member_covers_run,True,2e-12
2022,2022,356956,Trigger_dblMu,1,full_unprescaled_member_covers_run,True,2e-12
2022,2022,356956,Trigger_sngEl,1,full_unprescaled_member_covers_run,True,2e-12
2022,2022,356956,Trigger_sngMu,1,full_unprescaled_member_covers_run,True,2e-12
2022,2022,356956,Trigger_Muon,2,full_unprescaled_member_covers_run,True,2e-12
2022,2022,356956,Trigger_EGamma,2,full_unprescaled_member_covers_run,True,2e-12
2022,2022,356956,Trigger_Any,7,full_unprescaled_member_covers_run,True,2e-12
2022,2022,356968,Trigger_ElMu,3,full_unprescaled_member_covers_run,True,2e-12
2022,2022,356968,Trigger_dblEl,1,full_unprescaled_member_covers_run,True,2e-12
2022,2022,356968,Trigger_dblMu,1,full_unprescaled_member_covers_run,True,2e-12
2022,2022,356968,Trigger_sngEl,1,full_unprescaled_member_covers_run,True,2e-12
2022,2022,356968,Trigger_sngMu,1,full_unprescaled_member_covers_run,True,2e-12
2022,2022,356968,Trigger_Muon,2,full_unprescaled_member_covers_run,True,2e-12
2022,2022,356968,Trigger_EGamma,2,full_unprescaled_member_covers_run,True,2e-12
2022,2022,356968,Trigger_Any,7,full_unprescaled_member_covers_run,True,2e-12
2022,2022,356969,Trigger_ElMu,3,full_unprescaled_member_covers_run,True,2e-12
2022,2022,356969,Trigger_dblEl,1,full_unprescaled_member_covers_run,True,2e-12
2022,2022,356969,Trigger_dblMu,1,validated_unprescaled_partial_ls_union,True,2e-12
2022,2022,356969,Trigger_sngEl,1,full_unprescaled_member_covers_run,True,2e-12
2022,2022,356969,Trigger_sngMu,1,validated_unprescaled_partial_ls_union,True,2e-12
2022,2022,356969,Trigger_Muon,2,validated_unprescaled_partial_ls_union,True,2e-12
2022,2022,356969,Trigger_EGamma,2,full_unprescaled_member_covers_run,True,2e-12
2022,2022,356969,Trigger_Any,7,full_unprescaled_member_covers_run,True,2e-12
2022,2022,356970,Trigger_ElMu,3,full_unprescaled_member_covers_run,True,2e-12
2022,2022,356970,Trigger_dblEl,1,full_unprescaled_member_covers_run,True,2e-12
2022,2022,356970,Trigger_dblMu,1,full_unprescaled_member_covers_run,True,2e-12
2022,2022,356970,Trigger_sngEl,1,full_unprescaled_member_covers_run,True,2e-12
2022,2022,356970,Trigger_sngMu,1,full_unprescaled_member_covers_run,True,2e-12
2022,2022,356970,Trigger_Muon,2,full_unprescaled_member_covers_run,True,2e-12
2022,2022,356970,Trigger_EGamma,2,full_unprescaled_member_covers_run,True,2e-12
2022,2022,356970,Trigger_Any,7,full_unprescaled_member_covers_run,True,2e-12
2022,2022,356998,Trigger_ElMu,3,full_unprescaled_member_covers_run,True,2e-12
2022,2022,356998,Trigger_dblEl,1,full_unprescaled_member_covers_run,True,2e-12
2022,2022,356998,Trigger_dblMu,1,full_unprescaled_member_covers_run,True,2e-12
2022,2022,356998,Trigger_sngEl,1,full_unprescaled_member_covers_run,True,2e-12
2022,2022,356998,Trigger_sngMu,1,full_unprescaled_member_covers_run,True,2e-12
2022,2022,356998,Trigger_Muon,2,full_unprescaled_member_covers_run,True,2e-12
2022,2022,356998,Trigger_EGamma,2,full_unprescaled_member_covers_run,True,2e-12
2022,2022,356998,Trigger_Any,7,full_unprescaled_member_covers_run,True,2e-12
2022,2022,356999,Trigger_ElMu,3,full_unprescaled_member_covers_run,True,2e-12
2022,2022,356999,Trigger_dblEl,1,full_unprescaled_member_covers_run,True,2e-12
2022,2022,356999,Trigger_dblMu,1,validated_unprescaled_partial_ls_union,True,2e-12
2022,2022,356999,Trigger_sngEl,1,full_unprescaled_member_covers_run,True,2e-12
2022,2022,356999,Trigger_sngMu,1,validated_unprescaled_partial_ls_union,True,2e-12
2022,2022,356999,Trigger_Muon,2,validated_unprescaled_partial_ls_union,True,2e-12
2022,2022,356999,Trigger_EGamma,2,full_unprescaled_member_covers_run,True,2e-12
2022,2022,356999,Trigger_Any,7,full_unprescaled_member_covers_run,True,2e-12
2022,2022,357000,Trigger_ElMu,3,full_unprescaled_member_covers_run,True,2e-12
2022,2022,357000,Trigger_dblEl,1,full_unprescaled_member_covers_run,True,2e-12
2022,2022,357000,Trigger_dblMu,1,full_unprescaled_member_covers_run,True,2e-12
2022,2022,357000,Trigger_sngEl,1,full_unprescaled_member_covers_run,True,2e-12
2022,2022,357000,Trigger_sngMu,1,full_unprescaled_member_covers_run,True,2e-12
2022,2022,357000,Trigger_Muon,2,full_unprescaled_member_covers_run,True,2e-12
2022,2022,357000,Trigger_EGamma,2,full_unprescaled_member_covers_run,True,2e-12
2022,2022,357000,Trigger_Any,7,full_unprescaled_member_covers_run,True,2e-12
2022,2022,357001,Trigger_ElMu,3,full_unprescaled_member_covers_run,True,2e-12
2022,2022,357001,Trigger_dblEl,1,full_unprescaled_member_covers_run,True,2e-12
2022,2022,357001,Trigger_dblMu,1,full_unprescaled_member_covers_run,True,2e-12
2022,2022,357001,Trigger_sngEl,1,full_unprescaled_member_covers_run,True,2e-12
2022,2022,357001,Trigger_sngMu,1,full_unprescaled_member_covers_run,True,2e-12
2022,2022,357001,Trigger_Muon,2,full_unprescaled_member_covers_run,True,2e-12
2022,2022,357001,Trigger_EGamma,2,full_unprescaled_member_covers_run,True,2e-12
2022,2022,357001,Trigger_Any,7,full_unprescaled_member_covers_run,True,2e-12
2022,2022,357079,Trigger_ElMu,3,full_unprescaled_member_covers_run,True,2e-12
2022,2022,357079,Trigger_dblEl,1,full_unprescaled_member_covers_run,True,2e-12
2022,2022,357079,Trigger_dblMu,1,full_unprescaled_member_covers_run,True,2e-12
2022,2022,357079,Trigger_sngEl,1,full_unprescaled_member_covers_run,True,2e-12
2022,2022,357079,Trigger_sngMu,1,full_unprescaled_member_covers_run,True,2e-12
2022,2022,357079,Trigger_Muon,2,full_unprescaled_member_covers_run,True,2e-12
2022,2022,357079,Trigger_EGamma,2,full_unprescaled_member_covers_run,True,2e-12
2022,2022,357079,Trigger_Any,7,full_unprescaled_member_covers_run,True,2e-12
2022,2022,357080,Trigger_ElMu,3,full_unprescaled_member_covers_run,True,2e-12
2022,2022,357080,Trigger_dblEl,1,validated_unprescaled_partial_ls_union,True,2e-12
2022,2022,357080,Trigger_dblMu,1,full_unprescaled_member_covers_run,True,2e-12
2022,2022,357080,Trigger_sngEl,1,validated_unprescaled_partial_ls_union,True,2e-12
2022,2022,357080,Trigger_sngMu,1,full_unprescaled_member_covers_run,True,2e-12
2022,2022,357080,Trigger_Muon,2,full_unprescaled_member_covers_run,True,2e-12
2022,2022,357080,Trigger_EGamma,2,validated_unprescaled_partial_ls_union,True,2e-12
2022,2022,357080,Trigger_Any,7,full_unprescaled_member_covers_run,True,2e-12
2022,2022,357081,Trigger_ElMu,3,full_unprescaled_member_covers_run,True,2e-12
2022,2022,357081,Trigger_dblEl,1,full_unprescaled_member_covers_run,True,2e-12
2022,2022,357081,Trigger_dblMu,1,full_unprescaled_member_covers_run,True,2e-12
2022,2022,357081,Trigger_sngEl,1,full_unprescaled_member_covers_run,True,2e-12
2022,2022,357081,Trigger_sngMu,1,full_unprescaled_member_covers_run,True,2e-12
2022,2022,357081,Trigger_Muon,2,full_unprescaled_member_covers_run,True,2e-12
2022,2022,357081,Trigger_EGamma,2,full_unprescaled_member_covers_run,True,2e-12
2022,2022,357081,Trigger_Any,7,full_unprescaled_member_covers_run,True,2e-12
2022,2022,357101,Trigger_ElMu,3,full_unprescaled_member_covers_run,True,2e-12
2022,2022,357101,Trigger_dblEl,1,full_unprescaled_member_covers_run,True,2e-12
2022,2022,357101,Trigger_dblMu,1,full_unprescaled_member_covers_run,True,2e-12
2022,2022,357101,Trigger_sngEl,1,full_unprescaled_member_covers_run,True,2e-12
2022,2022,357101,Trigger_sngMu,1,full_unprescaled_member_covers_run,True,2e-12
2022,2022,357101,Trigger_Muon,2,full_unprescaled_member_covers_run,True,2e-12
2022,2022,357101,Trigger_EGamma,2,full_unprescaled_member_covers_run,True,2e-12
2022,2022,357101,Trigger_Any,7,full_unprescaled_member_covers_run,True,2e-12
2022,2022,357102,Trigger_ElMu,3,full_unprescaled_member_covers_run,True,2e-12
2022,2022,357102,Trigger_dblEl,1,full_unprescaled_member_covers_run,True,2e-12
2022,2022,357102,Trigger_dblMu,1,full_unprescaled_member_covers_run,True,2e-12
2022,2022,357102,Trigger_sngEl,1,full_unprescaled_member_covers_run,True,2e-12
2022,2022,357102,Trigger_sngMu,1,full_unprescaled_member_covers_run,True,2e-12
2022,2022,357102,Trigger_Muon,2,full_unprescaled_member_covers_run,True,2e-12
2022,2022,357102,Trigger_EGamma,2,full_unprescaled_member_covers_run,True,2e-12
2022,2022,357102,Trigger_Any,7,full_unprescaled_member_covers_run,True,2e-12
2022,2022,357104,Trigger_ElMu,3,full_unprescaled_member_covers_run,True,2e-12
2022,2022,357104,Trigger_dblEl,1,full_unprescaled_member_covers_run,True,2e-12
2022,2022,357104,Trigger_dblMu,1,full_unprescaled_member_covers_run,True,2e-12
2022,2022,357104,Trigger_sngEl,1,full_unprescaled_member_covers_run,True,2e-12
2022,2022,357104,Trigger_sngMu,1,full_unprescaled_member_covers_run,True,2e-12
2022,2022,357104,Trigger_Muon,2,full_unprescaled_member_covers_run,True,2e-12
2022,2022,357104,Trigger_EGamma,2,full_unprescaled_member_covers_run,True,2e-12
2022,2022,357104,Trigger_Any,7,full_unprescaled_member_covers_run,True,2e-12
2022,2022,357106,Trigger_ElMu,3,full_unprescaled_member_covers_run,True,2e-12
2022,2022,357106,Trigger_dblEl,1,full_unprescaled_member_covers_run,True,2e-12
2022,2022,357106,Trigger_dblMu,1,full_unprescaled_member_covers_run,True,2e-12
2022,2022,357106,Trigger_sngEl,1,full_unprescaled_member_covers_run,True,2e-12
2022,2022,357106,Trigger_sngMu,1,full_unprescaled_member_covers_run,True,2e-12
2022,2022,357106,Trigger_Muon,2,full_unprescaled_member_covers_run,True,2e-12
2022,2022,357106,Trigger_EGamma,2,full_unprescaled_member_covers_run,True,2e-12
2022,2022,357106,Trigger_Any,7,full_unprescaled_member_covers_run,True,2e-12
2022,2022,357112,Trigger_ElMu,3,full_unprescaled_member_covers_run,True,2e-12
2022,2022,357112,Trigger_dblEl,1,full_unprescaled_member_covers_run,True,2e-12
2022,2022,357112,Trigger_dblMu,1,full_unprescaled_member_covers_run,True,2e-12
2022,2022,357112,Trigger_sngEl,1,full_unprescaled_member_covers_run,True,2e-12
2022,2022,357112,Trigger_sngMu,1,full_unprescaled_member_covers_run,True,2e-12
2022,2022,357112,Trigger_Muon,2,full_unprescaled_member_covers_run,True,2e-12
2022,2022,357112,Trigger_EGamma,2,full_unprescaled_member_covers_run,True,2e-12
2022,2022,357112,Trigger_Any,7,full_unprescaled_member_covers_run,True,2e-12
2022,2022,357268,Trigger_ElMu,3,full_unprescaled_member_covers_run,True,2e-12
2022,2022,357268,Trigger_dblEl,1,full_unprescaled_member_covers_run,True,2e-12
2022,2022,357268,Trigger_dblMu,1,full_unprescaled_member_covers_run,True,2e-12
2022,2022,357268,Trigger_sngEl,1,full_unprescaled_member_covers_run,True,2e-12
2022,2022,357268,Trigger_sngMu,1,full_unprescaled_member_covers_run,True,2e-12
2022,2022,357268,Trigger_Muon,2,full_unprescaled_member_covers_run,True,2e-12
2022,2022,357268,Trigger_EGamma,2,full_unprescaled_member_covers_run,True,2e-12
2022,2022,357268,Trigger_Any,7,full_unprescaled_member_covers_run,True,2e-12
2022,2022,357271,Trigger_ElMu,3,full_unprescaled_member_covers_run,True,2e-12
2022,2022,357271,Trigger_dblEl,1,validated_unprescaled_partial_ls_union,True,2e-12
2022,2022,357271,Trigger_dblMu,1,full_unprescaled_member_covers_run,True,2e-12
2022,2022,357271,Trigger_sngEl,1,validated_unprescaled_partial_ls_union,True,2e-12
2022,2022,357271,Trigger_sngMu,1,full_unprescaled_member_covers_run,True,2e-12
2022,2022,357271,Trigger_Muon,2,full_unprescaled_member_covers_run,True,2e-12
2022,2022,357271,Trigger_EGamma,2,validated_unprescaled_partial_ls_union,True,2e-12
2022,2022,357271,Trigger_Any,7,full_unprescaled_member_covers_run,True,2e-12
2022,2022,357328,Trigger_ElMu,3,full_unprescaled_member_covers_run,True,2e-12
2022,2022,357328,Trigger_dblEl,1,full_unprescaled_member_covers_run,True,2e-12
2022,2022,357328,Trigger_dblMu,1,full_unprescaled_member_covers_run,True,2e-12
2022,2022,357328,Trigger_sngEl,1,full_unprescaled_member_covers_run,True,2e-12
2022,2022,357328,Trigger_sngMu,1,full_unprescaled_member_covers_run,True,2e-12
2022,2022,357328,Trigger_Muon,2,full_unprescaled_member_covers_run,True,2e-12
2022,2022,357328,Trigger_EGamma,2,full_unprescaled_member_covers_run,True,2e-12
2022,2022,357328,Trigger_Any,7,full_unprescaled_member_covers_run,True,2e-12
2022,2022,357329,Trigger_ElMu,3,full_unprescaled_member_covers_run,True,2e-12
2022,2022,357329,Trigger_dblEl,1,full_unprescaled_member_covers_run,True,2e-12
2022,2022,357329,Trigger_dblMu,1,validated_unprescaled_partial_ls_union,True,2e-12
2022,2022,357329,Trigger_sngEl,1,full_unprescaled_member_covers_run,True,2e-12
2022,2022,357329,Trigger_sngMu,1,validated_unprescaled_partial_ls_union,True,2e-12
2022,2022,357329,Trigger_Muon,2,validated_unprescaled_partial_ls_union,True,2e-12
2022,2022,357329,Trigger_EGamma,2,full_unprescaled_member_covers_run,True,2e-12
2022,2022,357329,Trigger_Any,7,full_unprescaled_member_covers_run,True,2e-12
2022,2022,357330,Trigger_ElMu,3,full_unprescaled_member_covers_run,True,2e-12
2022,2022,357330,Trigger_dblEl,1,full_unprescaled_member_covers_run,True,2e-12
2022,2022,357330,Trigger_dblMu,1,full_unprescaled_member_covers_run,True,2e-12
2022,2022,357330,Trigger_sngEl,1,full_unprescaled_member_covers_run,True,2e-12
2022,2022,357330,Trigger_sngMu,1,full_unprescaled_member_covers_run,True,2e-12
2022,2022,357330,Trigger_Muon,2,full_unprescaled_member_covers_run,True,2e-12
2022,2022,357330,Trigger_EGamma,2,full_unprescaled_member_covers_run,True,2e-12
2022,2022,357330,Trigger_Any,7,full_unprescaled_member_covers_run,True,2e-12
2022,2022,357331,Trigger_ElMu,3,full_unprescaled_member_covers_run,True,2e-12
2022,2022,357331,Trigger_dblEl,1,full_unprescaled_member_covers_run,True,2e-12
2022,2022,357331,Trigger_dblMu,1,full_unprescaled_member_covers_run,True,2e-12
2022,2022,357331,Trigger_sngEl,1,full_unprescaled_member_covers_run,True,2e-12
2022,2022,357331,Trigger_sngMu,1,full_unprescaled_member_covers_run,True,2e-12
2022,2022,357331,Trigger_Muon,2,full_unprescaled_member_covers_run,True,2e-12
2022,2022,357331,Trigger_EGamma,2,full_unprescaled_member_covers_run,True,2e-12
2022,2022,357331,Trigger_Any,7,full_unprescaled_member_covers_run,True,2e-12
2022,2022,357332,Trigger_ElMu,3,full_unprescaled_member_covers_run,True,2e-12
2022,2022,357332,Trigger_dblEl,1,validated_unprescaled_partial_ls_union,True,2e-12
2022,2022,357332,Trigger_dblMu,1,full_unprescaled_member_covers_run,True,2e-12
2022,2022,357332,Trigger_sngEl,1,validated_unprescaled_partial_ls_union,True,2e-12
2022,2022,357332,Trigger_sngMu,1,full_unprescaled_member_covers_run,True,2e-12
2022,2022,357332,Trigger_Muon,2,full_unprescaled_member_covers_run,True,2e-12
2022,2022,357332,Trigger_EGamma,2,validated_unprescaled_partial_ls_union,True,2e-12
2022,2022,357332,Trigger_Any,7,full_unprescaled_member_covers_run,True,2e-12
2022,2022,357333,Trigger_ElMu,3,full_unprescaled_member_covers_run,True,2e-12
2022,2022,357333,Trigger_dblEl,1,validated_unprescaled_partial_ls_union,True,2e-12
2022,2022,357333,Trigger_dblMu,1,full_unprescaled_member_covers_run,True,2e-12
2022,2022,357333,Trigger_sngEl,1,validated_unprescaled_partial_ls_union,True,2e-12
2022,2022,357333,Trigger_sngMu,1,full_unprescaled_member_covers_run,True,2e-12
2022,2022,357333,Trigger_Muon,2,full_unprescaled_member_covers_run,True,2e-12
2022,2022,357333,Trigger_EGamma,2,validated_unprescaled_partial_ls_union,True,2e-12
2022,2022,357333,Trigger_Any,7,full_unprescaled_member_covers_run,True,2e-12
2022,2022,357401,Trigger_ElMu,3,full_unprescaled_member_covers_run,True,2e-12
2022,2022,357401,Trigger_dblEl,1,full_unprescaled_member_covers_run,True,2e-12
2022,2022,357401,Trigger_dblMu,1,full_unprescaled_member_covers_run,True,2e-12
2022,2022,357401,Trigger_sngEl,1,full_unprescaled_member_covers_run,True,2e-12
2022,2022,357401,Trigger_sngMu,1,full_unprescaled_member_covers_run,True,2e-12
2022,2022,357401,Trigger_Muon,2,full_unprescaled_member_covers_run,True,2e-12
2022,2022,357401,Trigger_EGamma,2,full_unprescaled_member_covers_run,True,2e-12
2022,2022,357401,Trigger_Any,7,full_unprescaled_member_covers_run,True,2e-12
2022,2022,357406,Trigger_ElMu,3,full_unprescaled_member_covers_run,True,2e-12
2022,2022,357406,Trigger_dblEl,1,full_unprescaled_member_covers_run,True,2e-12
2022,2022,357406,Trigger_dblMu,1,full_unprescaled_member_covers_run,True,2e-12
2022,2022,357406,Trigger_sngEl,1,full_unprescaled_member_covers_run,True,2e-12
2022,2022,357406,Trigger_sngMu,1,full_unprescaled_member_covers_run,True,2e-12
2022,2022,357406,Trigger_Muon,2,full_unprescaled_member_covers_run,True,2e-12
2022,2022,357406,Trigger_EGamma,2,full_unprescaled_member_covers_run,True,2e-12
2022,2022,357406,Trigger_Any,7,full_unprescaled_member_covers_run,True,2e-12
2022,2022,357438,Trigger_ElMu,3,full_unprescaled_member_covers_run,True,2e-12
2022,2022,357438,Trigger_dblEl,1,full_unprescaled_member_covers_run,True,2e-12
2022,2022,357438,Trigger_dblMu,1,full_unprescaled_member_covers_run,True,2e-12
2022,2022,357438,Trigger_sngEl,1,full_unprescaled_member_covers_run,True,2e-12
2022,2022,357438,Trigger_sngMu,1,full_unprescaled_member_covers_run,True,2e-12
2022,2022,357438,Trigger_Muon,2,full_unprescaled_member_covers_run,True,2e-12
2022,2022,357438,Trigger_EGamma,2,full_unprescaled_member_covers_run,True,2e-12
2022,2022,357438,Trigger_Any,7,full_unprescaled_member_covers_run,True,2e-12
2022,2022,357440,Trigger_ElMu,3,full_unprescaled_member_covers_run,True,2e-12
2022,2022,357440,Trigger_dblEl,1,full_unprescaled_member_covers_run,True,2e-12
2022,2022,357440,Trigger_dblMu,1,full_unprescaled_member_covers_run,True,2e-12
2022,2022,357440,Trigger_sngEl,1,full_unprescaled_member_covers_run,True,2e-12
2022,2022,357440,Trigger_sngMu,1,full_unprescaled_member_covers_run,True,2e-12
2022,2022,357440,Trigger_Muon,2,full_unprescaled_member_covers_run,True,2e-12
2022,2022,357440,Trigger_EGamma,2,full_unprescaled_member_covers_run,True,2e-12
2022,2022,357440,Trigger_Any,7,full_unprescaled_member_covers_run,True,2e-12
2022,2022,357441,Trigger_ElMu,3,full_unprescaled_member_covers_run,True,2e-12
2022,2022,357441,Trigger_dblEl,1,full_unprescaled_member_covers_run,True,2e-12
2022,2022,357441,Trigger_dblMu,1,full_unprescaled_member_covers_run,True,2e-12
2022,2022,357441,Trigger_sngEl,1,full_unprescaled_member_covers_run,True,2e-12
2022,2022,357441,Trigger_sngMu,1,full_unprescaled_member_covers_run,True,2e-12
2022,2022,357441,Trigger_Muon,2,full_unprescaled_member_covers_run,True,2e-12
2022,2022,357441,Trigger_EGamma,2,full_unprescaled_member_covers_run,True,2e-12
2022,2022,357441,Trigger_Any,7,full_unprescaled_member_covers_run,True,2e-12
2022,2022,357442,Trigger_ElMu,3,full_unprescaled_member_covers_run,True,2e-12
2022,2022,357442,Trigger_dblEl,1,full_unprescaled_member_covers_run,True,2e-12
2022,2022,357442,Trigger_dblMu,1,validated_unprescaled_partial_ls_union,True,2e-12
2022,2022,357442,Trigger_sngEl,1,full_unprescaled_member_covers_run,True,2e-12
2022,2022,357442,Trigger_sngMu,1,validated_unprescaled_partial_ls_union,True,2e-12
2022,2022,357442,Trigger_Muon,2,validated_unprescaled_partial_ls_union,True,2e-12
2022,2022,357442,Trigger_EGamma,2,full_unprescaled_member_covers_run,True,2e-12
2022,2022,357442,Trigger_Any,7,full_unprescaled_member_covers_run,True,2e-12
2022,2022,357447,Trigger_ElMu,3,full_unprescaled_member_covers_run,True,2e-12
2022,2022,357447,Trigger_dblEl,1,full_unprescaled_member_covers_run,True,2e-12
2022,2022,357447,Trigger_dblMu,1,full_unprescaled_member_covers_run,True,2e-12
2022,2022,357447,Trigger_sngEl,1,full_unprescaled_member_covers_run,True,2e-12
2022,2022,357447,Trigger_sngMu,1,full_unprescaled_member_covers_run,True,2e-12
2022,2022,357447,Trigger_Muon,2,full_unprescaled_member_covers_run,True,2e-12
2022,2022,357447,Trigger_EGamma,2,full_unprescaled_member_covers_run,True,2e-12
2022,2022,357447,Trigger_Any,7,full_unprescaled_member_covers_run,True,2e-12
2022,2022,357472,Trigger_ElMu,3,full_unprescaled_member_covers_run,True,2e-12
2022,2022,357472,Trigger_dblEl,1,full_unprescaled_member_covers_run,True,2e-12
2022,2022,357472,Trigger_dblMu,1,full_unprescaled_member_covers_run,True,2e-12
2022,2022,357472,Trigger_sngEl,1,full_unprescaled_member_covers_run,True,2e-12
2022,2022,357472,Trigger_sngMu,1,full_unprescaled_member_covers_run,True,2e-12
2022,2022,357472,Trigger_Muon,2,full_unprescaled_member_covers_run,True,2e-12
2022,2022,357472,Trigger_EGamma,2,full_unprescaled_member_covers_run,True,2e-12
2022,2022,357472,Trigger_Any,7,full_unprescaled_member_covers_run,True,2e-12
2022,2022,357478,Trigger_ElMu,3,full_unprescaled_member_covers_run,True,2e-12
2022,2022,357478,Trigger_dblEl,1,full_unprescaled_member_covers_run,True,2e-12
2022,2022,357478,Trigger_dblMu,1,full_unprescaled_member_covers_run,True,2e-12
2022,2022,357478,Trigger_sngEl,1,full_unprescaled_member_covers_run,True,2e-12
2022,2022,357478,Trigger_sngMu,1,full_unprescaled_member_covers_run,True,2e-12
2022,2022,357478,Trigger_Muon,2,full_unprescaled_member_covers_run,True,2e-12
2022,2022,357478,Trigger_EGamma,2,full_unprescaled_member_covers_run,True,2e-12
2022,2022,357478,Trigger_Any,7,full_unprescaled_member_covers_run,True,2e-12
2022,2022,357479,Trigger_ElMu,3,full_unprescaled_member_covers_run,True,2e-12
2022,2022,357479,Trigger_dblEl,1,validated_unprescaled_partial_ls_union,True,2e-12
2022,2022,357479,Trigger_dblMu,1,full_unprescaled_member_covers_run,True,2e-12
2022,2022,357479,Trigger_sngEl,1,validated_unprescaled_partial_ls_union,True,2e-12
2022,2022,357479,Trigger_sngMu,1,full_unprescaled_member_covers_run,True,2e-12
2022,2022,357479,Trigger_Muon,2,full_unprescaled_member_covers_run,True,2e-12
2022,2022,357479,Trigger_EGamma,2,validated_unprescaled_partial_ls_union,True,2e-12
2022,2022,357479,Trigger_Any,7,full_unprescaled_member_covers_run,True,2e-12
2022,2022,357482,Trigger_ElMu,3,full_unprescaled_member_covers_run,True,2e-12
2022,2022,357482,Trigger_dblEl,1,full_unprescaled_member_covers_run,True,2e-12
2022,2022,357482,Trigger_dblMu,1,validated_unprescaled_partial_ls_union,True,2e-12
2022,2022,357482,Trigger_sngEl,1,full_unprescaled_member_covers_run,True,2e-12
2022,2022,357482,Trigger_sngMu,1,validated_unprescaled_partial_ls_union,True,2e-12
2022,2022,357482,Trigger_Muon,2,validated_unprescaled_partial_ls_union,True,2e-12
2022,2022,357482,Trigger_EGamma,2,full_unprescaled_member_covers_run,True,2e-12
2022,2022,357482,Trigger_Any,7,full_unprescaled_member_covers_run,True,2e-12
2022,2022,357538,Trigger_ElMu,3,full_unprescaled_member_covers_run,True,2e-12
2022,2022,357538,Trigger_dblEl,1,full_unprescaled_member_covers_run,True,2e-12
2022,2022,357538,Trigger_dblMu,1,full_unprescaled_member_covers_run,True,2e-12
2022,2022,357538,Trigger_sngEl,1,full_unprescaled_member_covers_run,True,2e-12
2022,2022,357538,Trigger_sngMu,1,full_unprescaled_member_covers_run,True,2e-12
2022,2022,357538,Trigger_Muon,2,full_unprescaled_member_covers_run,True,2e-12
2022,2022,357538,Trigger_EGamma,2,full_unprescaled_member_covers_run,True,2e-12
2022,2022,357538,Trigger_Any,7,full_unprescaled_member_covers_run,True,2e-12
2022,2022,357542,Trigger_ElMu,3,full_unprescaled_member_covers_run,True,2e-12
2022,2022,357542,Trigger_dblEl,1,full_unprescaled_member_covers_run,True,2e-12
2022,2022,357542,Trigger_dblMu,1,full_unprescaled_member_covers_run,True,2e-12
2022,2022,357542,Trigger_sngEl,1,full_unprescaled_member_covers_run,True,2e-12
2022,2022,357542,Trigger_sngMu,1,full_unprescaled_member_covers_run,True,2e-12
2022,2022,357542,Trigger_Muon,2,full_unprescaled_member_covers_run,True,2e-12
2022,2022,357542,Trigger_EGamma,2,full_unprescaled_member_covers_run,True,2e-12
2022,2022,357542,Trigger_Any,7,full_unprescaled_member_covers_run,True,2e-12
2022,2022,357550,Trigger_ElMu,3,full_unprescaled_member_covers_run,True,2e-12
2022,2022,357550,Trigger_dblEl,1,full_unprescaled_member_covers_run,True,2e-12
2022,2022,357550,Trigger_dblMu,1,full_unprescaled_member_covers_run,True,2e-12
2022,2022,357550,Trigger_sngEl,1,full_unprescaled_member_covers_run,True,2e-12
2022,2022,357550,Trigger_sngMu,1,full_unprescaled_member_covers_run,True,2e-12
2022,2022,357550,Trigger_Muon,2,full_unprescaled_member_covers_run,True,2e-12
2022,2022,357550,Trigger_EGamma,2,full_unprescaled_member_covers_run,True,2e-12
2022,2022,357550,Trigger_Any,7,full_unprescaled_member_covers_run,True,2e-12
2022,2022,357610,Trigger_ElMu,3,full_unprescaled_member_covers_run,True,2e-12
2022,2022,357610,Trigger_dblEl,1,full_unprescaled_member_covers_run,True,2e-12
2022,2022,357610,Trigger_dblMu,1,full_unprescaled_member_covers_run,True,2e-12
2022,2022,357610,Trigger_sngEl,1,full_unprescaled_member_covers_run,True,2e-12
2022,2022,357610,Trigger_sngMu,1,full_unprescaled_member_covers_run,True,2e-12
2022,2022,357610,Trigger_Muon,2,full_unprescaled_member_covers_run,True,2e-12
2022,2022,357610,Trigger_EGamma,2,full_unprescaled_member_covers_run,True,2e-12
2022,2022,357610,Trigger_Any,7,full_unprescaled_member_covers_run,True,2e-12
2022,2022,357611,Trigger_ElMu,3,full_unprescaled_member_covers_run,True,2e-12
2022,2022,357611,Trigger_dblEl,1,full_unprescaled_member_covers_run,True,2e-12
2022,2022,357611,Trigger_dblMu,1,full_unprescaled_member_covers_run,True,2e-12
2022,2022,357611,Trigger_sngEl,1,full_unprescaled_member_covers_run,True,2e-12
2022,2022,357611,Trigger_sngMu,1,full_unprescaled_member_covers_run,True,2e-12
2022,2022,357611,Trigger_Muon,2,full_unprescaled_member_covers_run,True,2e-12
2022,2022,357611,Trigger_EGamma,2,full_unprescaled_member_covers_run,True,2e-12
2022,2022,357611,Trigger_Any,7,full_unprescaled_member_covers_run,True,2e-12
2022,2022,357612,Trigger_ElMu,3,full_unprescaled_member_covers_run,True,2e-12
2022,2022,357612,Trigger_dblEl,1,full_unprescaled_member_covers_run,True,2e-12
2022,2022,357612,Trigger_dblMu,1,validated_unprescaled_partial_ls_union,True,2e-12
2022,2022,357612,Trigger_sngEl,1,full_unprescaled_member_covers_run,True,2e-12
2022,2022,357612,Trigger_sngMu,1,validated_unprescaled_partial_ls_union,True,2e-12
2022,2022,357612,Trigger_Muon,2,validated_unprescaled_partial_ls_union,True,2e-12
2022,2022,357612,Trigger_EGamma,2,full_unprescaled_member_covers_run,True,2e-12
2022,2022,357612,Trigger_Any,7,full_unprescaled_member_covers_run,True,2e-12
2022,2022,357613,Trigger_ElMu,3,full_unprescaled_member_covers_run,True,2e-12
2022,2022,357613,Trigger_dblEl,1,full_unprescaled_member_covers_run,True,2e-12
2022,2022,357613,Trigger_dblMu,1,full_unprescaled_member_covers_run,True,2e-12
2022,2022,357613,Trigger_sngEl,1,full_unprescaled_member_covers_run,True,2e-12
2022,2022,357613,Trigger_sngMu,1,full_unprescaled_member_covers_run,True,2e-12
2022,2022,357613,Trigger_Muon,2,full_unprescaled_member_covers_run,True,2e-12
2022,2022,357613,Trigger_EGamma,2,full_unprescaled_member_covers_run,True,2e-12
2022,2022,357613,Trigger_Any,7,full_unprescaled_member_covers_run,True,2e-12
2022,2022,357688,Trigger_ElMu,3,full_unprescaled_member_covers_run,True,2e-12
2022,2022,357688,Trigger_dblEl,1,full_unprescaled_member_covers_run,True,2e-12
2022,2022,357688,Trigger_dblMu,1,full_unprescaled_member_covers_run,True,2e-12
2022,2022,357688,Trigger_sngEl,1,full_unprescaled_member_covers_run,True,2e-12
2022,2022,357688,Trigger_sngMu,1,full_unprescaled_member_covers_run,True,2e-12
2022,2022,357688,Trigger_Muon,2,full_unprescaled_member_covers_run,True,2e-12
2022,2022,357688,Trigger_EGamma,2,full_unprescaled_member_covers_run,True,2e-12
2022,2022,357688,Trigger_Any,7,full_unprescaled_member_covers_run,True,2e-12
2022,2022,357696,Trigger_ElMu,3,full_unprescaled_member_covers_run,True,2e-12
2022,2022,357696,Trigger_dblEl,1,full_unprescaled_member_covers_run,True,2e-12
2022,2022,357696,Trigger_dblMu,1,full_unprescaled_member_covers_run,True,2e-12
2022,2022,357696,Trigger_sngEl,1,full_unprescaled_member_covers_run,True,2e-12
2022,2022,357696,Trigger_sngMu,1,full_unprescaled_member_covers_run,True,2e-12
2022,2022,357696,Trigger_Muon,2,full_unprescaled_member_covers_run,True,2e-12
2022,2022,357696,Trigger_EGamma,2,full_unprescaled_member_covers_run,True,2e-12
2022,2022,357696,Trigger_Any,7,full_unprescaled_member_covers_run,True,2e-12
2022,2022,357697,Trigger_ElMu,3,full_unprescaled_member_covers_run,True,2e-12
2022,2022,357697,Trigger_dblEl,1,full_unprescaled_member_covers_run,True,2e-12
2022,2022,357697,Trigger_dblMu,1,full_unprescaled_member_covers_run,True,2e-12
2022,2022,357697,Trigger_sngEl,1,full_unprescaled_member_covers_run,True,2e-12
2022,2022,357697,Trigger_sngMu,1,full_unprescaled_member_covers_run,True,2e-12
2022,2022,357697,Trigger_Muon,2,full_unprescaled_member_covers_run,True,2e-12
2022,2022,357697,Trigger_EGamma,2,full_unprescaled_member_covers_run,True,2e-12
2022,2022,357697,Trigger_Any,7,full_unprescaled_member_covers_run,True,2e-12
2022,2022,357698,Trigger_ElMu,3,full_unprescaled_member_covers_run,True,2e-12
2022,2022,357698,Trigger_dblEl,1,full_unprescaled_member_covers_run,True,2e-12
2022,2022,357698,Trigger_dblMu,1,full_unprescaled_member_covers_run,True,2e-12
2022,2022,357698,Trigger_sngEl,1,full_unprescaled_member_covers_run,True,2e-12
2022,2022,357698,Trigger_sngMu,1,full_unprescaled_member_covers_run,True,2e-12
2022,2022,357698,Trigger_Muon,2,full_unprescaled_member_covers_run,True,2e-12
2022,2022,357698,Trigger_EGamma,2,full_unprescaled_member_covers_run,True,2e-12
2022,2022,357698,Trigger_Any,7,full_unprescaled_member_covers_run,True,2e-12
2022,2022,357699,Trigger_ElMu,3,full_unprescaled_member_covers_run,True,2e-12
2022,2022,357699,Trigger_dblEl,1,full_unprescaled_member_covers_run,True,2e-12
2022,2022,357699,Trigger_dblMu,1,full_unprescaled_member_covers_run,True,2e-12
2022,2022,357699,Trigger_sngEl,1,full_unprescaled_member_covers_run,True,2e-12
2022,2022,357699,Trigger_sngMu,1,full_unprescaled_member_covers_run,True,2e-12
2022,2022,357699,Trigger_Muon,2,full_unprescaled_member_covers_run,True,2e-12
2022,2022,357699,Trigger_EGamma,2,full_unprescaled_member_covers_run,True,2e-12
2022,2022,357699,Trigger_Any,7,full_unprescaled_member_covers_run,True,2e-12
2022,2022,357700,Trigger_ElMu,3,full_unprescaled_member_covers_run,True,2e-12
2022,2022,357700,Trigger_dblEl,1,full_unprescaled_member_covers_run,True,2e-12
2022,2022,357700,Trigger_dblMu,1,full_unprescaled_member_covers_run,True,2e-12
2022,2022,357700,Trigger_sngEl,1,full_unprescaled_member_covers_run,True,2e-12
2022,2022,357700,Trigger_sngMu,1,full_unprescaled_member_covers_run,True,2e-12
2022,2022,357700,Trigger_Muon,2,full_unprescaled_member_covers_run,True,2e-12
2022,2022,357700,Trigger_EGamma,2,full_unprescaled_member_covers_run,True,2e-12
2022,2022,357700,Trigger_Any,7,full_unprescaled_member_covers_run,True,2e-12
2022,2022,357701,Trigger_ElMu,3,full_unprescaled_member_covers_run,True,2e-12
2022,2022,357701,Trigger_dblEl,1,full_unprescaled_member_covers_run,True,2e-12
2022,2022,357701,Trigger_dblMu,1,full_unprescaled_member_covers_run,True,2e-12
2022,2022,357701,Trigger_sngEl,1,full_unprescaled_member_covers_run,True,2e-12
2022,2022,357701,Trigger_sngMu,1,full_unprescaled_member_covers_run,True,2e-12
2022,2022,357701,Trigger_Muon,2,full_unprescaled_member_covers_run,True,2e-12
2022,2022,357701,Trigger_EGamma,2,full_unprescaled_member_covers_run,True,2e-12
2022,2022,357701,Trigger_Any,7,full_unprescaled_member_covers_run,True,2e-12
2022,2022,357705,Trigger_ElMu,3,full_unprescaled_member_covers_run,True,2e-12
2022,2022,357705,Trigger_dblEl,1,full_unprescaled_member_covers_run,True,2e-12
2022,2022,357705,Trigger_dblMu,1,full_unprescaled_member_covers_run,True,2e-12
2022,2022,357705,Trigger_sngEl,1,full_unprescaled_member_covers_run,True,2e-12
2022,2022,357705,Trigger_sngMu,1,full_unprescaled_member_covers_run,True,2e-12
2022,2022,357705,Trigger_Muon,2,full_unprescaled_member_covers_run,True,2e-12
2022,2022,357705,Trigger_EGamma,2,full_unprescaled_member_covers_run,True,2e-12
2022,2022,357705,Trigger_Any,7,full_unprescaled_member_covers_run,True,2e-12
2022,2022,357706,Trigger_ElMu,3,full_unprescaled_member_covers_run,True,2e-12
2022,2022,357706,Trigger_dblEl,1,full_unprescaled_member_covers_run,True,2e-12
2022,2022,357706,Trigger_dblMu,1,full_unprescaled_member_covers_run,True,2e-12
2022,2022,357706,Trigger_sngEl,1,full_unprescaled_member_covers_run,True,2e-12
2022,2022,357706,Trigger_sngMu,1,full_unprescaled_member_covers_run,True,2e-12
2022,2022,357706,Trigger_Muon,2,full_unprescaled_member_covers_run,True,2e-12
2022,2022,357706,Trigger_EGamma,2,full_unprescaled_member_covers_run,True,2e-12
2022,2022,357706,Trigger_Any,7,full_unprescaled_member_covers_run,True,2e-12
2022,2022,357720,Trigger_ElMu,3,full_unprescaled_member_covers_run,True,2e-12
2022,2022,357720,Trigger_dblEl,1,full_unprescaled_member_covers_run,True,2e-12
2022,2022,357720,Trigger_dblMu,1,full_unprescaled_member_covers_run,True,2e-12
2022,2022,357720,Trigger_sngEl,1,full_unprescaled_member_covers_run,True,2e-12
2022,2022,357720,Trigger_sngMu,1,full_unprescaled_member_covers_run,True,2e-12
2022,2022,357720,Trigger_Muon,2,full_unprescaled_member_covers_run,True,2e-12
2022,2022,357720,Trigger_EGamma,2,full_unprescaled_member_covers_run,True,2e-12
2022,2022,357720,Trigger_Any,7,full_unprescaled_member_covers_run,True,2e-12
2022,2022,357732,Trigger_ElMu,3,full_unprescaled_member_covers_run,True,2e-12
2022,2022,357732,Trigger_dblEl,1,full_unprescaled_member_covers_run,True,2e-12
2022,2022,357732,Trigger_dblMu,1,full_unprescaled_member_covers_run,True,2e-12
2022,2022,357732,Trigger_sngEl,1,full_unprescaled_member_covers_run,True,2e-12
2022,2022,357732,Trigger_sngMu,1,full_unprescaled_member_covers_run,True,2e-12
2022,2022,357732,Trigger_Muon,2,full_unprescaled_member_covers_run,True,2e-12
2022,2022,357732,Trigger_EGamma,2,full_unprescaled_member_covers_run,True,2e-12
2022,2022,357732,Trigger_Any,7,full_unprescaled_member_covers_run,True,2e-12
2022,2022,357734,Trigger_ElMu,3,full_unprescaled_member_covers_run,True,2e-12
2022,2022,357734,Trigger_dblEl,1,full_unprescaled_member_covers_run,True,2e-12
2022,2022,357734,Trigger_dblMu,1,full_unprescaled_member_covers_run,True,2e-12
2022,2022,357734,Trigger_sngEl,1,full_unprescaled_member_covers_run,True,2e-12
2022,2022,357734,Trigger_sngMu,1,full_unprescaled_member_covers_run,True,2e-12
2022,2022,357734,Trigger_Muon,2,full_unprescaled_member_covers_run,True,2e-12
2022,2022,357734,Trigger_EGamma,2,full_unprescaled_member_covers_run,True,2e-12
2022,2022,357734,Trigger_Any,7,full_unprescaled_member_covers_run,True,2e-12
2022,2022,357735,Trigger_ElMu,3,full_unprescaled_member_covers_run,True,2e-12
2022,2022,357735,Trigger_dblEl,1,full_unprescaled_member_covers_run,True,2e-12
2022,2022,357735,Trigger_dblMu,1,full_unprescaled_member_covers_run,True,2e-12
2022,2022,357735,Trigger_sngEl,1,full_unprescaled_member_covers_run,True,2e-12
2022,2022,357735,Trigger_sngMu,1,full_unprescaled_member_covers_run,True,2e-12
2022,2022,357735,Trigger_Muon,2,full_unprescaled_member_covers_run,True,2e-12
2022,2022,357735,Trigger_EGamma,2,full_unprescaled_member_covers_run,True,2e-12
2022,2022,357735,Trigger_Any,7,full_unprescaled_member_covers_run,True,2e-12
2022,2022,357754,Trigger_ElMu,3,full_unprescaled_member_covers_run,True,2e-12
2022,2022,357754,Trigger_dblEl,1,full_unprescaled_member_covers_run,True,2e-12
2022,2022,357754,Trigger_dblMu,1,full_unprescaled_member_covers_run,True,2e-12
2022,2022,357754,Trigger_sngEl,1,full_unprescaled_member_covers_run,True,2e-12
2022,2022,357754,Trigger_sngMu,1,full_unprescaled_member_covers_run,True,2e-12
2022,2022,357754,Trigger_Muon,2,full_unprescaled_member_covers_run,True,2e-12
2022,2022,357754,Trigger_EGamma,2,full_unprescaled_member_covers_run,True,2e-12
2022,2022,357754,Trigger_Any,7,full_unprescaled_member_covers_run,True,2e-12
2022,2022,357756,Trigger_ElMu,3,full_unprescaled_member_covers_run,True,2e-12
2022,2022,357756,Trigger_dblEl,1,full_unprescaled_member_covers_run,True,2e-12
2022,2022,357756,Trigger_dblMu,1,full_unprescaled_member_covers_run,True,2e-12
2022,2022,357756,Trigger_sngEl,1,full_unprescaled_member_covers_run,True,2e-12
2022,2022,357756,Trigger_sngMu,1,full_unprescaled_member_covers_run,True,2e-12
2022,2022,357756,Trigger_Muon,2,full_unprescaled_member_covers_run,True,2e-12
2022,2022,357756,Trigger_EGamma,2,full_unprescaled_member_covers_run,True,2e-12
2022,2022,357756,Trigger_Any,7,full_unprescaled_member_covers_run,True,2e-12
2022,2022,357757,Trigger_ElMu,3,full_unprescaled_member_covers_run,True,2e-12
2022,2022,357757,Trigger_dblEl,1,full_unprescaled_member_covers_run,True,2e-12
2022,2022,357757,Trigger_dblMu,1,full_unprescaled_member_covers_run,True,2e-12
2022,2022,357757,Trigger_sngEl,1,full_unprescaled_member_covers_run,True,2e-12
2022,2022,357757,Trigger_sngMu,1,full_unprescaled_member_covers_run,True,2e-12
2022,2022,357757,Trigger_Muon,2,full_unprescaled_member_covers_run,True,2e-12
2022,2022,357757,Trigger_EGamma,2,full_unprescaled_member_covers_run,True,2e-12
2022,2022,357757,Trigger_Any,7,full_unprescaled_member_covers_run,True,2e-12
2022,2022,357758,Trigger_ElMu,3,full_unprescaled_member_covers_run,True,2e-12
2022,2022,357758,Trigger_dblEl,1,full_unprescaled_member_covers_run,True,2e-12
2022,2022,357758,Trigger_dblMu,1,full_unprescaled_member_covers_run,True,2e-12
2022,2022,357758,Trigger_sngEl,1,full_unprescaled_member_covers_run,True,2e-12
2022,2022,357758,Trigger_sngMu,1,full_unprescaled_member_covers_run,True,2e-12
2022,2022,357758,Trigger_Muon,2,full_unprescaled_member_covers_run,True,2e-12
2022,2022,357758,Trigger_EGamma,2,full_unprescaled_member_covers_run,True,2e-12
2022,2022,357758,Trigger_Any,7,full_unprescaled_member_covers_run,True,2e-12
2022,2022,357759,Trigger_ElMu,3,full_unprescaled_member_covers_run,True,2e-12
2022,2022,357759,Trigger_dblEl,1,full_unprescaled_member_covers_run,True,2e-12
2022,2022,357759,Trigger_dblMu,1,full_unprescaled_member_covers_run,True,2e-12
2022,2022,357759,Trigger_sngEl,1,full_unprescaled_member_covers_run,True,2e-12
2022,2022,357759,Trigger_sngMu,1,full_unprescaled_member_covers_run,True,2e-12
2022,2022,357759,Trigger_Muon,2,full_unprescaled_member_covers_run,True,2e-12
2022,2022,357759,Trigger_EGamma,2,full_unprescaled_member_covers_run,True,2e-12
2022,2022,357759,Trigger_Any,7,full_unprescaled_member_covers_run,True,2e-12
2022,2022,357766,Trigger_ElMu,3,full_unprescaled_member_covers_run,True,2e-12
2022,2022,357766,Trigger_dblEl,1,full_unprescaled_member_covers_run,True,2e-12
2022,2022,357766,Trigger_dblMu,1,full_unprescaled_member_covers_run,True,2e-12
2022,2022,357766,Trigger_sngEl,1,full_unprescaled_member_covers_run,True,2e-12
2022,2022,357766,Trigger_sngMu,1,full_unprescaled_member_covers_run,True,2e-12
2022,2022,357766,Trigger_Muon,2,full_unprescaled_member_covers_run,True,2e-12
2022,2022,357766,Trigger_EGamma,2,full_unprescaled_member_covers_run,True,2e-12
2022,2022,357766,Trigger_Any,7,full_unprescaled_member_covers_run,True,2e-12
2022,2022,357777,Trigger_ElMu,3,full_unprescaled_member_covers_run,True,2e-12
2022,2022,357777,Trigger_dblEl,1,full_unprescaled_member_covers_run,True,2e-12
2022,2022,357777,Trigger_dblMu,1,full_unprescaled_member_covers_run,True,2e-12
2022,2022,357777,Trigger_sngEl,1,full_unprescaled_member_covers_run,True,2e-12
2022,2022,357777,Trigger_sngMu,1,full_unprescaled_member_covers_run,True,2e-12
2022,2022,357777,Trigger_Muon,2,full_unprescaled_member_covers_run,True,2e-12
2022,2022,357777,Trigger_EGamma,2,full_unprescaled_member_covers_run,True,2e-12
2022,2022,357777,Trigger_Any,7,full_unprescaled_member_covers_run,True,2e-12
2022,2022,357778,Trigger_ElMu,3,full_unprescaled_member_covers_run,True,2e-12
2022,2022,357778,Trigger_dblEl,1,full_unprescaled_member_covers_run,True,2e-12
2022,2022,357778,Trigger_dblMu,1,full_unprescaled_member_covers_run,True,2e-12
2022,2022,357778,Trigger_sngEl,1,full_unprescaled_member_covers_run,True,2e-12
2022,2022,357778,Trigger_sngMu,1,full_unprescaled_member_covers_run,True,2e-12
2022,2022,357778,Trigger_Muon,2,full_unprescaled_member_covers_run,True,2e-12
2022,2022,357778,Trigger_EGamma,2,full_unprescaled_member_covers_run,True,2e-12
2022,2022,357778,Trigger_Any,7,full_unprescaled_member_covers_run,True,2e-12
2022,2022,357779,Trigger_ElMu,3,full_unprescaled_member_covers_run,True,2e-12
2022,2022,357779,Trigger_dblEl,1,full_unprescaled_member_covers_run,True,2e-12
2022,2022,357779,Trigger_dblMu,1,full_unprescaled_member_covers_run,True,2e-12
2022,2022,357779,Trigger_sngEl,1,full_unprescaled_member_covers_run,True,2e-12
2022,2022,357779,Trigger_sngMu,1,full_unprescaled_member_covers_run,True,2e-12
2022,2022,357779,Trigger_Muon,2,full_unprescaled_member_covers_run,True,2e-12
2022,2022,357779,Trigger_EGamma,2,full_unprescaled_member_covers_run,True,2e-12
2022,2022,357779,Trigger_Any,7,full_unprescaled_member_covers_run,True,2e-12
2022,2022,357781,Trigger_ElMu,3,full_unprescaled_member_covers_run,True,2e-12
2022,2022,357781,Trigger_dblEl,1,full_unprescaled_member_covers_run,True,2e-12
2022,2022,357781,Trigger_dblMu,1,full_unprescaled_member_covers_run,True,2e-12
2022,2022,357781,Trigger_sngEl,1,full_unprescaled_member_covers_run,True,2e-12
2022,2022,357781,Trigger_sngMu,1,full_unprescaled_member_covers_run,True,2e-12
2022,2022,357781,Trigger_Muon,2,full_unprescaled_member_covers_run,True,2e-12
2022,2022,357781,Trigger_EGamma,2,full_unprescaled_member_covers_run,True,2e-12
2022,2022,357781,Trigger_Any,7,full_unprescaled_member_covers_run,True,2e-12
2022,2022,357802,Trigger_ElMu,3,full_unprescaled_member_covers_run,True,2e-12
2022,2022,357802,Trigger_dblEl,1,full_unprescaled_member_covers_run,True,2e-12
2022,2022,357802,Trigger_dblMu,1,full_unprescaled_member_covers_run,True,2e-12
2022,2022,357802,Trigger_sngEl,1,full_unprescaled_member_covers_run,True,2e-12
2022,2022,357802,Trigger_sngMu,1,full_unprescaled_member_covers_run,True,2e-12
2022,2022,357802,Trigger_Muon,2,full_unprescaled_member_covers_run,True,2e-12
2022,2022,357802,Trigger_EGamma,2,full_unprescaled_member_covers_run,True,2e-12
2022,2022,357802,Trigger_Any,7,full_unprescaled_member_covers_run,True,2e-12
2022,2022,357803,Trigger_ElMu,3,full_unprescaled_member_covers_run,True,2e-12
2022,2022,357803,Trigger_dblEl,1,full_unprescaled_member_covers_run,True,2e-12
2022,2022,357803,Trigger_dblMu,1,full_unprescaled_member_covers_run,True,2e-12
2022,2022,357803,Trigger_sngEl,1,full_unprescaled_member_covers_run,True,2e-12
2022,2022,357803,Trigger_sngMu,1,full_unprescaled_member_covers_run,True,2e-12
2022,2022,357803,Trigger_Muon,2,full_unprescaled_member_covers_run,True,2e-12
2022,2022,357803,Trigger_EGamma,2,full_unprescaled_member_covers_run,True,2e-12
2022,2022,357803,Trigger_Any,7,full_unprescaled_member_covers_run,True,2e-12
2022,2022,357804,Trigger_ElMu,3,full_unprescaled_member_covers_run,True,2e-12
2022,2022,357804,Trigger_dblEl,1,full_unprescaled_member_covers_run,True,2e-12
2022,2022,357804,Trigger_dblMu,1,full_unprescaled_member_covers_run,True,2e-12
2022,2022,357804,Trigger_sngEl,1,full_unprescaled_member_covers_run,True,2e-12
2022,2022,357804,Trigger_sngMu,1,full_unprescaled_member_covers_run,True,2e-12
2022,2022,357804,Trigger_Muon,2,full_unprescaled_member_covers_run,True,2e-12
2022,2022,357804,Trigger_EGamma,2,full_unprescaled_member_covers_run,True,2e-12
2022,2022,357804,Trigger_Any,7,full_unprescaled_member_covers_run,True,2e-12
2022,2022,357805,Trigger_ElMu,3,full_unprescaled_member_covers_run,True,2e-12
2022,2022,357805,Trigger_dblEl,1,full_unprescaled_member_covers_run,True,2e-12
2022,2022,357805,Trigger_dblMu,1,full_unprescaled_member_covers_run,True,2e-12
2022,2022,357805,Trigger_sngEl,1,full_unprescaled_member_covers_run,True,2e-12
2022,2022,357805,Trigger_sngMu,1,full_unprescaled_member_covers_run,True,2e-12
2022,2022,357805,Trigger_Muon,2,full_unprescaled_member_covers_run,True,2e-12
2022,2022,357805,Trigger_EGamma,2,full_unprescaled_member_covers_run,True,2e-12
2022,2022,357805,Trigger_Any,7,full_unprescaled_member_covers_run,True,2e-12
2022,2022,357806,Trigger_ElMu,3,full_unprescaled_member_covers_run,True,2e-12
2022,2022,357806,Trigger_dblEl,1,full_unprescaled_member_covers_run,True,2e-12
2022,2022,357806,Trigger_dblMu,1,full_unprescaled_member_covers_run,True,2e-12
2022,2022,357806,Trigger_sngEl,1,full_unprescaled_member_covers_run,True,2e-12
2022,2022,357806,Trigger_sngMu,1,full_unprescaled_member_covers_run,True,2e-12
2022,2022,357806,Trigger_Muon,2,full_unprescaled_member_covers_run,True,2e-12
2022,2022,357806,Trigger_EGamma,2,full_unprescaled_member_covers_run,True,2e-12
2022,2022,357806,Trigger_Any,7,full_unprescaled_member_covers_run,True,2e-12
2022,2022,357807,Trigger_ElMu,3,full_unprescaled_member_covers_run,True,2e-12
2022,2022,357807,Trigger_dblEl,1,full_unprescaled_member_covers_run,True,2e-12
2022,2022,357807,Trigger_dblMu,1,full_unprescaled_member_covers_run,True,2e-12
2022,2022,357807,Trigger_sngEl,1,full_unprescaled_member_covers_run,True,2e-12
2022,2022,357807,Trigger_sngMu,1,full_unprescaled_member_covers_run,True,2e-12
2022,2022,357807,Trigger_Muon,2,full_unprescaled_member_covers_run,True,2e-12
2022,2022,357807,Trigger_EGamma,2,full_unprescaled_member_covers_run,True,2e-12
2022,2022,357807,Trigger_Any,7,full_unprescaled_member_covers_run,True,2e-12
2022,2022,357808,Trigger_ElMu,3,full_unprescaled_member_covers_run,True,2e-12
2022,2022,357808,Trigger_dblEl,1,full_unprescaled_member_covers_run,True,2e-12
2022,2022,357808,Trigger_dblMu,1,full_unprescaled_member_covers_run,True,2e-12
2022,2022,357808,Trigger_sngEl,1,full_unprescaled_member_covers_run,True,2e-12
2022,2022,357808,Trigger_sngMu,1,full_unprescaled_member_covers_run,True,2e-12
2022,2022,357808,Trigger_Muon,2,full_unprescaled_member_covers_run,True,2e-12
2022,2022,357808,Trigger_EGamma,2,full_unprescaled_member_covers_run,True,2e-12
2022,2022,357808,Trigger_Any,7,full_unprescaled_member_covers_run,True,2e-12
2022,2022,357809,Trigger_ElMu,3,full_unprescaled_member_covers_run,True,2e-12
2022,2022,357809,Trigger_dblEl,1,full_unprescaled_member_covers_run,True,2e-12
2022,2022,357809,Trigger_dblMu,1,full_unprescaled_member_covers_run,True,2e-12
2022,2022,357809,Trigger_sngEl,1,full_unprescaled_member_covers_run,True,2e-12
2022,2022,357809,Trigger_sngMu,1,full_unprescaled_member_covers_run,True,2e-12
2022,2022,357809,Trigger_Muon,2,full_unprescaled_member_covers_run,True,2e-12
2022,2022,357809,Trigger_EGamma,2,full_unprescaled_member_covers_run,True,2e-12
2022,2022,357809,Trigger_Any,7,full_unprescaled_member_covers_run,True,2e-12
2022,2022,357812,Trigger_ElMu,3,full_unprescaled_member_covers_run,True,2e-12
2022,2022,357812,Trigger_dblEl,1,full_unprescaled_member_covers_run,True,2e-12
2022,2022,357812,Trigger_dblMu,1,full_unprescaled_member_covers_run,True,2e-12
2022,2022,357812,Trigger_sngEl,1,full_unprescaled_member_covers_run,True,2e-12
2022,2022,357812,Trigger_sngMu,1,full_unprescaled_member_covers_run,True,2e-12
2022,2022,357812,Trigger_Muon,2,full_unprescaled_member_covers_run,True,2e-12
2022,2022,357812,Trigger_EGamma,2,full_unprescaled_member_covers_run,True,2e-12
2022,2022,357812,Trigger_Any,7,full_unprescaled_member_covers_run,True,2e-12
2022,2022,357813,Trigger_ElMu,3,full_unprescaled_member_covers_run,True,2e-12
2022,2022,357813,Trigger_dblEl,1,full_unprescaled_member_covers_run,True,2e-12
2022,2022,357813,Trigger_dblMu,1,full_unprescaled_member_covers_run,True,2e-12
2022,2022,357813,Trigger_sngEl,1,full_unprescaled_member_covers_run,True,2e-12
2022,2022,357813,Trigger_sngMu,1,full_unprescaled_member_covers_run,True,2e-12
2022,2022,357813,Trigger_Muon,2,full_unprescaled_member_covers_run,True,2e-12
2022,2022,357813,Trigger_EGamma,2,full_unprescaled_member_covers_run,True,2e-12
2022,2022,357813,Trigger_Any,7,full_unprescaled_member_covers_run,True,2e-12
2022,2022,357814,Trigger_ElMu,3,full_unprescaled_member_covers_run,True,2e-12
2022,2022,357814,Trigger_dblEl,1,full_unprescaled_member_covers_run,True,2e-12
2022,2022,357814,Trigger_dblMu,1,full_unprescaled_member_covers_run,True,2e-12
2022,2022,357814,Trigger_sngEl,1,full_unprescaled_member_covers_run,True,2e-12
2022,2022,357814,Trigger_sngMu,1,full_unprescaled_member_covers_run,True,2e-12
2022,2022,357814,Trigger_Muon,2,full_unprescaled_member_covers_run,True,2e-12
2022,2022,357814,Trigger_EGamma,2,full_unprescaled_member_covers_run,True,2e-12
2022,2022,357814,Trigger_Any,7,full_unprescaled_member_covers_run,True,2e-12
2022,2022,357815,Trigger_ElMu,3,full_unprescaled_member_covers_run,True,2e-12
2022,2022,357815,Trigger_dblEl,1,full_unprescaled_member_covers_run,True,2e-12
2022,2022,357815,Trigger_dblMu,1,full_unprescaled_member_covers_run,True,2e-12
2022,2022,357815,Trigger_sngEl,1,full_unprescaled_member_covers_run,True,2e-12
2022,2022,357815,Trigger_sngMu,1,full_unprescaled_member_covers_run,True,2e-12
2022,2022,357815,Trigger_Muon,2,full_unprescaled_member_covers_run,True,2e-12
2022,2022,357815,Trigger_EGamma,2,full_unprescaled_member_covers_run,True,2e-12
2022,2022,357815,Trigger_Any,7,full_unprescaled_member_covers_run,True,2e-12
2022,2022,357898,Trigger_ElMu,3,full_unprescaled_member_covers_run,True,2e-12
2022,2022,357898,Trigger_dblEl,1,full_unprescaled_member_covers_run,True,2e-12
2022,2022,357898,Trigger_dblMu,1,full_unprescaled_member_covers_run,True,2e-12
2022,2022,357898,Trigger_sngEl,1,full_unprescaled_member_covers_run,True,2e-12
2022,2022,357898,Trigger_sngMu,1,full_unprescaled_member_covers_run,True,2e-12
2022,2022,357898,Trigger_Muon,2,full_unprescaled_member_covers_run,True,2e-12
2022,2022,357898,Trigger_EGamma,2,full_unprescaled_member_covers_run,True,2e-12
2022,2022,357898,Trigger_Any,7,full_unprescaled_member_covers_run,True,2e-12
2022,2022,357899,Trigger_ElMu,3,full_unprescaled_member_covers_run,True,2e-12
2022,2022,357899,Trigger_dblEl,1,full_unprescaled_member_covers_run,True,2e-12
2022,2022,357899,Trigger_dblMu,1,full_unprescaled_member_covers_run,True,2e-12
2022,2022,357899,Trigger_sngEl,1,full_unprescaled_member_covers_run,True,2e-12
2022,2022,357899,Trigger_sngMu,1,full_unprescaled_member_covers_run,True,2e-12
2022,2022,357899,Trigger_Muon,2,full_unprescaled_member_covers_run,True,2e-12
2022,2022,357899,Trigger_EGamma,2,full_unprescaled_member_covers_run,True,2e-12
2022,2022,357899,Trigger_Any,7,full_unprescaled_member_covers_run,True,2e-12
2022,2022,357900,Trigger_ElMu,3,full_unprescaled_member_covers_run,True,2e-12
2022,2022,357900,Trigger_dblEl,1,full_unprescaled_member_covers_run,True,2e-12
2022,2022,357900,Trigger_dblMu,1,full_unprescaled_member_covers_run,True,2e-12
2022,2022,357900,Trigger_sngEl,1,full_unprescaled_member_covers_run,True,2e-12
2022,2022,357900,Trigger_sngMu,1,full_unprescaled_member_covers_run,True,2e-12
2022,2022,357900,Trigger_Muon,2,full_unprescaled_member_covers_run,True,2e-12
2022,2022,357900,Trigger_EGamma,2,full_unprescaled_member_covers_run,True,2e-12
2022,2022,357900,Trigger_Any,7,full_unprescaled_member_covers_run,True,2e-12
2022,2022EE,359569,Trigger_ElMu,3,full_unprescaled_member_covers_run,True,2e-12
2022,2022EE,359569,Trigger_dblEl,1,validated_unprescaled_partial_ls_union,True,2e-12
2022,2022EE,359569,Trigger_dblMu,1,full_unprescaled_member_covers_run,True,2e-12
2022,2022EE,359569,Trigger_sngEl,1,validated_unprescaled_partial_ls_union,True,2e-12
2022,2022EE,359569,Trigger_sngMu,1,full_unprescaled_member_covers_run,True,2e-12
2022,2022EE,359569,Trigger_Muon,2,full_unprescaled_member_covers_run,True,2e-12
2022,2022EE,359569,Trigger_EGamma,2,validated_unprescaled_partial_ls_union,True,2e-12
2022,2022EE,359569,Trigger_Any,7,full_unprescaled_member_covers_run,True,2e-12
2022,2022EE,359571,Trigger_ElMu,3,full_unprescaled_member_covers_run,True,2e-12
2022,2022EE,359571,Trigger_dblEl,1,validated_unprescaled_partial_ls_union,True,2e-12
2022,2022EE,359571,Trigger_dblMu,1,full_unprescaled_member_covers_run,True,2e-12
2022,2022EE,359571,Trigger_sngEl,1,validated_unprescaled_partial_ls_union,True,2e-12
2022,2022EE,359571,Trigger_sngMu,1,full_unprescaled_member_covers_run,True,2e-12
2022,2022EE,359571,Trigger_Muon,2,full_unprescaled_member_covers_run,True,2e-12
2022,2022EE,359571,Trigger_EGamma,2,validated_unprescaled_partial_ls_union,True,2e-12
2022,2022EE,359571,Trigger_Any,7,full_unprescaled_member_covers_run,True,2e-12
2022,2022EE,359575,Trigger_ElMu,3,full_unprescaled_member_covers_run,True,2e-12
2022,2022EE,359575,Trigger_dblEl,1,validated_unprescaled_partial_ls_union,True,2e-12
2022,2022EE,359575,Trigger_dblMu,1,full_unprescaled_member_covers_run,True,2e-12
2022,2022EE,359575,Trigger_sngEl,1,validated_unprescaled_partial_ls_union,True,2e-12
2022,2022EE,359575,Trigger_sngMu,1,full_unprescaled_member_covers_run,True,2e-12
2022,2022EE,359575,Trigger_Muon,2,full_unprescaled_member_covers_run,True,2e-12
2022,2022EE,359575,Trigger_EGamma,2,validated_unprescaled_partial_ls_union,True,2e-12
2022,2022EE,359575,Trigger_Any,7,full_unprescaled_member_covers_run,True,2e-12
2022,2022EE,359595,Trigger_ElMu,3,full_unprescaled_member_covers_run,True,2e-12
2022,2022EE,359595,Trigger_dblEl,1,full_unprescaled_member_covers_run,True,2e-12
2022,2022EE,359595,Trigger_dblMu,1,full_unprescaled_member_covers_run,True,2e-12
2022,2022EE,359595,Trigger_sngEl,1,full_unprescaled_member_covers_run,True,2e-12
2022,2022EE,359595,Trigger_sngMu,1,full_unprescaled_member_covers_run,True,2e-12
2022,2022EE,359595,Trigger_Muon,2,full_unprescaled_member_covers_run,True,2e-12
2022,2022EE,359595,Trigger_EGamma,2,full_unprescaled_member_covers_run,True,2e-12
2022,2022EE,359595,Trigger_Any,7,full_unprescaled_member_covers_run,True,2e-12
2022,2022EE,359597,Trigger_ElMu,3,full_unprescaled_member_covers_run,True,2e-12
2022,2022EE,359597,Trigger_dblEl,1,full_unprescaled_member_covers_run,True,2e-12
2022,2022EE,359597,Trigger_dblMu,1,full_unprescaled_member_covers_run,True,2e-12
2022,2022EE,359597,Trigger_sngEl,1,full_unprescaled_member_covers_run,True,2e-12
2022,2022EE,359597,Trigger_sngMu,1,full_unprescaled_member_covers_run,True,2e-12
2022,2022EE,359597,Trigger_Muon,2,full_unprescaled_member_covers_run,True,2e-12
2022,2022EE,359597,Trigger_EGamma,2,full_unprescaled_member_covers_run,True,2e-12
2022,2022EE,359597,Trigger_Any,7,full_unprescaled_member_covers_run,True,2e-12
2022,2022EE,359602,Trigger_ElMu,3,full_unprescaled_member_covers_run,True,2e-12
2022,2022EE,359602,Trigger_dblEl,1,validated_unprescaled_partial_ls_union,True,2e-12
2022,2022EE,359602,Trigger_dblMu,1,full_unprescaled_member_covers_run,True,2e-12
2022,2022EE,359602,Trigger_sngEl,1,validated_unprescaled_partial_ls_union,True,2e-12
2022,2022EE,359602,Trigger_sngMu,1,full_unprescaled_member_covers_run,True,2e-12
2022,2022EE,359602,Trigger_Muon,2,full_unprescaled_member_covers_run,True,2e-12
2022,2022EE,359602,Trigger_EGamma,2,validated_unprescaled_partial_ls_union,True,2e-12
2022,2022EE,359602,Trigger_Any,7,full_unprescaled_member_covers_run,True,2e-12
2022,2022EE,359609,Trigger_ElMu,3,full_unprescaled_member_covers_run,True,2e-12
2022,2022EE,359609,Trigger_dblEl,1,full_unprescaled_member_covers_run,True,2e-12
2022,2022EE,359609,Trigger_dblMu,1,full_unprescaled_member_covers_run,True,2e-12
2022,2022EE,359609,Trigger_sngEl,1,full_unprescaled_member_covers_run,True,2e-12
2022,2022EE,359609,Trigger_sngMu,1,full_unprescaled_member_covers_run,True,2e-12
2022,2022EE,359609,Trigger_Muon,2,full_unprescaled_member_covers_run,True,2e-12
2022,2022EE,359609,Trigger_EGamma,2,full_unprescaled_member_covers_run,True,2e-12
2022,2022EE,359609,Trigger_Any,7,full_unprescaled_member_covers_run,True,2e-12
2022,2022EE,359612,Trigger_ElMu,3,full_unprescaled_member_covers_run,True,2e-12
2022,2022EE,359612,Trigger_dblEl,1,full_unprescaled_member_covers_run,True,2e-12
2022,2022EE,359612,Trigger_dblMu,1,full_unprescaled_member_covers_run,True,2e-12
2022,2022EE,359612,Trigger_sngEl,1,full_unprescaled_member_covers_run,True,2e-12
2022,2022EE,359612,Trigger_sngMu,1,full_unprescaled_member_covers_run,True,2e-12
2022,2022EE,359612,Trigger_Muon,2,full_unprescaled_member_covers_run,True,2e-12
2022,2022EE,359612,Trigger_EGamma,2,full_unprescaled_member_covers_run,True,2e-12
2022,2022EE,359612,Trigger_Any,7,full_unprescaled_member_covers_run,True,2e-12
2022,2022EE,359661,Trigger_ElMu,3,full_unprescaled_member_covers_run,True,2e-12
2022,2022EE,359661,Trigger_dblEl,1,full_unprescaled_member_covers_run,True,2e-12
2022,2022EE,359661,Trigger_dblMu,1,full_unprescaled_member_covers_run,True,2e-12
2022,2022EE,359661,Trigger_sngEl,1,full_unprescaled_member_covers_run,True,2e-12
2022,2022EE,359661,Trigger_sngMu,1,full_unprescaled_member_covers_run,True,2e-12
2022,2022EE,359661,Trigger_Muon,2,full_unprescaled_member_covers_run,True,2e-12
2022,2022EE,359661,Trigger_EGamma,2,full_unprescaled_member_covers_run,True,2e-12
2022,2022EE,359661,Trigger_Any,7,full_unprescaled_member_covers_run,True,2e-12
2022,2022EE,359685,Trigger_ElMu,3,full_unprescaled_member_covers_run,True,2e-12
2022,2022EE,359685,Trigger_dblEl,1,full_unprescaled_member_covers_run,True,2e-12
2022,2022EE,359685,Trigger_dblMu,1,full_unprescaled_member_covers_run,True,2e-12
2022,2022EE,359685,Trigger_sngEl,1,full_unprescaled_member_covers_run,True,2e-12
2022,2022EE,359685,Trigger_sngMu,1,full_unprescaled_member_covers_run,True,2e-12
2022,2022EE,359685,Trigger_Muon,2,full_unprescaled_member_covers_run,True,2e-12
2022,2022EE,359685,Trigger_EGamma,2,full_unprescaled_member_covers_run,True,2e-12
2022,2022EE,359685,Trigger_Any,7,full_unprescaled_member_covers_run,True,2e-12
2022,2022EE,359686,Trigger_ElMu,3,full_unprescaled_member_covers_run,True,2e-12
2022,2022EE,359686,Trigger_dblEl,1,full_unprescaled_member_covers_run,True,2e-12
2022,2022EE,359686,Trigger_dblMu,1,full_unprescaled_member_covers_run,True,2e-12
2022,2022EE,359686,Trigger_sngEl,1,full_unprescaled_member_covers_run,True,2e-12
2022,2022EE,359686,Trigger_sngMu,1,full_unprescaled_member_covers_run,True,2e-12
2022,2022EE,359686,Trigger_Muon,2,full_unprescaled_member_covers_run,True,2e-12
2022,2022EE,359686,Trigger_EGamma,2,full_unprescaled_member_covers_run,True,2e-12
2022,2022EE,359686,Trigger_Any,7,full_unprescaled_member_covers_run,True,2e-12
2022,2022EE,359691,Trigger_ElMu,3,full_unprescaled_member_covers_run,True,2e-12
2022,2022EE,359691,Trigger_dblEl,1,full_unprescaled_member_covers_run,True,2e-12
2022,2022EE,359691,Trigger_dblMu,1,full_unprescaled_member_covers_run,True,2e-12
2022,2022EE,359691,Trigger_sngEl,1,full_unprescaled_member_covers_run,True,2e-12
2022,2022EE,359691,Trigger_sngMu,1,full_unprescaled_member_covers_run,True,2e-12
2022,2022EE,359691,Trigger_Muon,2,full_unprescaled_member_covers_run,True,2e-12
2022,2022EE,359691,Trigger_EGamma,2,full_unprescaled_member_covers_run,True,2e-12
2022,2022EE,359691,Trigger_Any,7,full_unprescaled_member_covers_run,True,2e-12
2022,2022EE,359693,Trigger_ElMu,3,full_unprescaled_member_covers_run,True,2e-12
2022,2022EE,359693,Trigger_dblEl,1,validated_unprescaled_partial_ls_union,True,2e-12
2022,2022EE,359693,Trigger_dblMu,1,full_unprescaled_member_covers_run,True,2e-12
2022,2022EE,359693,Trigger_sngEl,1,validated_unprescaled_partial_ls_union,True,2e-12
2022,2022EE,359693,Trigger_sngMu,1,full_unprescaled_member_covers_run,True,2e-12
2022,2022EE,359693,Trigger_Muon,2,full_unprescaled_member_covers_run,True,2e-12
2022,2022EE,359693,Trigger_EGamma,2,validated_unprescaled_partial_ls_union,True,2e-12
2022,2022EE,359693,Trigger_Any,7,full_unprescaled_member_covers_run,True,2e-12
2022,2022EE,359694,Trigger_ElMu,3,full_unprescaled_member_covers_run,True,2e-12
2022,2022EE,359694,Trigger_dblEl,1,validated_unprescaled_partial_ls_union,True,2e-12
2022,2022EE,359694,Trigger_dblMu,1,full_unprescaled_member_covers_run,True,2e-12
2022,2022EE,359694,Trigger_sngEl,1,validated_unprescaled_partial_ls_union,True,2e-12
2022,2022EE,359694,Trigger_sngMu,1,full_unprescaled_member_covers_run,True,2e-12
2022,2022EE,359694,Trigger_Muon,2,full_unprescaled_member_covers_run,True,2e-12
2022,2022EE,359694,Trigger_EGamma,2,validated_unprescaled_partial_ls_union,True,2e-12
2022,2022EE,359694,Trigger_Any,7,full_unprescaled_member_covers_run,True,2e-12
2022,2022EE,359699,Trigger_ElMu,3,validated_unprescaled_partial_ls_union,True,2e-12
2022,2022EE,359699,Trigger_dblEl,1,validated_unprescaled_partial_ls_union,True,2e-12
2022,2022EE,359699,Trigger_dblMu,1,full_unprescaled_member_covers_run,True,2e-12
2022,2022EE,359699,Trigger_sngEl,1,validated_unprescaled_partial_ls_union,True,2e-12
2022,2022EE,359699,Trigger_sngMu,1,full_unprescaled_member_covers_run,True,2e-12
2022,2022EE,359699,Trigger_Muon,2,full_unprescaled_member_covers_run,True,2e-12
2022,2022EE,359699,Trigger_EGamma,2,validated_unprescaled_partial_ls_union,True,2e-12
2022,2022EE,359699,Trigger_Any,7,full_unprescaled_member_covers_run,True,2e-12
2022,2022EE,359718,Trigger_ElMu,3,full_unprescaled_member_covers_run,True,2e-12
2022,2022EE,359718,Trigger_dblEl,1,validated_unprescaled_partial_ls_union,True,2e-12
2022,2022EE,359718,Trigger_dblMu,1,full_unprescaled_member_covers_run,True,2e-12
2022,2022EE,359718,Trigger_sngEl,1,validated_unprescaled_partial_ls_union,True,2e-12
2022,2022EE,359718,Trigger_sngMu,1,full_unprescaled_member_covers_run,True,2e-12
2022,2022EE,359718,Trigger_Muon,2,full_unprescaled_member_covers_run,True,2e-12
2022,2022EE,359718,Trigger_EGamma,2,validated_unprescaled_partial_ls_union,True,2e-12
2022,2022EE,359718,Trigger_Any,7,full_unprescaled_member_covers_run,True,2e-12
2022,2022EE,359750,Trigger_ElMu,3,full_unprescaled_member_covers_run,True,2e-12
2022,2022EE,359750,Trigger_dblEl,1,full_unprescaled_member_covers_run,True,2e-12
2022,2022EE,359750,Trigger_dblMu,1,full_unprescaled_member_covers_run,True,2e-12
2022,2022EE,359750,Trigger_sngEl,1,full_unprescaled_member_covers_run,True,2e-12
2022,2022EE,359750,Trigger_sngMu,1,full_unprescaled_member_covers_run,True,2e-12
2022,2022EE,359750,Trigger_Muon,2,full_unprescaled_member_covers_run,True,2e-12
2022,2022EE,359750,Trigger_EGamma,2,full_unprescaled_member_covers_run,True,2e-12
2022,2022EE,359750,Trigger_Any,7,full_unprescaled_member_covers_run,True,2e-12
2022,2022EE,359751,Trigger_ElMu,3,full_unprescaled_member_covers_run,True,2e-12
2022,2022EE,359751,Trigger_dblEl,1,validated_unprescaled_partial_ls_union,True,2e-12
2022,2022EE,359751,Trigger_dblMu,1,full_unprescaled_member_covers_run,True,2e-12
2022,2022EE,359751,Trigger_sngEl,1,validated_unprescaled_partial_ls_union,True,2e-12
2022,2022EE,359751,Trigger_sngMu,1,full_unprescaled_member_covers_run,True,2e-12
2022,2022EE,359751,Trigger_Muon,2,full_unprescaled_member_covers_run,True,2e-12
2022,2022EE,359751,Trigger_EGamma,2,validated_unprescaled_partial_ls_union,True,2e-12
2022,2022EE,359751,Trigger_Any,7,full_unprescaled_member_covers_run,True,2e-12
2022,2022EE,359762,Trigger_ElMu,3,full_unprescaled_member_covers_run,True,2e-12
2022,2022EE,359762,Trigger_dblEl,1,validated_unprescaled_partial_ls_union,True,2e-12
2022,2022EE,359762,Trigger_dblMu,1,full_unprescaled_member_covers_run,True,2e-12
2022,2022EE,359762,Trigger_sngEl,1,validated_unprescaled_partial_ls_union,True,2e-12
2022,2022EE,359762,Trigger_sngMu,1,full_unprescaled_member_covers_run,True,2e-12
2022,2022EE,359762,Trigger_Muon,2,full_unprescaled_member_covers_run,True,2e-12
2022,2022EE,359762,Trigger_EGamma,2,validated_unprescaled_partial_ls_union,True,2e-12
2022,2022EE,359762,Trigger_Any,7,full_unprescaled_member_covers_run,True,2e-12
2022,2022EE,359763,Trigger_ElMu,3,full_unprescaled_member_covers_run,True,2e-12
2022,2022EE,359763,Trigger_dblEl,1,validated_unprescaled_partial_ls_union,True,2e-12
2022,2022EE,359763,Trigger_dblMu,1,full_unprescaled_member_covers_run,True,2e-12
2022,2022EE,359763,Trigger_sngEl,1,validated_unprescaled_partial_ls_union,True,2e-12
2022,2022EE,359763,Trigger_sngMu,1,full_unprescaled_member_covers_run,True,2e-12
2022,2022EE,359763,Trigger_Muon,2,full_unprescaled_member_covers_run,True,2e-12
2022,2022EE,359763,Trigger_EGamma,2,validated_unprescaled_partial_ls_union,True,2e-12
2022,2022EE,359763,Trigger_Any,7,full_unprescaled_member_covers_run,True,2e-12
2022,2022EE,359764,Trigger_ElMu,3,full_unprescaled_member_covers_run,True,2e-12
2022,2022EE,359764,Trigger_dblEl,1,validated_unprescaled_partial_ls_union,True,2e-12
2022,2022EE,359764,Trigger_dblMu,1,full_unprescaled_member_covers_run,True,2e-12
2022,2022EE,359764,Trigger_sngEl,1,validated_unprescaled_partial_ls_union,True,2e-12
2022,2022EE,359764,Trigger_sngMu,1,full_unprescaled_member_covers_run,True,2e-12
2022,2022EE,359764,Trigger_Muon,2,full_unprescaled_member_covers_run,True,2e-12
2022,2022EE,359764,Trigger_EGamma,2,validated_unprescaled_partial_ls_union,True,2e-12
2022,2022EE,359764,Trigger_Any,7,full_unprescaled_member_covers_run,True,2e-12
2022,2022EE,359776,Trigger_ElMu,3,full_unprescaled_member_covers_run,True,2e-12
2022,2022EE,359776,Trigger_dblEl,1,full_unprescaled_member_covers_run,True,2e-12
2022,2022EE,359776,Trigger_dblMu,1,full_unprescaled_member_covers_run,True,2e-12
2022,2022EE,359776,Trigger_sngEl,1,full_unprescaled_member_covers_run,True,2e-12
2022,2022EE,359776,Trigger_sngMu,1,full_unprescaled_member_covers_run,True,2e-12
2022,2022EE,359776,Trigger_Muon,2,full_unprescaled_member_covers_run,True,2e-12
2022,2022EE,359776,Trigger_EGamma,2,full_unprescaled_member_covers_run,True,2e-12
2022,2022EE,359776,Trigger_Any,7,full_unprescaled_member_covers_run,True,2e-12
2022,2022EE,359806,Trigger_ElMu,3,validated_unprescaled_partial_ls_union,True,2e-12
2022,2022EE,359806,Trigger_dblEl,1,validated_unprescaled_partial_ls_union,True,2e-12
2022,2022EE,359806,Trigger_dblMu,1,validated_unprescaled_partial_ls_union,True,2e-12
2022,2022EE,359806,Trigger_sngEl,1,validated_unprescaled_partial_ls_union,True,2e-12
2022,2022EE,359806,Trigger_sngMu,1,validated_unprescaled_partial_ls_union,True,2e-12
2022,2022EE,359806,Trigger_Muon,2,validated_unprescaled_partial_ls_union,True,2e-12
2022,2022EE,359806,Trigger_EGamma,2,validated_unprescaled_partial_ls_union,True,2e-12
2022,2022EE,359806,Trigger_Any,7,validated_unprescaled_partial_ls_union,True,2e-12
2022,2022EE,359808,Trigger_ElMu,3,full_unprescaled_member_covers_run,True,2e-12
2022,2022EE,359808,Trigger_dblEl,1,validated_unprescaled_partial_ls_union,True,2e-12
2022,2022EE,359808,Trigger_dblMu,1,full_unprescaled_member_covers_run,True,2e-12
2022,2022EE,359808,Trigger_sngEl,1,validated_unprescaled_partial_ls_union,True,2e-12
2022,2022EE,359808,Trigger_sngMu,1,full_unprescaled_member_covers_run,True,2e-12
2022,2022EE,359808,Trigger_Muon,2,full_unprescaled_member_covers_run,True,2e-12
2022,2022EE,359808,Trigger_EGamma,2,validated_unprescaled_partial_ls_union,True,2e-12
2022,2022EE,359808,Trigger_Any,7,full_unprescaled_member_covers_run,True,2e-12
2022,2022EE,359809,Trigger_ElMu,3,full_unprescaled_member_covers_run,True,2e-12
2022,2022EE,359809,Trigger_dblEl,1,validated_unprescaled_partial_ls_union,True,2e-12
2022,2022EE,359809,Trigger_dblMu,1,full_unprescaled_member_covers_run,True,2e-12
2022,2022EE,359809,Trigger_sngEl,1,validated_unprescaled_partial_ls_union,True,2e-12
2022,2022EE,359809,Trigger_sngMu,1,full_unprescaled_member_covers_run,True,2e-12
2022,2022EE,359809,Trigger_Muon,2,full_unprescaled_member_covers_run,True,2e-12
2022,2022EE,359809,Trigger_EGamma,2,validated_unprescaled_partial_ls_union,True,2e-12
2022,2022EE,359809,Trigger_Any,7,full_unprescaled_member_covers_run,True,2e-12
2022,2022EE,359810,Trigger_ElMu,3,full_unprescaled_member_covers_run,True,2e-12
2022,2022EE,359810,Trigger_dblEl,1,validated_unprescaled_partial_ls_union,True,2e-12
2022,2022EE,359810,Trigger_dblMu,1,full_unprescaled_member_covers_run,True,2e-12
2022,2022EE,359810,Trigger_sngEl,1,validated_unprescaled_partial_ls_union,True,2e-12
2022,2022EE,359810,Trigger_sngMu,1,full_unprescaled_member_covers_run,True,2e-12
2022,2022EE,359810,Trigger_Muon,2,full_unprescaled_member_covers_run,True,2e-12
2022,2022EE,359810,Trigger_EGamma,2,validated_unprescaled_partial_ls_union,True,2e-12
2022,2022EE,359810,Trigger_Any,7,full_unprescaled_member_covers_run,True,2e-12
2022,2022EE,359812,Trigger_ElMu,3,full_unprescaled_member_covers_run,True,2e-12
2022,2022EE,359812,Trigger_dblEl,1,validated_unprescaled_partial_ls_union,True,2e-12
2022,2022EE,359812,Trigger_dblMu,1,full_unprescaled_member_covers_run,True,2e-12
2022,2022EE,359812,Trigger_sngEl,1,validated_unprescaled_partial_ls_union,True,2e-12
2022,2022EE,359812,Trigger_sngMu,1,full_unprescaled_member_covers_run,True,2e-12
2022,2022EE,359812,Trigger_Muon,2,full_unprescaled_member_covers_run,True,2e-12
2022,2022EE,359812,Trigger_EGamma,2,validated_unprescaled_partial_ls_union,True,2e-12
2022,2022EE,359812,Trigger_Any,7,full_unprescaled_member_covers_run,True,2e-12
2022,2022EE,359814,Trigger_ElMu,3,full_unprescaled_member_covers_run,True,2e-12
2022,2022EE,359814,Trigger_dblEl,1,full_unprescaled_member_covers_run,True,2e-12
2022,2022EE,359814,Trigger_dblMu,1,full_unprescaled_member_covers_run,True,2e-12
2022,2022EE,359814,Trigger_sngEl,1,full_unprescaled_member_covers_run,True,2e-12
2022,2022EE,359814,Trigger_sngMu,1,full_unprescaled_member_covers_run,True,2e-12
2022,2022EE,359814,Trigger_Muon,2,full_unprescaled_member_covers_run,True,2e-12
2022,2022EE,359814,Trigger_EGamma,2,full_unprescaled_member_covers_run,True,2e-12
2022,2022EE,359814,Trigger_Any,7,full_unprescaled_member_covers_run,True,2e-12
2022,2022EE,359870,Trigger_ElMu,3,full_unprescaled_member_covers_run,True,2e-12
2022,2022EE,359870,Trigger_dblEl,1,full_unprescaled_member_covers_run,True,2e-12
2022,2022EE,359870,Trigger_dblMu,1,full_unprescaled_member_covers_run,True,2e-12
2022,2022EE,359870,Trigger_sngEl,1,full_unprescaled_member_covers_run,True,2e-12
2022,2022EE,359870,Trigger_sngMu,1,full_unprescaled_member_covers_run,True,2e-12
2022,2022EE,359870,Trigger_Muon,2,full_unprescaled_member_covers_run,True,2e-12
2022,2022EE,359870,Trigger_EGamma,2,full_unprescaled_member_covers_run,True,2e-12
2022,2022EE,359870,Trigger_Any,7,full_unprescaled_member_covers_run,True,2e-12
2022,2022EE,359871,Trigger_ElMu,3,full_unprescaled_member_covers_run,True,2e-12
2022,2022EE,359871,Trigger_dblEl,1,validated_unprescaled_partial_ls_union,True,2e-12
2022,2022EE,359871,Trigger_dblMu,1,validated_unprescaled_partial_ls_union,True,2e-12
2022,2022EE,359871,Trigger_sngEl,1,validated_unprescaled_partial_ls_union,True,2e-12
2022,2022EE,359871,Trigger_sngMu,1,validated_unprescaled_partial_ls_union,True,2e-12
2022,2022EE,359871,Trigger_Muon,2,validated_unprescaled_partial_ls_union,True,2e-12
2022,2022EE,359871,Trigger_EGamma,2,validated_unprescaled_partial_ls_union,True,2e-12
2022,2022EE,359871,Trigger_Any,7,full_unprescaled_member_covers_run,True,2e-12
2022,2022EE,359887,Trigger_ElMu,3,full_unprescaled_member_covers_run,True,2e-12
2022,2022EE,359887,Trigger_dblEl,1,full_unprescaled_member_covers_run,True,2e-12
2022,2022EE,359887,Trigger_dblMu,1,full_unprescaled_member_covers_run,True,2e-12
2022,2022EE,359887,Trigger_sngEl,1,full_unprescaled_member_covers_run,True,2e-12
2022,2022EE,359887,Trigger_sngMu,1,full_unprescaled_member_covers_run,True,2e-12
2022,2022EE,359887,Trigger_Muon,2,full_unprescaled_member_covers_run,True,2e-12
2022,2022EE,359887,Trigger_EGamma,2,full_unprescaled_member_covers_run,True,2e-12
2022,2022EE,359887,Trigger_Any,7,full_unprescaled_member_covers_run,True,2e-12
2022,2022EE,359899,Trigger_ElMu,3,full_unprescaled_member_covers_run,True,2e-12
2022,2022EE,359899,Trigger_dblEl,1,full_unprescaled_member_covers_run,True,2e-12
2022,2022EE,359899,Trigger_dblMu,1,full_unprescaled_member_covers_run,True,2e-12
2022,2022EE,359899,Trigger_sngEl,1,full_unprescaled_member_covers_run,True,2e-12
2022,2022EE,359899,Trigger_sngMu,1,full_unprescaled_member_covers_run,True,2e-12
2022,2022EE,359899,Trigger_Muon,2,full_unprescaled_member_covers_run,True,2e-12
2022,2022EE,359899,Trigger_EGamma,2,full_unprescaled_member_covers_run,True,2e-12
2022,2022EE,359899,Trigger_Any,7,full_unprescaled_member_covers_run,True,2e-12
2022,2022EE,359903,Trigger_ElMu,3,full_unprescaled_member_covers_run,True,2e-12
2022,2022EE,359903,Trigger_dblEl,1,full_unprescaled_member_covers_run,True,2e-12
2022,2022EE,359903,Trigger_dblMu,1,full_unprescaled_member_covers_run,True,2e-12
2022,2022EE,359903,Trigger_sngEl,1,full_unprescaled_member_covers_run,True,2e-12
2022,2022EE,359903,Trigger_sngMu,1,full_unprescaled_member_covers_run,True,2e-12
2022,2022EE,359903,Trigger_Muon,2,full_unprescaled_member_covers_run,True,2e-12
2022,2022EE,359903,Trigger_EGamma,2,full_unprescaled_member_covers_run,True,2e-12
2022,2022EE,359903,Trigger_Any,7,full_unprescaled_member_covers_run,True,2e-12
2022,2022EE,359998,Trigger_ElMu,3,full_unprescaled_member_covers_run,True,2e-12
2022,2022EE,359998,Trigger_dblEl,1,validated_unprescaled_partial_ls_union,True,2e-12
2022,2022EE,359998,Trigger_dblMu,1,full_unprescaled_member_covers_run,True,2e-12
2022,2022EE,359998,Trigger_sngEl,1,validated_unprescaled_partial_ls_union,True,2e-12
2022,2022EE,359998,Trigger_sngMu,1,full_unprescaled_member_covers_run,True,2e-12
2022,2022EE,359998,Trigger_Muon,2,full_unprescaled_member_covers_run,True,2e-12
2022,2022EE,359998,Trigger_EGamma,2,validated_unprescaled_partial_ls_union,True,2e-12
2022,2022EE,359998,Trigger_Any,7,full_unprescaled_member_covers_run,True,2e-12
2022,2022EE,360017,Trigger_ElMu,3,full_unprescaled_member_covers_run,True,2e-12
2022,2022EE,360017,Trigger_dblEl,1,full_unprescaled_member_covers_run,True,2e-12
2022,2022EE,360017,Trigger_dblMu,1,full_unprescaled_member_covers_run,True,2e-12
2022,2022EE,360017,Trigger_sngEl,1,full_unprescaled_member_covers_run,True,2e-12
2022,2022EE,360017,Trigger_sngMu,1,full_unprescaled_member_covers_run,True,2e-12
2022,2022EE,360017,Trigger_Muon,2,full_unprescaled_member_covers_run,True,2e-12
2022,2022EE,360017,Trigger_EGamma,2,full_unprescaled_member_covers_run,True,2e-12
2022,2022EE,360017,Trigger_Any,7,full_unprescaled_member_covers_run,True,2e-12
2022,2022EE,360019,Trigger_ElMu,3,full_unprescaled_member_covers_run,True,2e-12
2022,2022EE,360019,Trigger_dblEl,1,validated_unprescaled_partial_ls_union,True,2e-12
2022,2022EE,360019,Trigger_dblMu,1,full_unprescaled_member_covers_run,True,2e-12
2022,2022EE,360019,Trigger_sngEl,1,validated_unprescaled_partial_ls_union,True,2e-12
2022,2022EE,360019,Trigger_sngMu,1,full_unprescaled_member_covers_run,True,2e-12
2022,2022EE,360019,Trigger_Muon,2,full_unprescaled_member_covers_run,True,2e-12
2022,2022EE,360019,Trigger_EGamma,2,validated_unprescaled_partial_ls_union,True,2e-12
2022,2022EE,360019,Trigger_Any,7,full_unprescaled_member_covers_run,True,2e-12
2022,2022EE,360075,Trigger_ElMu,3,validated_unprescaled_partial_ls_union,True,2e-12
2022,2022EE,360075,Trigger_dblEl,1,validated_unprescaled_partial_ls_union,True,2e-12
2022,2022EE,360075,Trigger_dblMu,1,validated_unprescaled_partial_ls_union,True,2e-12
2022,2022EE,360075,Trigger_sngEl,1,validated_unprescaled_partial_ls_union,True,2e-12
2022,2022EE,360075,Trigger_sngMu,1,validated_unprescaled_partial_ls_union,True,2e-12
2022,2022EE,360075,Trigger_Muon,2,validated_unprescaled_partial_ls_union,True,2e-12
2022,2022EE,360075,Trigger_EGamma,2,validated_unprescaled_partial_ls_union,True,2e-12
2022,2022EE,360075,Trigger_Any,7,validated_unprescaled_partial_ls_union,True,2e-12
2022,2022EE,360090,Trigger_ElMu,3,full_unprescaled_member_covers_run,True,2e-12
2022,2022EE,360090,Trigger_dblEl,1,full_unprescaled_member_covers_run,True,2e-12
2022,2022EE,360090,Trigger_dblMu,1,full_unprescaled_member_covers_run,True,2e-12
2022,2022EE,360090,Trigger_sngEl,1,full_unprescaled_member_covers_run,True,2e-12
2022,2022EE,360090,Trigger_sngMu,1,full_unprescaled_member_covers_run,True,2e-12
2022,2022EE,360090,Trigger_Muon,2,full_unprescaled_member_covers_run,True,2e-12
2022,2022EE,360090,Trigger_EGamma,2,full_unprescaled_member_covers_run,True,2e-12
2022,2022EE,360090,Trigger_Any,7,full_unprescaled_member_covers_run,True,2e-12
2022,2022EE,360116,Trigger_ElMu,3,full_unprescaled_member_covers_run,True,2e-12
2022,2022EE,360116,Trigger_dblEl,1,validated_unprescaled_partial_ls_union,True,2e-12
2022,2022EE,360116,Trigger_dblMu,1,full_unprescaled_member_covers_run,True,2e-12
2022,2022EE,360116,Trigger_sngEl,1,validated_unprescaled_partial_ls_union,True,2e-12
2022,2022EE,360116,Trigger_sngMu,1,full_unprescaled_member_covers_run,True,2e-12
2022,2022EE,360116,Trigger_Muon,2,full_unprescaled_member_covers_run,True,2e-12
2022,2022EE,360116,Trigger_EGamma,2,validated_unprescaled_partial_ls_union,True,2e-12
2022,2022EE,360116,Trigger_Any,7,full_unprescaled_member_covers_run,True,2e-12
2022,2022EE,360125,Trigger_ElMu,3,full_unprescaled_member_covers_run,True,2e-12
2022,2022EE,360125,Trigger_dblEl,1,validated_unprescaled_partial_ls_union,True,2e-12
2022,2022EE,360125,Trigger_dblMu,1,full_unprescaled_member_covers_run,True,2e-12
2022,2022EE,360125,Trigger_sngEl,1,validated_unprescaled_partial_ls_union,True,2e-12
2022,2022EE,360125,Trigger_sngMu,1,full_unprescaled_member_covers_run,True,2e-12
2022,2022EE,360125,Trigger_Muon,2,full_unprescaled_member_covers_run,True,2e-12
2022,2022EE,360125,Trigger_EGamma,2,validated_unprescaled_partial_ls_union,True,2e-12
2022,2022EE,360125,Trigger_Any,7,full_unprescaled_member_covers_run,True,2e-12
2022,2022EE,360126,Trigger_ElMu,3,full_unprescaled_member_covers_run,True,2e-12
2022,2022EE,360126,Trigger_dblEl,1,validated_unprescaled_partial_ls_union,True,2e-12
2022,2022EE,360126,Trigger_dblMu,1,full_unprescaled_member_covers_run,True,2e-12
2022,2022EE,360126,Trigger_sngEl,1,validated_unprescaled_partial_ls_union,True,2e-12
2022,2022EE,360126,Trigger_sngMu,1,full_unprescaled_member_covers_run,True,2e-12
2022,2022EE,360126,Trigger_Muon,2,full_unprescaled_member_covers_run,True,2e-12
2022,2022EE,360126,Trigger_EGamma,2,validated_unprescaled_partial_ls_union,True,2e-12
2022,2022EE,360126,Trigger_Any,7,full_unprescaled_member_covers_run,True,2e-12
2022,2022EE,360127,Trigger_ElMu,3,full_unprescaled_member_covers_run,True,2e-12
2022,2022EE,360127,Trigger_dblEl,1,full_unprescaled_member_covers_run,True,2e-12
2022,2022EE,360127,Trigger_dblMu,1,full_unprescaled_member_covers_run,True,2e-12
2022,2022EE,360127,Trigger_sngEl,1,full_unprescaled_member_covers_run,True,2e-12
2022,2022EE,360127,Trigger_sngMu,1,full_unprescaled_member_covers_run,True,2e-12
2022,2022EE,360127,Trigger_Muon,2,full_unprescaled_member_covers_run,True,2e-12
2022,2022EE,360127,Trigger_EGamma,2,full_unprescaled_member_covers_run,True,2e-12
2022,2022EE,360127,Trigger_Any,7,full_unprescaled_member_covers_run,True,2e-12
2022,2022EE,360128,Trigger_ElMu,3,full_unprescaled_member_covers_run,True,2e-12
2022,2022EE,360128,Trigger_dblEl,1,full_unprescaled_member_covers_run,True,2e-12
2022,2022EE,360128,Trigger_dblMu,1,full_unprescaled_member_covers_run,True,2e-12
2022,2022EE,360128,Trigger_sngEl,1,full_unprescaled_member_covers_run,True,2e-12
2022,2022EE,360128,Trigger_sngMu,1,full_unprescaled_member_covers_run,True,2e-12
2022,2022EE,360128,Trigger_Muon,2,full_unprescaled_member_covers_run,True,2e-12
2022,2022EE,360128,Trigger_EGamma,2,full_unprescaled_member_covers_run,True,2e-12
2022,2022EE,360128,Trigger_Any,7,full_unprescaled_member_covers_run,True,2e-12
2022,2022EE,360130,Trigger_ElMu,3,full_unprescaled_member_covers_run,True,2e-12
2022,2022EE,360130,Trigger_dblEl,1,full_unprescaled_member_covers_run,True,2e-12
2022,2022EE,360130,Trigger_dblMu,1,full_unprescaled_member_covers_run,True,2e-12
2022,2022EE,360130,Trigger_sngEl,1,full_unprescaled_member_covers_run,True,2e-12
2022,2022EE,360130,Trigger_sngMu,1,full_unprescaled_member_covers_run,True,2e-12
2022,2022EE,360130,Trigger_Muon,2,full_unprescaled_member_covers_run,True,2e-12
2022,2022EE,360130,Trigger_EGamma,2,full_unprescaled_member_covers_run,True,2e-12
2022,2022EE,360130,Trigger_Any,7,full_unprescaled_member_covers_run,True,2e-12
2022,2022EE,360131,Trigger_ElMu,3,full_unprescaled_member_covers_run,True,2e-12
2022,2022EE,360131,Trigger_dblEl,1,full_unprescaled_member_covers_run,True,2e-12
2022,2022EE,360131,Trigger_dblMu,1,full_unprescaled_member_covers_run,True,2e-12
2022,2022EE,360131,Trigger_sngEl,1,full_unprescaled_member_covers_run,True,2e-12
2022,2022EE,360131,Trigger_sngMu,1,full_unprescaled_member_covers_run,True,2e-12
2022,2022EE,360131,Trigger_Muon,2,full_unprescaled_member_covers_run,True,2e-12
2022,2022EE,360131,Trigger_EGamma,2,full_unprescaled_member_covers_run,True,2e-12
2022,2022EE,360131,Trigger_Any,7,full_unprescaled_member_covers_run,True,2e-12
2022,2022EE,360141,Trigger_ElMu,3,validated_unprescaled_partial_ls_union,True,2e-12
2022,2022EE,360141,Trigger_dblEl,1,validated_unprescaled_partial_ls_union,True,2e-12
2022,2022EE,360141,Trigger_dblMu,1,full_unprescaled_member_covers_run,True,2e-12
2022,2022EE,360141,Trigger_sngEl,1,validated_unprescaled_partial_ls_union,True,2e-12
2022,2022EE,360141,Trigger_sngMu,1,full_unprescaled_member_covers_run,True,2e-12
2022,2022EE,360141,Trigger_Muon,2,full_unprescaled_member_covers_run,True,2e-12
2022,2022EE,360141,Trigger_EGamma,2,validated_unprescaled_partial_ls_union,True,2e-12
2022,2022EE,360141,Trigger_Any,7,full_unprescaled_member_covers_run,True,2e-12
2022,2022EE,360224,Trigger_ElMu,3,full_unprescaled_member_covers_run,True,2e-12
2022,2022EE,360224,Trigger_dblEl,1,validated_unprescaled_partial_ls_union,True,2e-12
2022,2022EE,360224,Trigger_dblMu,1,full_unprescaled_member_covers_run,True,2e-12
2022,2022EE,360224,Trigger_sngEl,1,validated_unprescaled_partial_ls_union,True,2e-12
2022,2022EE,360224,Trigger_sngMu,1,full_unprescaled_member_covers_run,True,2e-12
2022,2022EE,360224,Trigger_Muon,2,full_unprescaled_member_covers_run,True,2e-12
2022,2022EE,360224,Trigger_EGamma,2,validated_unprescaled_partial_ls_union,True,2e-12
2022,2022EE,360224,Trigger_Any,7,full_unprescaled_member_covers_run,True,2e-12
2022,2022EE,360225,Trigger_ElMu,3,full_unprescaled_member_covers_run,True,2e-12
2022,2022EE,360225,Trigger_dblEl,1,full_unprescaled_member_covers_run,True,2e-12
2022,2022EE,360225,Trigger_dblMu,1,full_unprescaled_member_covers_run,True,2e-12
2022,2022EE,360225,Trigger_sngEl,1,full_unprescaled_member_covers_run,True,2e-12
2022,2022EE,360225,Trigger_sngMu,1,full_unprescaled_member_covers_run,True,2e-12
2022,2022EE,360225,Trigger_Muon,2,full_unprescaled_member_covers_run,True,2e-12
2022,2022EE,360225,Trigger_EGamma,2,full_unprescaled_member_covers_run,True,2e-12
2022,2022EE,360225,Trigger_Any,7,full_unprescaled_member_covers_run,True,2e-12
2022,2022EE,360295,Trigger_ElMu,3,validated_unprescaled_partial_ls_union,True,2e-12
2022,2022EE,360295,Trigger_dblEl,1,validated_unprescaled_partial_ls_union,True,2e-12
2022,2022EE,360295,Trigger_dblMu,1,full_unprescaled_member_covers_run,True,2e-12
2022,2022EE,360295,Trigger_sngEl,1,validated_unprescaled_partial_ls_union,True,2e-12
2022,2022EE,360295,Trigger_sngMu,1,full_unprescaled_member_covers_run,True,2e-12
2022,2022EE,360295,Trigger_Muon,2,full_unprescaled_member_covers_run,True,2e-12
2022,2022EE,360295,Trigger_EGamma,2,validated_unprescaled_partial_ls_union,True,2e-12
2022,2022EE,360295,Trigger_Any,7,full_unprescaled_member_covers_run,True,2e-12
2022,2022EE,360296,Trigger_ElMu,3,full_unprescaled_member_covers_run,True,2e-12
2022,2022EE,360296,Trigger_dblEl,1,full_unprescaled_member_covers_run,True,2e-12
2022,2022EE,360296,Trigger_dblMu,1,full_unprescaled_member_covers_run,True,2e-12
2022,2022EE,360296,Trigger_sngEl,1,full_unprescaled_member_covers_run,True,2e-12
2022,2022EE,360296,Trigger_sngMu,1,full_unprescaled_member_covers_run,True,2e-12
2022,2022EE,360296,Trigger_Muon,2,full_unprescaled_member_covers_run,True,2e-12
2022,2022EE,360296,Trigger_EGamma,2,full_unprescaled_member_covers_run,True,2e-12
2022,2022EE,360296,Trigger_Any,7,full_unprescaled_member_covers_run,True,2e-12
2022,2022EE,360327,Trigger_ElMu,3,full_unprescaled_member_covers_run,True,2e-12
2022,2022EE,360327,Trigger_dblEl,1,full_unprescaled_member_covers_run,True,2e-12
2022,2022EE,360327,Trigger_dblMu,1,full_unprescaled_member_covers_run,True,2e-12
2022,2022EE,360327,Trigger_sngEl,1,full_unprescaled_member_covers_run,True,2e-12
2022,2022EE,360327,Trigger_sngMu,1,full_unprescaled_member_covers_run,True,2e-12
2022,2022EE,360327,Trigger_Muon,2,full_unprescaled_member_covers_run,True,2e-12
2022,2022EE,360327,Trigger_EGamma,2,full_unprescaled_member_covers_run,True,2e-12
2022,2022EE,360327,Trigger_Any,7,full_unprescaled_member_covers_run,True,2e-12
2022,2022EE,360390,Trigger_ElMu,3,full_unprescaled_member_covers_run,True,2e-12
2022,2022EE,360390,Trigger_dblEl,1,full_unprescaled_member_covers_run,True,2e-12
2022,2022EE,360390,Trigger_dblMu,1,full_unprescaled_member_covers_run,True,2e-12
2022,2022EE,360390,Trigger_sngEl,1,full_unprescaled_member_covers_run,True,2e-12
2022,2022EE,360390,Trigger_sngMu,1,full_unprescaled_member_covers_run,True,2e-12
2022,2022EE,360390,Trigger_Muon,2,full_unprescaled_member_covers_run,True,2e-12
2022,2022EE,360390,Trigger_EGamma,2,full_unprescaled_member_covers_run,True,2e-12
2022,2022EE,360390,Trigger_Any,7,full_unprescaled_member_covers_run,True,2e-12
2022,2022EE,360391,Trigger_ElMu,3,full_unprescaled_member_covers_run,True,2e-12
2022,2022EE,360391,Trigger_dblEl,1,full_unprescaled_member_covers_run,True,2e-12
2022,2022EE,360391,Trigger_dblMu,1,full_unprescaled_member_covers_run,True,2e-12
2022,2022EE,360391,Trigger_sngEl,1,full_unprescaled_member_covers_run,True,2e-12
2022,2022EE,360391,Trigger_sngMu,1,full_unprescaled_member_covers_run,True,2e-12
2022,2022EE,360391,Trigger_Muon,2,full_unprescaled_member_covers_run,True,2e-12
2022,2022EE,360391,Trigger_EGamma,2,full_unprescaled_member_covers_run,True,2e-12
2022,2022EE,360391,Trigger_Any,7,full_unprescaled_member_covers_run,True,2e-12
2022,2022EE,360392,Trigger_ElMu,3,full_unprescaled_member_covers_run,True,2e-12
2022,2022EE,360392,Trigger_dblEl,1,full_unprescaled_member_covers_run,True,2e-12
2022,2022EE,360392,Trigger_dblMu,1,full_unprescaled_member_covers_run,True,2e-12
2022,2022EE,360392,Trigger_sngEl,1,full_unprescaled_member_covers_run,True,2e-12
2022,2022EE,360392,Trigger_sngMu,1,full_unprescaled_member_covers_run,True,2e-12
2022,2022EE,360392,Trigger_Muon,2,full_unprescaled_member_covers_run,True,2e-12
2022,2022EE,360392,Trigger_EGamma,2,full_unprescaled_member_covers_run,True,2e-12
2022,2022EE,360392,Trigger_Any,7,full_unprescaled_member_covers_run,True,2e-12
2022,2022EE,360393,Trigger_ElMu,3,full_unprescaled_member_covers_run,True,2e-12
2022,2022EE,360393,Trigger_dblEl,1,full_unprescaled_member_covers_run,True,2e-12
2022,2022EE,360393,Trigger_dblMu,1,full_unprescaled_member_covers_run,True,2e-12
2022,2022EE,360393,Trigger_sngEl,1,full_unprescaled_member_covers_run,True,2e-12
2022,2022EE,360393,Trigger_sngMu,1,full_unprescaled_member_covers_run,True,2e-12
2022,2022EE,360393,Trigger_Muon,2,full_unprescaled_member_covers_run,True,2e-12
2022,2022EE,360393,Trigger_EGamma,2,full_unprescaled_member_covers_run,True,2e-12
2022,2022EE,360393,Trigger_Any,7,full_unprescaled_member_covers_run,True,2e-12
2022,2022EE,360400,Trigger_ElMu,3,full_unprescaled_member_covers_run,True,2e-12
2022,2022EE,360400,Trigger_dblEl,1,full_unprescaled_member_covers_run,True,2e-12
2022,2022EE,360400,Trigger_dblMu,1,full_unprescaled_member_covers_run,True,2e-12
2022,2022EE,360400,Trigger_sngEl,1,full_unprescaled_member_covers_run,True,2e-12
2022,2022EE,360400,Trigger_sngMu,1,full_unprescaled_member_covers_run,True,2e-12
2022,2022EE,360400,Trigger_Muon,2,full_unprescaled_member_covers_run,True,2e-12
2022,2022EE,360400,Trigger_EGamma,2,full_unprescaled_member_covers_run,True,2e-12
2022,2022EE,360400,Trigger_Any,7,full_unprescaled_member_covers_run,True,2e-12
2022,2022EE,360413,Trigger_ElMu,3,full_unprescaled_member_covers_run,True,2e-12
2022,2022EE,360413,Trigger_dblEl,1,full_unprescaled_member_covers_run,True,2e-12
2022,2022EE,360413,Trigger_dblMu,1,full_unprescaled_member_covers_run,True,2e-12
2022,2022EE,360413,Trigger_sngEl,1,full_unprescaled_member_covers_run,True,2e-12
2022,2022EE,360413,Trigger_sngMu,1,full_unprescaled_member_covers_run,True,2e-12
2022,2022EE,360413,Trigger_Muon,2,full_unprescaled_member_covers_run,True,2e-12
2022,2022EE,360413,Trigger_EGamma,2,full_unprescaled_member_covers_run,True,2e-12
2022,2022EE,360413,Trigger_Any,7,full_unprescaled_member_covers_run,True,2e-12
2022,2022EE,360428,Trigger_ElMu,3,full_unprescaled_member_covers_run,True,2e-12
2022,2022EE,360428,Trigger_dblEl,1,full_unprescaled_member_covers_run,True,2e-12
2022,2022EE,360428,Trigger_dblMu,1,full_unprescaled_member_covers_run,True,2e-12
2022,2022EE,360428,Trigger_sngEl,1,full_unprescaled_member_covers_run,True,2e-12
2022,2022EE,360428,Trigger_sngMu,1,full_unprescaled_member_covers_run,True,2e-12
2022,2022EE,360428,Trigger_Muon,2,full_unprescaled_member_covers_run,True,2e-12
2022,2022EE,360428,Trigger_EGamma,2,full_unprescaled_member_covers_run,True,2e-12
2022,2022EE,360428,Trigger_Any,7,full_unprescaled_member_covers_run,True,2e-12
2022,2022EE,360432,Trigger_ElMu,3,full_unprescaled_member_covers_run,True,2e-12
2022,2022EE,360432,Trigger_dblEl,1,full_unprescaled_member_covers_run,True,2e-12
2022,2022EE,360432,Trigger_dblMu,1,full_unprescaled_member_covers_run,True,2e-12
2022,2022EE,360432,Trigger_sngEl,1,full_unprescaled_member_covers_run,True,2e-12
2022,2022EE,360432,Trigger_sngMu,1,full_unprescaled_member_covers_run,True,2e-12
2022,2022EE,360432,Trigger_Muon,2,full_unprescaled_member_covers_run,True,2e-12
2022,2022EE,360432,Trigger_EGamma,2,full_unprescaled_member_covers_run,True,2e-12
2022,2022EE,360432,Trigger_Any,7,full_unprescaled_member_covers_run,True,2e-12
2022,2022EE,360435,Trigger_ElMu,3,full_unprescaled_member_covers_run,True,2e-12
2022,2022EE,360435,Trigger_dblEl,1,full_unprescaled_member_covers_run,True,2e-12
2022,2022EE,360435,Trigger_dblMu,1,full_unprescaled_member_covers_run,True,2e-12
2022,2022EE,360435,Trigger_sngEl,1,full_unprescaled_member_covers_run,True,2e-12
2022,2022EE,360435,Trigger_sngMu,1,full_unprescaled_member_covers_run,True,2e-12
2022,2022EE,360435,Trigger_Muon,2,full_unprescaled_member_covers_run,True,2e-12
2022,2022EE,360435,Trigger_EGamma,2,full_unprescaled_member_covers_run,True,2e-12
2022,2022EE,360435,Trigger_Any,7,full_unprescaled_member_covers_run,True,2e-12
2022,2022EE,360437,Trigger_ElMu,3,full_unprescaled_member_covers_run,True,2e-12
2022,2022EE,360437,Trigger_dblEl,1,full_unprescaled_member_covers_run,True,2e-12
2022,2022EE,360437,Trigger_dblMu,1,full_unprescaled_member_covers_run,True,2e-12
2022,2022EE,360437,Trigger_sngEl,1,full_unprescaled_member_covers_run,True,2e-12
2022,2022EE,360437,Trigger_sngMu,1,full_unprescaled_member_covers_run,True,2e-12
2022,2022EE,360437,Trigger_Muon,2,full_unprescaled_member_covers_run,True,2e-12
2022,2022EE,360437,Trigger_EGamma,2,full_unprescaled_member_covers_run,True,2e-12
2022,2022EE,360437,Trigger_Any,7,full_unprescaled_member_covers_run,True,2e-12
2022,2022EE,360438,Trigger_ElMu,3,full_unprescaled_member_covers_run,True,2e-12
2022,2022EE,360438,Trigger_dblEl,1,full_unprescaled_member_covers_run,True,2e-12
2022,2022EE,360438,Trigger_dblMu,1,full_unprescaled_member_covers_run,True,2e-12
2022,2022EE,360438,Trigger_sngEl,1,full_unprescaled_member_covers_run,True,2e-12
2022,2022EE,360438,Trigger_sngMu,1,full_unprescaled_member_covers_run,True,2e-12
2022,2022EE,360438,Trigger_Muon,2,full_unprescaled_member_covers_run,True,2e-12
2022,2022EE,360438,Trigger_EGamma,2,full_unprescaled_member_covers_run,True,2e-12
2022,2022EE,360438,Trigger_Any,7,full_unprescaled_member_covers_run,True,2e-12
2022,2022EE,360458,Trigger_ElMu,3,full_unprescaled_member_covers_run,True,2e-12
2022,2022EE,360458,Trigger_dblEl,1,full_unprescaled_member_covers_run,True,2e-12
2022,2022EE,360458,Trigger_dblMu,1,full_unprescaled_member_covers_run,True,2e-12
2022,2022EE,360458,Trigger_sngEl,1,full_unprescaled_member_covers_run,True,2e-12
2022,2022EE,360458,Trigger_sngMu,1,full_unprescaled_member_covers_run,True,2e-12
2022,2022EE,360458,Trigger_Muon,2,full_unprescaled_member_covers_run,True,2e-12
2022,2022EE,360458,Trigger_EGamma,2,full_unprescaled_member_covers_run,True,2e-12
2022,2022EE,360458,Trigger_Any,7,full_unprescaled_member_covers_run,True,2e-12
2022,2022EE,360459,Trigger_ElMu,3,full_unprescaled_member_covers_run,True,2e-12
2022,2022EE,360459,Trigger_dblEl,1,validated_unprescaled_partial_ls_union,True,2e-12
2022,2022EE,360459,Trigger_dblMu,1,full_unprescaled_member_covers_run,True,2e-12
2022,2022EE,360459,Trigger_sngEl,1,validated_unprescaled_partial_ls_union,True,2e-12
2022,2022EE,360459,Trigger_sngMu,1,full_unprescaled_member_covers_run,True,2e-12
2022,2022EE,360459,Trigger_Muon,2,full_unprescaled_member_covers_run,True,2e-12
2022,2022EE,360459,Trigger_EGamma,2,validated_unprescaled_partial_ls_union,True,2e-12
2022,2022EE,360459,Trigger_Any,7,full_unprescaled_member_covers_run,True,2e-12
2022,2022EE,360460,Trigger_ElMu,3,full_unprescaled_member_covers_run,True,2e-12
2022,2022EE,360460,Trigger_dblEl,1,validated_unprescaled_partial_ls_union,True,2e-12
2022,2022EE,360460,Trigger_dblMu,1,full_unprescaled_member_covers_run,True,2e-12
2022,2022EE,360460,Trigger_sngEl,1,validated_unprescaled_partial_ls_union,True,2e-12
2022,2022EE,360460,Trigger_sngMu,1,full_unprescaled_member_covers_run,True,2e-12
2022,2022EE,360460,Trigger_Muon,2,full_unprescaled_member_covers_run,True,2e-12
2022,2022EE,360460,Trigger_EGamma,2,validated_unprescaled_partial_ls_union,True,2e-12
2022,2022EE,360460,Trigger_Any,7,full_unprescaled_member_covers_run,True,2e-12
2022,2022EE,360486,Trigger_ElMu,3,full_unprescaled_member_covers_run,True,2e-12
2022,2022EE,360486,Trigger_dblEl,1,full_unprescaled_member_covers_run,True,2e-12
2022,2022EE,360486,Trigger_dblMu,1,full_unprescaled_member_covers_run,True,2e-12
2022,2022EE,360486,Trigger_sngEl,1,full_unprescaled_member_covers_run,True,2e-12
2022,2022EE,360486,Trigger_sngMu,1,full_unprescaled_member_covers_run,True,2e-12
2022,2022EE,360486,Trigger_Muon,2,full_unprescaled_member_covers_run,True,2e-12
2022,2022EE,360486,Trigger_EGamma,2,full_unprescaled_member_covers_run,True,2e-12
2022,2022EE,360486,Trigger_Any,7,full_unprescaled_member_covers_run,True,2e-12
2022,2022EE,360490,Trigger_ElMu,3,validated_unprescaled_partial_ls_union,True,2e-12
2022,2022EE,360490,Trigger_dblEl,1,validated_unprescaled_partial_ls_union,True,2e-12
2022,2022EE,360490,Trigger_dblMu,1,full_unprescaled_member_covers_run,True,2e-12
2022,2022EE,360490,Trigger_sngEl,1,validated_unprescaled_partial_ls_union,True,2e-12
2022,2022EE,360490,Trigger_sngMu,1,full_unprescaled_member_covers_run,True,2e-12
2022,2022EE,360490,Trigger_Muon,2,full_unprescaled_member_covers_run,True,2e-12
2022,2022EE,360490,Trigger_EGamma,2,validated_unprescaled_partial_ls_union,True,2e-12
2022,2022EE,360490,Trigger_Any,7,full_unprescaled_member_covers_run,True,2e-12
2022,2022EE,360491,Trigger_ElMu,3,full_unprescaled_member_covers_run,True,2e-12
2022,2022EE,360491,Trigger_dblEl,1,full_unprescaled_member_covers_run,True,2e-12
2022,2022EE,360491,Trigger_dblMu,1,full_unprescaled_member_covers_run,True,2e-12
2022,2022EE,360491,Trigger_sngEl,1,full_unprescaled_member_covers_run,True,2e-12
2022,2022EE,360491,Trigger_sngMu,1,full_unprescaled_member_covers_run,True,2e-12
2022,2022EE,360491,Trigger_Muon,2,full_unprescaled_member_covers_run,True,2e-12
2022,2022EE,360491,Trigger_EGamma,2,full_unprescaled_member_covers_run,True,2e-12
2022,2022EE,360491,Trigger_Any,7,full_unprescaled_member_covers_run,True,2e-12
2022,2022EE,360737,Trigger_ElMu,3,full_unprescaled_member_covers_run,True,2e-12
2022,2022EE,360737,Trigger_dblEl,1,full_unprescaled_member_covers_run,True,2e-12
2022,2022EE,360737,Trigger_dblMu,1,full_unprescaled_member_covers_run,True,2e-12
2022,2022EE,360737,Trigger_sngEl,1,full_unprescaled_member_covers_run,True,2e-12
2022,2022EE,360737,Trigger_sngMu,1,full_unprescaled_member_covers_run,True,2e-12
2022,2022EE,360737,Trigger_Muon,2,full_unprescaled_member_covers_run,True,2e-12
2022,2022EE,360737,Trigger_EGamma,2,full_unprescaled_member_covers_run,True,2e-12
2022,2022EE,360737,Trigger_Any,7,full_unprescaled_member_covers_run,True,2e-12
2022,2022EE,360761,Trigger_ElMu,3,full_unprescaled_member_covers_run,True,2e-12
2022,2022EE,360761,Trigger_dblEl,1,full_unprescaled_member_covers_run,True,2e-12
2022,2022EE,360761,Trigger_dblMu,1,full_unprescaled_member_covers_run,True,2e-12
2022,2022EE,360761,Trigger_sngEl,1,full_unprescaled_member_covers_run,True,2e-12
2022,2022EE,360761,Trigger_sngMu,1,full_unprescaled_member_covers_run,True,2e-12
2022,2022EE,360761,Trigger_Muon,2,full_unprescaled_member_covers_run,True,2e-12
2022,2022EE,360761,Trigger_EGamma,2,full_unprescaled_member_covers_run,True,2e-12
2022,2022EE,360761,Trigger_Any,7,full_unprescaled_member_covers_run,True,2e-12
2022,2022EE,360794,Trigger_ElMu,3,full_unprescaled_member_covers_run,True,2e-12
2022,2022EE,360794,Trigger_dblEl,1,full_unprescaled_member_covers_run,True,2e-12
2022,2022EE,360794,Trigger_dblMu,1,full_unprescaled_member_covers_run,True,2e-12
2022,2022EE,360794,Trigger_sngEl,1,full_unprescaled_member_covers_run,True,2e-12
2022,2022EE,360794,Trigger_sngMu,1,full_unprescaled_member_covers_run,True,2e-12
2022,2022EE,360794,Trigger_Muon,2,full_unprescaled_member_covers_run,True,2e-12
2022,2022EE,360794,Trigger_EGamma,2,full_unprescaled_member_covers_run,True,2e-12
2022,2022EE,360794,Trigger_Any,7,full_unprescaled_member_covers_run,True,2e-12
2022,2022EE,360795,Trigger_ElMu,3,full_unprescaled_member_covers_run,True,2e-12
2022,2022EE,360795,Trigger_dblEl,1,full_unprescaled_member_covers_run,True,2e-12
2022,2022EE,360795,Trigger_dblMu,1,full_unprescaled_member_covers_run,True,2e-12
2022,2022EE,360795,Trigger_sngEl,1,full_unprescaled_member_covers_run,True,2e-12
2022,2022EE,360795,Trigger_sngMu,1,full_unprescaled_member_covers_run,True,2e-12
2022,2022EE,360795,Trigger_Muon,2,full_unprescaled_member_covers_run,True,2e-12
2022,2022EE,360795,Trigger_EGamma,2,full_unprescaled_member_covers_run,True,2e-12
2022,2022EE,360795,Trigger_Any,7,full_unprescaled_member_covers_run,True,2e-12
2022,2022EE,360797,Trigger_ElMu,3,full_unprescaled_member_covers_run,True,2e-12
2022,2022EE,360797,Trigger_dblEl,1,full_unprescaled_member_covers_run,True,2e-12
2022,2022EE,360797,Trigger_dblMu,1,full_unprescaled_member_covers_run,True,2e-12
2022,2022EE,360797,Trigger_sngEl,1,full_unprescaled_member_covers_run,True,2e-12
2022,2022EE,360797,Trigger_sngMu,1,full_unprescaled_member_covers_run,True,2e-12
2022,2022EE,360797,Trigger_Muon,2,full_unprescaled_member_covers_run,True,2e-12
2022,2022EE,360797,Trigger_EGamma,2,full_unprescaled_member_covers_run,True,2e-12
2022,2022EE,360797,Trigger_Any,7,full_unprescaled_member_covers_run,True,2e-12
2022,2022EE,360820,Trigger_ElMu,3,full_unprescaled_member_covers_run,True,2e-12
2022,2022EE,360820,Trigger_dblEl,1,full_unprescaled_member_covers_run,True,2e-12
2022,2022EE,360820,Trigger_dblMu,1,full_unprescaled_member_covers_run,True,2e-12
2022,2022EE,360820,Trigger_sngEl,1,full_unprescaled_member_covers_run,True,2e-12
2022,2022EE,360820,Trigger_sngMu,1,full_unprescaled_member_covers_run,True,2e-12
2022,2022EE,360820,Trigger_Muon,2,full_unprescaled_member_covers_run,True,2e-12
2022,2022EE,360820,Trigger_EGamma,2,full_unprescaled_member_covers_run,True,2e-12
2022,2022EE,360820,Trigger_Any,7,full_unprescaled_member_covers_run,True,2e-12
2022,2022EE,360825,Trigger_ElMu,3,full_unprescaled_member_covers_run,True,2e-12
2022,2022EE,360825,Trigger_dblEl,1,full_unprescaled_member_covers_run,True,2e-12
2022,2022EE,360825,Trigger_dblMu,1,full_unprescaled_member_covers_run,True,2e-12
2022,2022EE,360825,Trigger_sngEl,1,full_unprescaled_member_covers_run,True,2e-12
2022,2022EE,360825,Trigger_sngMu,1,full_unprescaled_member_covers_run,True,2e-12
2022,2022EE,360825,Trigger_Muon,2,full_unprescaled_member_covers_run,True,2e-12
2022,2022EE,360825,Trigger_EGamma,2,full_unprescaled_member_covers_run,True,2e-12
2022,2022EE,360825,Trigger_Any,7,full_unprescaled_member_covers_run,True,2e-12
2022,2022EE,360826,Trigger_ElMu,3,full_unprescaled_member_covers_run,True,2e-12
2022,2022EE,360826,Trigger_dblEl,1,full_unprescaled_member_covers_run,True,2e-12
2022,2022EE,360826,Trigger_dblMu,1,full_unprescaled_member_covers_run,True,2e-12
2022,2022EE,360826,Trigger_sngEl,1,full_unprescaled_member_covers_run,True,2e-12
2022,2022EE,360826,Trigger_sngMu,1,full_unprescaled_member_covers_run,True,2e-12
2022,2022EE,360826,Trigger_Muon,2,full_unprescaled_member_covers_run,True,2e-12
2022,2022EE,360826,Trigger_EGamma,2,full_unprescaled_member_covers_run,True,2e-12
2022,2022EE,360826,Trigger_Any,7,full_unprescaled_member_covers_run,True,2e-12
2022,2022EE,360856,Trigger_ElMu,3,full_unprescaled_member_covers_run,True,2e-12
2022,2022EE,360856,Trigger_dblEl,1,full_unprescaled_member_covers_run,True,2e-12
2022,2022EE,360856,Trigger_dblMu,1,full_unprescaled_member_covers_run,True,2e-12
2022,2022EE,360856,Trigger_sngEl,1,full_unprescaled_member_covers_run,True,2e-12
2022,2022EE,360856,Trigger_sngMu,1,full_unprescaled_member_covers_run,True,2e-12
2022,2022EE,360856,Trigger_Muon,2,full_unprescaled_member_covers_run,True,2e-12
2022,2022EE,360856,Trigger_EGamma,2,full_unprescaled_member_covers_run,True,2e-12
2022,2022EE,360856,Trigger_Any,7,full_unprescaled_member_covers_run,True,2e-12
2022,2022EE,360874,Trigger_ElMu,3,full_unprescaled_member_covers_run,True,2e-12
2022,2022EE,360874,Trigger_dblEl,1,full_unprescaled_member_covers_run,True,2e-12
2022,2022EE,360874,Trigger_dblMu,1,full_unprescaled_member_covers_run,True,2e-12
2022,2022EE,360874,Trigger_sngEl,1,full_unprescaled_member_covers_run,True,2e-12
2022,2022EE,360874,Trigger_sngMu,1,full_unprescaled_member_covers_run,True,2e-12
2022,2022EE,360874,Trigger_Muon,2,full_unprescaled_member_covers_run,True,2e-12
2022,2022EE,360874,Trigger_EGamma,2,full_unprescaled_member_covers_run,True,2e-12
2022,2022EE,360874,Trigger_Any,7,full_unprescaled_member_covers_run,True,2e-12
2022,2022EE,360876,Trigger_ElMu,3,full_unprescaled_member_covers_run,True,2e-12
2022,2022EE,360876,Trigger_dblEl,1,full_unprescaled_member_covers_run,True,2e-12
2022,2022EE,360876,Trigger_dblMu,1,full_unprescaled_member_covers_run,True,2e-12
2022,2022EE,360876,Trigger_sngEl,1,full_unprescaled_member_covers_run,True,2e-12
2022,2022EE,360876,Trigger_sngMu,1,full_unprescaled_member_covers_run,True,2e-12
2022,2022EE,360876,Trigger_Muon,2,full_unprescaled_member_covers_run,True,2e-12
2022,2022EE,360876,Trigger_EGamma,2,full_unprescaled_member_covers_run,True,2e-12
2022,2022EE,360876,Trigger_Any,7,full_unprescaled_member_covers_run,True,2e-12
2022,2022EE,360887,Trigger_ElMu,3,full_unprescaled_member_covers_run,True,2e-12
2022,2022EE,360887,Trigger_dblEl,1,full_unprescaled_member_covers_run,True,2e-12
2022,2022EE,360887,Trigger_dblMu,1,full_unprescaled_member_covers_run,True,2e-12
2022,2022EE,360887,Trigger_sngEl,1,full_unprescaled_member_covers_run,True,2e-12
2022,2022EE,360887,Trigger_sngMu,1,full_unprescaled_member_covers_run,True,2e-12
2022,2022EE,360887,Trigger_Muon,2,full_unprescaled_member_covers_run,True,2e-12
2022,2022EE,360887,Trigger_EGamma,2,full_unprescaled_member_covers_run,True,2e-12
2022,2022EE,360887,Trigger_Any,7,full_unprescaled_member_covers_run,True,2e-12
2022,2022EE,360888,Trigger_ElMu,3,full_unprescaled_member_covers_run,True,2e-12
2022,2022EE,360888,Trigger_dblEl,1,full_unprescaled_member_covers_run,True,2e-12
2022,2022EE,360888,Trigger_dblMu,1,full_unprescaled_member_covers_run,True,2e-12
2022,2022EE,360888,Trigger_sngEl,1,full_unprescaled_member_covers_run,True,2e-12
2022,2022EE,360888,Trigger_sngMu,1,full_unprescaled_member_covers_run,True,2e-12
2022,2022EE,360888,Trigger_Muon,2,full_unprescaled_member_covers_run,True,2e-12
2022,2022EE,360888,Trigger_EGamma,2,full_unprescaled_member_covers_run,True,2e-12
2022,2022EE,360888,Trigger_Any,7,full_unprescaled_member_covers_run,True,2e-12
2022,2022EE,360889,Trigger_ElMu,3,full_unprescaled_member_covers_run,True,2e-12
2022,2022EE,360889,Trigger_dblEl,1,full_unprescaled_member_covers_run,True,2e-12
2022,2022EE,360889,Trigger_dblMu,1,full_unprescaled_member_covers_run,True,2e-12
2022,2022EE,360889,Trigger_sngEl,1,full_unprescaled_member_covers_run,True,2e-12
2022,2022EE,360889,Trigger_sngMu,1,full_unprescaled_member_covers_run,True,2e-12
2022,2022EE,360889,Trigger_Muon,2,full_unprescaled_member_covers_run,True,2e-12
2022,2022EE,360889,Trigger_EGamma,2,full_unprescaled_member_covers_run,True,2e-12
2022,2022EE,360889,Trigger_Any,7,full_unprescaled_member_covers_run,True,2e-12
2022,2022EE,360890,Trigger_ElMu,3,full_unprescaled_member_covers_run,True,2e-12
2022,2022EE,360890,Trigger_dblEl,1,full_unprescaled_member_covers_run,True,2e-12
2022,2022EE,360890,Trigger_dblMu,1,full_unprescaled_member_covers_run,True,2e-12
2022,2022EE,360890,Trigger_sngEl,1,full_unprescaled_member_covers_run,True,2e-12
2022,2022EE,360890,Trigger_sngMu,1,full_unprescaled_member_covers_run,True,2e-12
2022,2022EE,360890,Trigger_Muon,2,full_unprescaled_member_covers_run,True,2e-12
2022,2022EE,360890,Trigger_EGamma,2,full_unprescaled_member_covers_run,True,2e-12
2022,2022EE,360890,Trigger_Any,7,full_unprescaled_member_covers_run,True,2e-12
2022,2022EE,360892,Trigger_ElMu,3,full_unprescaled_member_covers_run,True,2e-12
2022,2022EE,360892,Trigger_dblEl,1,full_unprescaled_member_covers_run,True,2e-12
2022,2022EE,360892,Trigger_dblMu,1,full_unprescaled_member_covers_run,True,2e-12
2022,2022EE,360892,Trigger_sngEl,1,full_unprescaled_member_covers_run,True,2e-12
2022,2022EE,360892,Trigger_sngMu,1,full_unprescaled_member_covers_run,True,2e-12
2022,2022EE,360892,Trigger_Muon,2,full_unprescaled_member_covers_run,True,2e-12
2022,2022EE,360892,Trigger_EGamma,2,full_unprescaled_member_covers_run,True,2e-12
2022,2022EE,360892,Trigger_Any,7,full_unprescaled_member_covers_run,True,2e-12
2022,2022EE,360895,Trigger_ElMu,3,full_unprescaled_member_covers_run,True,2e-12
2022,2022EE,360895,Trigger_dblEl,1,full_unprescaled_member_covers_run,True,2e-12
2022,2022EE,360895,Trigger_dblMu,1,full_unprescaled_member_covers_run,True,2e-12
2022,2022EE,360895,Trigger_sngEl,1,full_unprescaled_member_covers_run,True,2e-12
2022,2022EE,360895,Trigger_sngMu,1,full_unprescaled_member_covers_run,True,2e-12
2022,2022EE,360895,Trigger_Muon,2,full_unprescaled_member_covers_run,True,2e-12
2022,2022EE,360895,Trigger_EGamma,2,full_unprescaled_member_covers_run,True,2e-12
2022,2022EE,360895,Trigger_Any,7,full_unprescaled_member_covers_run,True,2e-12
2022,2022EE,360919,Trigger_ElMu,3,full_unprescaled_member_covers_run,True,2e-12
2022,2022EE,360919,Trigger_dblEl,1,full_unprescaled_member_covers_run,True,2e-12
2022,2022EE,360919,Trigger_dblMu,1,full_unprescaled_member_covers_run,True,2e-12
2022,2022EE,360919,Trigger_sngEl,1,full_unprescaled_member_covers_run,True,2e-12
2022,2022EE,360919,Trigger_sngMu,1,full_unprescaled_member_covers_run,True,2e-12
2022,2022EE,360919,Trigger_Muon,2,full_unprescaled_member_covers_run,True,2e-12
2022,2022EE,360919,Trigger_EGamma,2,full_unprescaled_member_covers_run,True,2e-12
2022,2022EE,360919,Trigger_Any,7,full_unprescaled_member_covers_run,True,2e-12
2022,2022EE,360920,Trigger_ElMu,3,full_unprescaled_member_covers_run,True,2e-12
2022,2022EE,360920,Trigger_dblEl,1,full_unprescaled_member_covers_run,True,2e-12
2022,2022EE,360920,Trigger_dblMu,1,full_unprescaled_member_covers_run,True,2e-12
2022,2022EE,360920,Trigger_sngEl,1,full_unprescaled_member_covers_run,True,2e-12
2022,2022EE,360920,Trigger_sngMu,1,full_unprescaled_member_covers_run,True,2e-12
2022,2022EE,360920,Trigger_Muon,2,full_unprescaled_member_covers_run,True,2e-12
2022,2022EE,360920,Trigger_EGamma,2,full_unprescaled_member_covers_run,True,2e-12
2022,2022EE,360920,Trigger_Any,7,full_unprescaled_member_covers_run,True,2e-12
2022,2022EE,360921,Trigger_ElMu,3,full_unprescaled_member_covers_run,True,2e-12
2022,2022EE,360921,Trigger_dblEl,1,full_unprescaled_member_covers_run,True,2e-12
2022,2022EE,360921,Trigger_dblMu,1,full_unprescaled_member_covers_run,True,2e-12
2022,2022EE,360921,Trigger_sngEl,1,full_unprescaled_member_covers_run,True,2e-12
2022,2022EE,360921,Trigger_sngMu,1,full_unprescaled_member_covers_run,True,2e-12
2022,2022EE,360921,Trigger_Muon,2,full_unprescaled_member_covers_run,True,2e-12
2022,2022EE,360921,Trigger_EGamma,2,full_unprescaled_member_covers_run,True,2e-12
2022,2022EE,360921,Trigger_Any,7,full_unprescaled_member_covers_run,True,2e-12
2022,2022EE,360927,Trigger_ElMu,3,full_unprescaled_member_covers_run,True,2e-12
2022,2022EE,360927,Trigger_dblEl,1,full_unprescaled_member_covers_run,True,2e-12
2022,2022EE,360927,Trigger_dblMu,1,full_unprescaled_member_covers_run,True,2e-12
2022,2022EE,360927,Trigger_sngEl,1,full_unprescaled_member_covers_run,True,2e-12
2022,2022EE,360927,Trigger_sngMu,1,full_unprescaled_member_covers_run,True,2e-12
2022,2022EE,360927,Trigger_Muon,2,full_unprescaled_member_covers_run,True,2e-12
2022,2022EE,360927,Trigger_EGamma,2,full_unprescaled_member_covers_run,True,2e-12
2022,2022EE,360927,Trigger_Any,7,full_unprescaled_member_covers_run,True,2e-12
2022,2022EE,360941,Trigger_ElMu,3,full_unprescaled_member_covers_run,True,2e-12
2022,2022EE,360941,Trigger_dblEl,1,full_unprescaled_member_covers_run,True,2e-12
2022,2022EE,360941,Trigger_dblMu,1,full_unprescaled_member_covers_run,True,2e-12
2022,2022EE,360941,Trigger_sngEl,1,full_unprescaled_member_covers_run,True,2e-12
2022,2022EE,360941,Trigger_sngMu,1,full_unprescaled_member_covers_run,True,2e-12
2022,2022EE,360941,Trigger_Muon,2,full_unprescaled_member_covers_run,True,2e-12
2022,2022EE,360941,Trigger_EGamma,2,full_unprescaled_member_covers_run,True,2e-12
2022,2022EE,360941,Trigger_Any,7,full_unprescaled_member_covers_run,True,2e-12
2022,2022EE,360942,Trigger_ElMu,3,full_unprescaled_member_covers_run,True,2e-12
2022,2022EE,360942,Trigger_dblEl,1,full_unprescaled_member_covers_run,True,2e-12
2022,2022EE,360942,Trigger_dblMu,1,full_unprescaled_member_covers_run,True,2e-12
2022,2022EE,360942,Trigger_sngEl,1,full_unprescaled_member_covers_run,True,2e-12
2022,2022EE,360942,Trigger_sngMu,1,full_unprescaled_member_covers_run,True,2e-12
2022,2022EE,360942,Trigger_Muon,2,full_unprescaled_member_covers_run,True,2e-12
2022,2022EE,360942,Trigger_EGamma,2,full_unprescaled_member_covers_run,True,2e-12
2022,2022EE,360942,Trigger_Any,7,full_unprescaled_member_covers_run,True,2e-12
2022,2022EE,360945,Trigger_ElMu,3,full_unprescaled_member_covers_run,True,2e-12
2022,2022EE,360945,Trigger_dblEl,1,full_unprescaled_member_covers_run,True,2e-12
2022,2022EE,360945,Trigger_dblMu,1,full_unprescaled_member_covers_run,True,2e-12
2022,2022EE,360945,Trigger_sngEl,1,full_unprescaled_member_covers_run,True,2e-12
2022,2022EE,360945,Trigger_sngMu,1,full_unprescaled_member_covers_run,True,2e-12
2022,2022EE,360945,Trigger_Muon,2,full_unprescaled_member_covers_run,True,2e-12
2022,2022EE,360945,Trigger_EGamma,2,full_unprescaled_member_covers_run,True,2e-12
2022,2022EE,360945,Trigger_Any,7,full_unprescaled_member_covers_run,True,2e-12
2022,2022EE,360946,Trigger_ElMu,3,full_unprescaled_member_covers_run,True,2e-12
2022,2022EE,360946,Trigger_dblEl,1,full_unprescaled_member_covers_run,True,2e-12
2022,2022EE,360946,Trigger_dblMu,1,full_unprescaled_member_covers_run,True,2e-12
2022,2022EE,360946,Trigger_sngEl,1,full_unprescaled_member_covers_run,True,2e-12
2022,2022EE,360946,Trigger_sngMu,1,full_unprescaled_member_covers_run,True,2e-12
2022,2022EE,360946,Trigger_Muon,2,full_unprescaled_member_covers_run,True,2e-12
2022,2022EE,360946,Trigger_EGamma,2,full_unprescaled_member_covers_run,True,2e-12
2022,2022EE,360946,Trigger_Any,7,full_unprescaled_member_covers_run,True,2e-12
2022,2022EE,360948,Trigger_ElMu,3,full_unprescaled_member_covers_run,True,2e-12
2022,2022EE,360948,Trigger_dblEl,1,full_unprescaled_member_covers_run,True,2e-12
2022,2022EE,360948,Trigger_dblMu,1,full_unprescaled_member_covers_run,True,2e-12
2022,2022EE,360948,Trigger_sngEl,1,full_unprescaled_member_covers_run,True,2e-12
2022,2022EE,360948,Trigger_sngMu,1,full_unprescaled_member_covers_run,True,2e-12
2022,2022EE,360948,Trigger_Muon,2,full_unprescaled_member_covers_run,True,2e-12
2022,2022EE,360948,Trigger_EGamma,2,full_unprescaled_member_covers_run,True,2e-12
2022,2022EE,360948,Trigger_Any,7,full_unprescaled_member_covers_run,True,2e-12
2022,2022EE,360950,Trigger_ElMu,3,full_unprescaled_member_covers_run,True,2e-12
2022,2022EE,360950,Trigger_dblEl,1,full_unprescaled_member_covers_run,True,2e-12
2022,2022EE,360950,Trigger_dblMu,1,full_unprescaled_member_covers_run,True,2e-12
2022,2022EE,360950,Trigger_sngEl,1,full_unprescaled_member_covers_run,True,2e-12
2022,2022EE,360950,Trigger_sngMu,1,full_unprescaled_member_covers_run,True,2e-12
2022,2022EE,360950,Trigger_Muon,2,full_unprescaled_member_covers_run,True,2e-12
2022,2022EE,360950,Trigger_EGamma,2,full_unprescaled_member_covers_run,True,2e-12
2022,2022EE,360950,Trigger_Any,7,full_unprescaled_member_covers_run,True,2e-12
2022,2022EE,360951,Trigger_ElMu,3,full_unprescaled_member_covers_run,True,2e-12
2022,2022EE,360951,Trigger_dblEl,1,full_unprescaled_member_covers_run,True,2e-12
2022,2022EE,360951,Trigger_dblMu,1,full_unprescaled_member_covers_run,True,2e-12
2022,2022EE,360951,Trigger_sngEl,1,full_unprescaled_member_covers_run,True,2e-12
2022,2022EE,360951,Trigger_sngMu,1,full_unprescaled_member_covers_run,True,2e-12
2022,2022EE,360951,Trigger_Muon,2,full_unprescaled_member_covers_run,True,2e-12
2022,2022EE,360951,Trigger_EGamma,2,full_unprescaled_member_covers_run,True,2e-12
2022,2022EE,360951,Trigger_Any,7,full_unprescaled_member_covers_run,True,2e-12
2022,2022EE,360991,Trigger_ElMu,3,full_unprescaled_member_covers_run,True,2e-12
2022,2022EE,360991,Trigger_dblEl,1,full_unprescaled_member_covers_run,True,2e-12
2022,2022EE,360991,Trigger_dblMu,1,full_unprescaled_member_covers_run,True,2e-12
2022,2022EE,360991,Trigger_sngEl,1,full_unprescaled_member_covers_run,True,2e-12
2022,2022EE,360991,Trigger_sngMu,1,full_unprescaled_member_covers_run,True,2e-12
2022,2022EE,360991,Trigger_Muon,2,full_unprescaled_member_covers_run,True,2e-12
2022,2022EE,360991,Trigger_EGamma,2,full_unprescaled_member_covers_run,True,2e-12
2022,2022EE,360991,Trigger_Any,7,full_unprescaled_member_covers_run,True,2e-12
2022,2022EE,360992,Trigger_ElMu,3,full_unprescaled_member_covers_run,True,2e-12
2022,2022EE,360992,Trigger_dblEl,1,full_unprescaled_member_covers_run,True,2e-12
2022,2022EE,360992,Trigger_dblMu,1,full_unprescaled_member_covers_run,True,2e-12
2022,2022EE,360992,Trigger_sngEl,1,full_unprescaled_member_covers_run,True,2e-12
2022,2022EE,360992,Trigger_sngMu,1,full_unprescaled_member_covers_run,True,2e-12
2022,2022EE,360992,Trigger_Muon,2,full_unprescaled_member_covers_run,True,2e-12
2022,2022EE,360992,Trigger_EGamma,2,full_unprescaled_member_covers_run,True,2e-12
2022,2022EE,360992,Trigger_Any,7,full_unprescaled_member_covers_run,True,2e-12
2022,2022EE,361020,Trigger_ElMu,3,full_unprescaled_member_covers_run,True,2e-12
2022,2022EE,361020,Trigger_dblEl,1,full_unprescaled_member_covers_run,True,2e-12
2022,2022EE,361020,Trigger_dblMu,1,full_unprescaled_member_covers_run,True,2e-12
2022,2022EE,361020,Trigger_sngEl,1,full_unprescaled_member_covers_run,True,2e-12
2022,2022EE,361020,Trigger_sngMu,1,full_unprescaled_member_covers_run,True,2e-12
2022,2022EE,361020,Trigger_Muon,2,full_unprescaled_member_covers_run,True,2e-12
2022,2022EE,361020,Trigger_EGamma,2,full_unprescaled_member_covers_run,True,2e-12
2022,2022EE,361020,Trigger_Any,7,full_unprescaled_member_covers_run,True,2e-12
2022,2022EE,361044,Trigger_ElMu,3,full_unprescaled_member_covers_run,True,2e-12
2022,2022EE,361044,Trigger_dblEl,1,full_unprescaled_member_covers_run,True,2e-12
2022,2022EE,361044,Trigger_dblMu,1,full_unprescaled_member_covers_run,True,2e-12
2022,2022EE,361044,Trigger_sngEl,1,full_unprescaled_member_covers_run,True,2e-12
2022,2022EE,361044,Trigger_sngMu,1,full_unprescaled_member_covers_run,True,2e-12
2022,2022EE,361044,Trigger_Muon,2,full_unprescaled_member_covers_run,True,2e-12
2022,2022EE,361044,Trigger_EGamma,2,full_unprescaled_member_covers_run,True,2e-12
2022,2022EE,361044,Trigger_Any,7,full_unprescaled_member_covers_run,True,2e-12
2022,2022EE,361045,Trigger_ElMu,3,full_unprescaled_member_covers_run,True,2e-12
2022,2022EE,361045,Trigger_dblEl,1,full_unprescaled_member_covers_run,True,2e-12
2022,2022EE,361045,Trigger_dblMu,1,full_unprescaled_member_covers_run,True,2e-12
2022,2022EE,361045,Trigger_sngEl,1,full_unprescaled_member_covers_run,True,2e-12
2022,2022EE,361045,Trigger_sngMu,1,full_unprescaled_member_covers_run,True,2e-12
2022,2022EE,361045,Trigger_Muon,2,full_unprescaled_member_covers_run,True,2e-12
2022,2022EE,361045,Trigger_EGamma,2,full_unprescaled_member_covers_run,True,2e-12
2022,2022EE,361045,Trigger_Any,7,full_unprescaled_member_covers_run,True,2e-12
2022,2022EE,361050,Trigger_ElMu,3,full_unprescaled_member_covers_run,True,2e-12
2022,2022EE,361050,Trigger_dblEl,1,full_unprescaled_member_covers_run,True,2e-12
2022,2022EE,361050,Trigger_dblMu,1,full_unprescaled_member_covers_run,True,2e-12
2022,2022EE,361050,Trigger_sngEl,1,full_unprescaled_member_covers_run,True,2e-12
2022,2022EE,361050,Trigger_sngMu,1,full_unprescaled_member_covers_run,True,2e-12
2022,2022EE,361050,Trigger_Muon,2,full_unprescaled_member_covers_run,True,2e-12
2022,2022EE,361050,Trigger_EGamma,2,full_unprescaled_member_covers_run,True,2e-12
2022,2022EE,361050,Trigger_Any,7,full_unprescaled_member_covers_run,True,2e-12
2022,2022EE,361052,Trigger_ElMu,3,full_unprescaled_member_covers_run,True,2e-12
2022,2022EE,361052,Trigger_dblEl,1,full_unprescaled_member_covers_run,True,2e-12
2022,2022EE,361052,Trigger_dblMu,1,full_unprescaled_member_covers_run,True,2e-12
2022,2022EE,361052,Trigger_sngEl,1,full_unprescaled_member_covers_run,True,2e-12
2022,2022EE,361052,Trigger_sngMu,1,full_unprescaled_member_covers_run,True,2e-12
2022,2022EE,361052,Trigger_Muon,2,full_unprescaled_member_covers_run,True,2e-12
2022,2022EE,361052,Trigger_EGamma,2,full_unprescaled_member_covers_run,True,2e-12
2022,2022EE,361052,Trigger_Any,7,full_unprescaled_member_covers_run,True,2e-12
2022,2022EE,361054,Trigger_ElMu,3,full_unprescaled_member_covers_run,True,2e-12
2022,2022EE,361054,Trigger_dblEl,1,full_unprescaled_member_covers_run,True,2e-12
2022,2022EE,361054,Trigger_dblMu,1,full_unprescaled_member_covers_run,True,2e-12
2022,2022EE,361054,Trigger_sngEl,1,full_unprescaled_member_covers_run,True,2e-12
2022,2022EE,361054,Trigger_sngMu,1,full_unprescaled_member_covers_run,True,2e-12
2022,2022EE,361054,Trigger_Muon,2,full_unprescaled_member_covers_run,True,2e-12
2022,2022EE,361054,Trigger_EGamma,2,full_unprescaled_member_covers_run,True,2e-12
2022,2022EE,361054,Trigger_Any,7,full_unprescaled_member_covers_run,True,2e-12
2022,2022EE,361083,Trigger_ElMu,3,full_unprescaled_member_covers_run,True,2e-12
2022,2022EE,361083,Trigger_dblEl,1,full_unprescaled_member_covers_run,True,2e-12
2022,2022EE,361083,Trigger_dblMu,1,full_unprescaled_member_covers_run,True,2e-12
2022,2022EE,361083,Trigger_sngEl,1,full_unprescaled_member_covers_run,True,2e-12
2022,2022EE,361083,Trigger_sngMu,1,full_unprescaled_member_covers_run,True,2e-12
2022,2022EE,361083,Trigger_Muon,2,full_unprescaled_member_covers_run,True,2e-12
2022,2022EE,361083,Trigger_EGamma,2,full_unprescaled_member_covers_run,True,2e-12
2022,2022EE,361083,Trigger_Any,7,full_unprescaled_member_covers_run,True,2e-12
2022,2022EE,361091,Trigger_ElMu,3,full_unprescaled_member_covers_run,True,2e-12
2022,2022EE,361091,Trigger_dblEl,1,full_unprescaled_member_covers_run,True,2e-12
2022,2022EE,361091,Trigger_dblMu,1,full_unprescaled_member_covers_run,True,2e-12
2022,2022EE,361091,Trigger_sngEl,1,full_unprescaled_member_covers_run,True,2e-12
2022,2022EE,361091,Trigger_sngMu,1,full_unprescaled_member_covers_run,True,2e-12
2022,2022EE,361091,Trigger_Muon,2,full_unprescaled_member_covers_run,True,2e-12
2022,2022EE,361091,Trigger_EGamma,2,full_unprescaled_member_covers_run,True,2e-12
2022,2022EE,361091,Trigger_Any,7,full_unprescaled_member_covers_run,True,2e-12
2022,2022EE,361105,Trigger_ElMu,3,full_unprescaled_member_covers_run,True,2e-12
2022,2022EE,361105,Trigger_dblEl,1,full_unprescaled_member_covers_run,True,2e-12
2022,2022EE,361105,Trigger_dblMu,1,full_unprescaled_member_covers_run,True,2e-12
2022,2022EE,361105,Trigger_sngEl,1,full_unprescaled_member_covers_run,True,2e-12
2022,2022EE,361105,Trigger_sngMu,1,full_unprescaled_member_covers_run,True,2e-12
2022,2022EE,361105,Trigger_Muon,2,full_unprescaled_member_covers_run,True,2e-12
2022,2022EE,361105,Trigger_EGamma,2,full_unprescaled_member_covers_run,True,2e-12
2022,2022EE,361105,Trigger_Any,7,full_unprescaled_member_covers_run,True,2e-12
2022,2022EE,361106,Trigger_ElMu,3,full_unprescaled_member_covers_run,True,2e-12
2022,2022EE,361106,Trigger_dblEl,1,full_unprescaled_member_covers_run,True,2e-12
2022,2022EE,361106,Trigger_dblMu,1,full_unprescaled_member_covers_run,True,2e-12
2022,2022EE,361106,Trigger_sngEl,1,full_unprescaled_member_covers_run,True,2e-12
2022,2022EE,361106,Trigger_sngMu,1,full_unprescaled_member_covers_run,True,2e-12
2022,2022EE,361106,Trigger_Muon,2,full_unprescaled_member_covers_run,True,2e-12
2022,2022EE,361106,Trigger_EGamma,2,full_unprescaled_member_covers_run,True,2e-12
2022,2022EE,361106,Trigger_Any,7,full_unprescaled_member_covers_run,True,2e-12
2022,2022EE,361107,Trigger_ElMu,3,full_unprescaled_member_covers_run,True,2e-12
2022,2022EE,361107,Trigger_dblEl,1,full_unprescaled_member_covers_run,True,2e-12
2022,2022EE,361107,Trigger_dblMu,1,full_unprescaled_member_covers_run,True,2e-12
2022,2022EE,361107,Trigger_sngEl,1,full_unprescaled_member_covers_run,True,2e-12
2022,2022EE,361107,Trigger_sngMu,1,full_unprescaled_member_covers_run,True,2e-12
2022,2022EE,361107,Trigger_Muon,2,full_unprescaled_member_covers_run,True,2e-12
2022,2022EE,361107,Trigger_EGamma,2,full_unprescaled_member_covers_run,True,2e-12
2022,2022EE,361107,Trigger_Any,7,full_unprescaled_member_covers_run,True,2e-12
2022,2022EE,361108,Trigger_ElMu,3,full_unprescaled_member_covers_run,True,2e-12
2022,2022EE,361108,Trigger_dblEl,1,full_unprescaled_member_covers_run,True,2e-12
2022,2022EE,361108,Trigger_dblMu,1,full_unprescaled_member_covers_run,True,2e-12
2022,2022EE,361108,Trigger_sngEl,1,full_unprescaled_member_covers_run,True,2e-12
2022,2022EE,361108,Trigger_sngMu,1,full_unprescaled_member_covers_run,True,2e-12
2022,2022EE,361108,Trigger_Muon,2,full_unprescaled_member_covers_run,True,2e-12
2022,2022EE,361108,Trigger_EGamma,2,full_unprescaled_member_covers_run,True,2e-12
2022,2022EE,361108,Trigger_Any,7,full_unprescaled_member_covers_run,True,2e-12
2022,2022EE,361110,Trigger_ElMu,3,full_unprescaled_member_covers_run,True,2e-12
2022,2022EE,361110,Trigger_dblEl,1,full_unprescaled_member_covers_run,True,2e-12
2022,2022EE,361110,Trigger_dblMu,1,full_unprescaled_member_covers_run,True,2e-12
2022,2022EE,361110,Trigger_sngEl,1,full_unprescaled_member_covers_run,True,2e-12
2022,2022EE,361110,Trigger_sngMu,1,full_unprescaled_member_covers_run,True,2e-12
2022,2022EE,361110,Trigger_Muon,2,full_unprescaled_member_covers_run,True,2e-12
2022,2022EE,361110,Trigger_EGamma,2,full_unprescaled_member_covers_run,True,2e-12
2022,2022EE,361110,Trigger_Any,7,full_unprescaled_member_covers_run,True,2e-12
2022,2022EE,361188,Trigger_ElMu,3,full_unprescaled_member_covers_run,True,2e-12
2022,2022EE,361188,Trigger_dblEl,1,full_unprescaled_member_covers_run,True,2e-12
2022,2022EE,361188,Trigger_dblMu,1,full_unprescaled_member_covers_run,True,2e-12
2022,2022EE,361188,Trigger_sngEl,1,full_unprescaled_member_covers_run,True,2e-12
2022,2022EE,361188,Trigger_sngMu,1,full_unprescaled_member_covers_run,True,2e-12
2022,2022EE,361188,Trigger_Muon,2,full_unprescaled_member_covers_run,True,2e-12
2022,2022EE,361188,Trigger_EGamma,2,full_unprescaled_member_covers_run,True,2e-12
2022,2022EE,361188,Trigger_Any,7,full_unprescaled_member_covers_run,True,2e-12
2022,2022EE,361193,Trigger_ElMu,3,full_unprescaled_member_covers_run,True,2e-12
2022,2022EE,361193,Trigger_dblEl,1,full_unprescaled_member_covers_run,True,2e-12
2022,2022EE,361193,Trigger_dblMu,1,full_unprescaled_member_covers_run,True,2e-12
2022,2022EE,361193,Trigger_sngEl,1,full_unprescaled_member_covers_run,True,2e-12
2022,2022EE,361193,Trigger_sngMu,1,full_unprescaled_member_covers_run,True,2e-12
2022,2022EE,361193,Trigger_Muon,2,full_unprescaled_member_covers_run,True,2e-12
2022,2022EE,361193,Trigger_EGamma,2,full_unprescaled_member_covers_run,True,2e-12
2022,2022EE,361193,Trigger_Any,7,full_unprescaled_member_covers_run,True,2e-12
2022,2022EE,361195,Trigger_ElMu,3,full_unprescaled_member_covers_run,True,2e-12
2022,2022EE,361195,Trigger_dblEl,1,full_unprescaled_member_covers_run,True,2e-12
2022,2022EE,361195,Trigger_dblMu,1,full_unprescaled_member_covers_run,True,2e-12
2022,2022EE,361195,Trigger_sngEl,1,full_unprescaled_member_covers_run,True,2e-12
2022,2022EE,361195,Trigger_sngMu,1,full_unprescaled_member_covers_run,True,2e-12
2022,2022EE,361195,Trigger_Muon,2,full_unprescaled_member_covers_run,True,2e-12
2022,2022EE,361195,Trigger_EGamma,2,full_unprescaled_member_covers_run,True,2e-12
2022,2022EE,361195,Trigger_Any,7,full_unprescaled_member_covers_run,True,2e-12
2022,2022EE,361197,Trigger_ElMu,3,full_unprescaled_member_covers_run,True,2e-12
2022,2022EE,361197,Trigger_dblEl,1,full_unprescaled_member_covers_run,True,2e-12
2022,2022EE,361197,Trigger_dblMu,1,full_unprescaled_member_covers_run,True,2e-12
2022,2022EE,361197,Trigger_sngEl,1,full_unprescaled_member_covers_run,True,2e-12
2022,2022EE,361197,Trigger_sngMu,1,full_unprescaled_member_covers_run,True,2e-12
2022,2022EE,361197,Trigger_Muon,2,full_unprescaled_member_covers_run,True,2e-12
2022,2022EE,361197,Trigger_EGamma,2,full_unprescaled_member_covers_run,True,2e-12
2022,2022EE,361197,Trigger_Any,7,full_unprescaled_member_covers_run,True,2e-12
2022,2022EE,361223,Trigger_ElMu,3,full_unprescaled_member_covers_run,True,2e-12
2022,2022EE,361223,Trigger_dblEl,1,full_unprescaled_member_covers_run,True,2e-12
2022,2022EE,361223,Trigger_dblMu,1,full_unprescaled_member_covers_run,True,2e-12
2022,2022EE,361223,Trigger_sngEl,1,full_unprescaled_member_covers_run,True,2e-12
2022,2022EE,361223,Trigger_sngMu,1,full_unprescaled_member_covers_run,True,2e-12
2022,2022EE,361223,Trigger_Muon,2,full_unprescaled_member_covers_run,True,2e-12
2022,2022EE,361223,Trigger_EGamma,2,full_unprescaled_member_covers_run,True,2e-12
2022,2022EE,361223,Trigger_Any,7,full_unprescaled_member_covers_run,True,2e-12
2022,2022EE,361239,Trigger_ElMu,3,full_unprescaled_member_covers_run,True,2e-12
2022,2022EE,361239,Trigger_dblEl,1,full_unprescaled_member_covers_run,True,2e-12
2022,2022EE,361239,Trigger_dblMu,1,validated_unprescaled_partial_ls_union,True,2e-12
2022,2022EE,361239,Trigger_sngEl,1,full_unprescaled_member_covers_run,True,2e-12
2022,2022EE,361239,Trigger_sngMu,1,validated_unprescaled_partial_ls_union,True,2e-12
2022,2022EE,361239,Trigger_Muon,2,validated_unprescaled_partial_ls_union,True,2e-12
2022,2022EE,361239,Trigger_EGamma,2,full_unprescaled_member_covers_run,True,2e-12
2022,2022EE,361239,Trigger_Any,7,full_unprescaled_member_covers_run,True,2e-12
2022,2022EE,361240,Trigger_ElMu,3,full_unprescaled_member_covers_run,True,2e-12
2022,2022EE,361240,Trigger_dblEl,1,full_unprescaled_member_covers_run,True,2e-12
2022,2022EE,361240,Trigger_dblMu,1,full_unprescaled_member_covers_run,True,2e-12
2022,2022EE,361240,Trigger_sngEl,1,full_unprescaled_member_covers_run,True,2e-12
2022,2022EE,361240,Trigger_sngMu,1,full_unprescaled_member_covers_run,True,2e-12
2022,2022EE,361240,Trigger_Muon,2,full_unprescaled_member_covers_run,True,2e-12
2022,2022EE,361240,Trigger_EGamma,2,full_unprescaled_member_covers_run,True,2e-12
2022,2022EE,361240,Trigger_Any,7,full_unprescaled_member_covers_run,True,2e-12
2022,2022EE,361272,Trigger_ElMu,3,full_unprescaled_member_covers_run,True,2e-12
2022,2022EE,361272,Trigger_dblEl,1,validated_unprescaled_partial_ls_union,True,2e-12
2022,2022EE,361272,Trigger_dblMu,1,full_unprescaled_member_covers_run,True,2e-12
2022,2022EE,361272,Trigger_sngEl,1,validated_unprescaled_partial_ls_union,True,2e-12
2022,2022EE,361272,Trigger_sngMu,1,full_unprescaled_member_covers_run,True,2e-12
2022,2022EE,361272,Trigger_Muon,2,full_unprescaled_member_covers_run,True,2e-12
2022,2022EE,361272,Trigger_EGamma,2,validated_unprescaled_partial_ls_union,True,2e-12
2022,2022EE,361272,Trigger_Any,7,full_unprescaled_member_covers_run,True,2e-12
2022,2022EE,361280,Trigger_ElMu,3,full_unprescaled_member_covers_run,True,2e-12
2022,2022EE,361280,Trigger_dblEl,1,full_unprescaled_member_covers_run,True,2e-12
2022,2022EE,361280,Trigger_dblMu,1,full_unprescaled_member_covers_run,True,2e-12
2022,2022EE,361280,Trigger_sngEl,1,full_unprescaled_member_covers_run,True,2e-12
2022,2022EE,361280,Trigger_sngMu,1,full_unprescaled_member_covers_run,True,2e-12
2022,2022EE,361280,Trigger_Muon,2,full_unprescaled_member_covers_run,True,2e-12
2022,2022EE,361280,Trigger_EGamma,2,full_unprescaled_member_covers_run,True,2e-12
2022,2022EE,361280,Trigger_Any,7,full_unprescaled_member_covers_run,True,2e-12
2022,2022EE,361283,Trigger_ElMu,3,full_unprescaled_member_covers_run,True,2e-12
2022,2022EE,361283,Trigger_dblEl,1,full_unprescaled_member_covers_run,True,2e-12
2022,2022EE,361283,Trigger_dblMu,1,full_unprescaled_member_covers_run,True,2e-12
2022,2022EE,361283,Trigger_sngEl,1,full_unprescaled_member_covers_run,True,2e-12
2022,2022EE,361283,Trigger_sngMu,1,full_unprescaled_member_covers_run,True,2e-12
2022,2022EE,361283,Trigger_Muon,2,full_unprescaled_member_covers_run,True,2e-12
2022,2022EE,361283,Trigger_EGamma,2,full_unprescaled_member_covers_run,True,2e-12
2022,2022EE,361283,Trigger_Any,7,full_unprescaled_member_covers_run,True,2e-12
2022,2022EE,361284,Trigger_ElMu,3,full_unprescaled_member_covers_run,True,2e-12
2022,2022EE,361284,Trigger_dblEl,1,full_unprescaled_member_covers_run,True,2e-12
2022,2022EE,361284,Trigger_dblMu,1,full_unprescaled_member_covers_run,True,2e-12
2022,2022EE,361284,Trigger_sngEl,1,full_unprescaled_member_covers_run,True,2e-12
2022,2022EE,361284,Trigger_sngMu,1,full_unprescaled_member_covers_run,True,2e-12
2022,2022EE,361284,Trigger_Muon,2,full_unprescaled_member_covers_run,True,2e-12
2022,2022EE,361284,Trigger_EGamma,2,full_unprescaled_member_covers_run,True,2e-12
2022,2022EE,361284,Trigger_Any,7,full_unprescaled_member_covers_run,True,2e-12
2022,2022EE,361297,Trigger_ElMu,3,full_unprescaled_member_covers_run,True,2e-12
2022,2022EE,361297,Trigger_dblEl,1,validated_unprescaled_partial_ls_union,True,2e-12
2022,2022EE,361297,Trigger_dblMu,1,validated_unprescaled_partial_ls_union,True,2e-12
2022,2022EE,361297,Trigger_sngEl,1,validated_unprescaled_partial_ls_union,True,2e-12
2022,2022EE,361297,Trigger_sngMu,1,validated_unprescaled_partial_ls_union,True,2e-12
2022,2022EE,361297,Trigger_Muon,2,validated_unprescaled_partial_ls_union,True,2e-12
2022,2022EE,361297,Trigger_EGamma,2,validated_unprescaled_partial_ls_union,True,2e-12
2022,2022EE,361297,Trigger_Any,7,full_unprescaled_member_covers_run,True,2e-12
2022,2022EE,361303,Trigger_ElMu,3,full_unprescaled_member_covers_run,True,2e-12
2022,2022EE,361303,Trigger_dblEl,1,full_unprescaled_member_covers_run,True,2e-12
2022,2022EE,361303,Trigger_dblMu,1,full_unprescaled_member_covers_run,True,2e-12
2022,2022EE,361303,Trigger_sngEl,1,full_unprescaled_member_covers_run,True,2e-12
2022,2022EE,361303,Trigger_sngMu,1,full_unprescaled_member_covers_run,True,2e-12
2022,2022EE,361303,Trigger_Muon,2,full_unprescaled_member_covers_run,True,2e-12
2022,2022EE,361303,Trigger_EGamma,2,full_unprescaled_member_covers_run,True,2e-12
2022,2022EE,361303,Trigger_Any,7,full_unprescaled_member_covers_run,True,2e-12
2022,2022EE,361318,Trigger_ElMu,3,full_unprescaled_member_covers_run,True,2e-12
2022,2022EE,361318,Trigger_dblEl,1,full_unprescaled_member_covers_run,True,2e-12
2022,2022EE,361318,Trigger_dblMu,1,full_unprescaled_member_covers_run,True,2e-12
2022,2022EE,361318,Trigger_sngEl,1,full_unprescaled_member_covers_run,True,2e-12
2022,2022EE,361318,Trigger_sngMu,1,full_unprescaled_member_covers_run,True,2e-12
2022,2022EE,361318,Trigger_Muon,2,full_unprescaled_member_covers_run,True,2e-12
2022,2022EE,361318,Trigger_EGamma,2,full_unprescaled_member_covers_run,True,2e-12
2022,2022EE,361318,Trigger_Any,7,full_unprescaled_member_covers_run,True,2e-12
2022,2022EE,361319,Trigger_ElMu,3,full_unprescaled_member_covers_run,True,2e-12
2022,2022EE,361319,Trigger_dblEl,1,full_unprescaled_member_covers_run,True,2e-12
2022,2022EE,361319,Trigger_dblMu,1,full_unprescaled_member_covers_run,True,2e-12
2022,2022EE,361319,Trigger_sngEl,1,full_unprescaled_member_covers_run,True,2e-12
2022,2022EE,361319,Trigger_sngMu,1,full_unprescaled_member_covers_run,True,2e-12
2022,2022EE,361319,Trigger_Muon,2,full_unprescaled_member_covers_run,True,2e-12
2022,2022EE,361319,Trigger_EGamma,2,full_unprescaled_member_covers_run,True,2e-12
2022,2022EE,361319,Trigger_Any,7,full_unprescaled_member_covers_run,True,2e-12
2022,2022EE,361320,Trigger_ElMu,3,full_unprescaled_member_covers_run,True,2e-12
2022,2022EE,361320,Trigger_dblEl,1,full_unprescaled_member_covers_run,True,2e-12
2022,2022EE,361320,Trigger_dblMu,1,full_unprescaled_member_covers_run,True,2e-12
2022,2022EE,361320,Trigger_sngEl,1,full_unprescaled_member_covers_run,True,2e-12
2022,2022EE,361320,Trigger_sngMu,1,full_unprescaled_member_covers_run,True,2e-12
2022,2022EE,361320,Trigger_Muon,2,full_unprescaled_member_covers_run,True,2e-12
2022,2022EE,361320,Trigger_EGamma,2,full_unprescaled_member_covers_run,True,2e-12
2022,2022EE,361320,Trigger_Any,7,full_unprescaled_member_covers_run,True,2e-12
2022,2022EE,361333,Trigger_ElMu,3,full_unprescaled_member_covers_run,True,2e-12
2022,2022EE,361333,Trigger_dblEl,1,full_unprescaled_member_covers_run,True,2e-12
2022,2022EE,361333,Trigger_dblMu,1,full_unprescaled_member_covers_run,True,2e-12
2022,2022EE,361333,Trigger_sngEl,1,full_unprescaled_member_covers_run,True,2e-12
2022,2022EE,361333,Trigger_sngMu,1,full_unprescaled_member_covers_run,True,2e-12
2022,2022EE,361333,Trigger_Muon,2,full_unprescaled_member_covers_run,True,2e-12
2022,2022EE,361333,Trigger_EGamma,2,full_unprescaled_member_covers_run,True,2e-12
2022,2022EE,361333,Trigger_Any,7,full_unprescaled_member_covers_run,True,2e-12
2022,2022EE,361361,Trigger_ElMu,3,full_unprescaled_member_covers_run,True,2e-12
2022,2022EE,361361,Trigger_dblEl,1,full_unprescaled_member_covers_run,True,2e-12
2022,2022EE,361361,Trigger_dblMu,1,full_unprescaled_member_covers_run,True,2e-12
2022,2022EE,361361,Trigger_sngEl,1,full_unprescaled_member_covers_run,True,2e-12
2022,2022EE,361361,Trigger_sngMu,1,full_unprescaled_member_covers_run,True,2e-12
2022,2022EE,361361,Trigger_Muon,2,full_unprescaled_member_covers_run,True,2e-12
2022,2022EE,361361,Trigger_EGamma,2,full_unprescaled_member_covers_run,True,2e-12
2022,2022EE,361361,Trigger_Any,7,full_unprescaled_member_covers_run,True,2e-12
2022,2022EE,361362,Trigger_ElMu,3,full_unprescaled_member_covers_run,True,2e-12
2022,2022EE,361362,Trigger_dblEl,1,full_unprescaled_member_covers_run,True,2e-12
2022,2022EE,361362,Trigger_dblMu,1,full_unprescaled_member_covers_run,True,2e-12
2022,2022EE,361362,Trigger_sngEl,1,full_unprescaled_member_covers_run,True,2e-12
2022,2022EE,361362,Trigger_sngMu,1,full_unprescaled_member_covers_run,True,2e-12
2022,2022EE,361362,Trigger_Muon,2,full_unprescaled_member_covers_run,True,2e-12
2022,2022EE,361362,Trigger_EGamma,2,full_unprescaled_member_covers_run,True,2e-12
2022,2022EE,361362,Trigger_Any,7,full_unprescaled_member_covers_run,True,2e-12
2022,2022EE,361363,Trigger_ElMu,3,full_unprescaled_member_covers_run,True,2e-12
2022,2022EE,361363,Trigger_dblEl,1,full_unprescaled_member_covers_run,True,2e-12
2022,2022EE,361363,Trigger_dblMu,1,full_unprescaled_member_covers_run,True,2e-12
2022,2022EE,361363,Trigger_sngEl,1,full_unprescaled_member_covers_run,True,2e-12
2022,2022EE,361363,Trigger_sngMu,1,full_unprescaled_member_covers_run,True,2e-12
2022,2022EE,361363,Trigger_Muon,2,full_unprescaled_member_covers_run,True,2e-12
2022,2022EE,361363,Trigger_EGamma,2,full_unprescaled_member_covers_run,True,2e-12
2022,2022EE,361363,Trigger_Any,7,full_unprescaled_member_covers_run,True,2e-12
2022,2022EE,361365,Trigger_ElMu,3,full_unprescaled_member_covers_run,True,2e-12
2022,2022EE,361365,Trigger_dblEl,1,full_unprescaled_member_covers_run,True,2e-12
2022,2022EE,361365,Trigger_dblMu,1,full_unprescaled_member_covers_run,True,2e-12
2022,2022EE,361365,Trigger_sngEl,1,full_unprescaled_member_covers_run,True,2e-12
2022,2022EE,361365,Trigger_sngMu,1,full_unprescaled_member_covers_run,True,2e-12
2022,2022EE,361365,Trigger_Muon,2,full_unprescaled_member_covers_run,True,2e-12
2022,2022EE,361365,Trigger_EGamma,2,full_unprescaled_member_covers_run,True,2e-12
2022,2022EE,361365,Trigger_Any,7,full_unprescaled_member_covers_run,True,2e-12
2022,2022EE,361366,Trigger_ElMu,3,full_unprescaled_member_covers_run,True,2e-12
2022,2022EE,361366,Trigger_dblEl,1,full_unprescaled_member_covers_run,True,2e-12
2022,2022EE,361366,Trigger_dblMu,1,full_unprescaled_member_covers_run,True,2e-12
2022,2022EE,361366,Trigger_sngEl,1,full_unprescaled_member_covers_run,True,2e-12
2022,2022EE,361366,Trigger_sngMu,1,full_unprescaled_member_covers_run,True,2e-12
2022,2022EE,361366,Trigger_Muon,2,full_unprescaled_member_covers_run,True,2e-12
2022,2022EE,361366,Trigger_EGamma,2,full_unprescaled_member_covers_run,True,2e-12
2022,2022EE,361366,Trigger_Any,7,full_unprescaled_member_covers_run,True,2e-12
2022,2022EE,361400,Trigger_ElMu,3,full_unprescaled_member_covers_run,True,2e-12
2022,2022EE,361400,Trigger_dblEl,1,full_unprescaled_member_covers_run,True,2e-12
2022,2022EE,361400,Trigger_dblMu,1,full_unprescaled_member_covers_run,True,2e-12
2022,2022EE,361400,Trigger_sngEl,1,full_unprescaled_member_covers_run,True,2e-12
2022,2022EE,361400,Trigger_sngMu,1,full_unprescaled_member_covers_run,True,2e-12
2022,2022EE,361400,Trigger_Muon,2,full_unprescaled_member_covers_run,True,2e-12
2022,2022EE,361400,Trigger_EGamma,2,full_unprescaled_member_covers_run,True,2e-12
2022,2022EE,361400,Trigger_Any,7,full_unprescaled_member_covers_run,True,2e-12
2022,2022EE,361417,Trigger_ElMu,3,full_unprescaled_member_covers_run,True,2e-12
2022,2022EE,361417,Trigger_dblEl,1,validated_unprescaled_partial_ls_union,True,2e-12
2022,2022EE,361417,Trigger_dblMu,1,full_unprescaled_member_covers_run,True,2e-12
2022,2022EE,361417,Trigger_sngEl,1,validated_unprescaled_partial_ls_union,True,2e-12
2022,2022EE,361417,Trigger_sngMu,1,full_unprescaled_member_covers_run,True,2e-12
2022,2022EE,361417,Trigger_Muon,2,full_unprescaled_member_covers_run,True,2e-12
2022,2022EE,361417,Trigger_EGamma,2,validated_unprescaled_partial_ls_union,True,2e-12
2022,2022EE,361417,Trigger_Any,7,full_unprescaled_member_covers_run,True,2e-12
2022,2022EE,361443,Trigger_ElMu,3,full_unprescaled_member_covers_run,True,2e-12
2022,2022EE,361443,Trigger_dblEl,1,full_unprescaled_member_covers_run,True,2e-12
2022,2022EE,361443,Trigger_dblMu,1,full_unprescaled_member_covers_run,True,2e-12
2022,2022EE,361443,Trigger_sngEl,1,full_unprescaled_member_covers_run,True,2e-12
2022,2022EE,361443,Trigger_sngMu,1,full_unprescaled_member_covers_run,True,2e-12
2022,2022EE,361443,Trigger_Muon,2,full_unprescaled_member_covers_run,True,2e-12
2022,2022EE,361443,Trigger_EGamma,2,full_unprescaled_member_covers_run,True,2e-12
2022,2022EE,361443,Trigger_Any,7,full_unprescaled_member_covers_run,True,2e-12
2022,2022EE,361468,Trigger_ElMu,3,validated_unprescaled_partial_ls_union,True,2e-12
2022,2022EE,361468,Trigger_dblEl,1,full_unprescaled_member_covers_run,True,2e-12
2022,2022EE,361468,Trigger_dblMu,1,full_unprescaled_member_covers_run,True,2e-12
2022,2022EE,361468,Trigger_sngEl,1,full_unprescaled_member_covers_run,True,2e-12
2022,2022EE,361468,Trigger_sngMu,1,full_unprescaled_member_covers_run,True,2e-12
2022,2022EE,361468,Trigger_Muon,2,full_unprescaled_member_covers_run,True,2e-12
2022,2022EE,361468,Trigger_EGamma,2,full_unprescaled_member_covers_run,True,2e-12
2022,2022EE,361468,Trigger_Any,7,full_unprescaled_member_covers_run,True,2e-12
2022,2022EE,361475,Trigger_ElMu,3,full_unprescaled_member_covers_run,True,2e-12
2022,2022EE,361475,Trigger_dblEl,1,full_unprescaled_member_covers_run,True,2e-12
2022,2022EE,361475,Trigger_dblMu,1,full_unprescaled_member_covers_run,True,2e-12
2022,2022EE,361475,Trigger_sngEl,1,full_unprescaled_member_covers_run,True,2e-12
2022,2022EE,361475,Trigger_sngMu,1,full_unprescaled_member_covers_run,True,2e-12
2022,2022EE,361475,Trigger_Muon,2,full_unprescaled_member_covers_run,True,2e-12
2022,2022EE,361475,Trigger_EGamma,2,full_unprescaled_member_covers_run,True,2e-12
2022,2022EE,361475,Trigger_Any,7,full_unprescaled_member_covers_run,True,2e-12
2022,2022EE,361512,Trigger_ElMu,3,full_unprescaled_member_covers_run,True,2e-12
2022,2022EE,361512,Trigger_dblEl,1,full_unprescaled_member_covers_run,True,2e-12
2022,2022EE,361512,Trigger_dblMu,1,full_unprescaled_member_covers_run,True,2e-12
2022,2022EE,361512,Trigger_sngEl,1,full_unprescaled_member_covers_run,True,2e-12
2022,2022EE,361512,Trigger_sngMu,1,full_unprescaled_member_covers_run,True,2e-12
2022,2022EE,361512,Trigger_Muon,2,full_unprescaled_member_covers_run,True,2e-12
2022,2022EE,361512,Trigger_EGamma,2,full_unprescaled_member_covers_run,True,2e-12
2022,2022EE,361512,Trigger_Any,7,full_unprescaled_member_covers_run,True,2e-12
2022,2022EE,361569,Trigger_ElMu,3,full_unprescaled_member_covers_run,True,2e-12
2022,2022EE,361569,Trigger_dblEl,1,full_unprescaled_member_covers_run,True,2e-12
2022,2022EE,361569,Trigger_dblMu,1,full_unprescaled_member_covers_run,True,2e-12
2022,2022EE,361569,Trigger_sngEl,1,full_unprescaled_member_covers_run,True,2e-12
2022,2022EE,361569,Trigger_sngMu,1,full_unprescaled_member_covers_run,True,2e-12
2022,2022EE,361569,Trigger_Muon,2,full_unprescaled_member_covers_run,True,2e-12
2022,2022EE,361569,Trigger_EGamma,2,full_unprescaled_member_covers_run,True,2e-12
2022,2022EE,361569,Trigger_Any,7,full_unprescaled_member_covers_run,True,2e-12
2022,2022EE,361573,Trigger_ElMu,3,full_unprescaled_member_covers_run,True,2e-12
2022,2022EE,361573,Trigger_dblEl,1,full_unprescaled_member_covers_run,True,2e-12
2022,2022EE,361573,Trigger_dblMu,1,full_unprescaled_member_covers_run,True,2e-12
2022,2022EE,361573,Trigger_sngEl,1,full_unprescaled_member_covers_run,True,2e-12
2022,2022EE,361573,Trigger_sngMu,1,full_unprescaled_member_covers_run,True,2e-12
2022,2022EE,361573,Trigger_Muon,2,full_unprescaled_member_covers_run,True,2e-12
2022,2022EE,361573,Trigger_EGamma,2,full_unprescaled_member_covers_run,True,2e-12
2022,2022EE,361573,Trigger_Any,7,full_unprescaled_member_covers_run,True,2e-12
2022,2022EE,361579,Trigger_ElMu,3,full_unprescaled_member_covers_run,True,2e-12
2022,2022EE,361579,Trigger_dblEl,1,full_unprescaled_member_covers_run,True,2e-12
2022,2022EE,361579,Trigger_dblMu,1,validated_unprescaled_partial_ls_union,True,2e-12
2022,2022EE,361579,Trigger_sngEl,1,full_unprescaled_member_covers_run,True,2e-12
2022,2022EE,361579,Trigger_sngMu,1,validated_unprescaled_partial_ls_union,True,2e-12
2022,2022EE,361579,Trigger_Muon,2,validated_unprescaled_partial_ls_union,True,2e-12
2022,2022EE,361579,Trigger_EGamma,2,full_unprescaled_member_covers_run,True,2e-12
2022,2022EE,361579,Trigger_Any,7,full_unprescaled_member_covers_run,True,2e-12
2022,2022EE,361580,Trigger_ElMu,3,full_unprescaled_member_covers_run,True,2e-12
2022,2022EE,361580,Trigger_dblEl,1,full_unprescaled_member_covers_run,True,2e-12
2022,2022EE,361580,Trigger_dblMu,1,full_unprescaled_member_covers_run,True,2e-12
2022,2022EE,361580,Trigger_sngEl,1,full_unprescaled_member_covers_run,True,2e-12
2022,2022EE,361580,Trigger_sngMu,1,full_unprescaled_member_covers_run,True,2e-12
2022,2022EE,361580,Trigger_Muon,2,full_unprescaled_member_covers_run,True,2e-12
2022,2022EE,361580,Trigger_EGamma,2,full_unprescaled_member_covers_run,True,2e-12
2022,2022EE,361580,Trigger_Any,7,full_unprescaled_member_covers_run,True,2e-12
2022,2022EE,361957,Trigger_ElMu,3,full_unprescaled_member_covers_run,True,2e-12
2022,2022EE,361957,Trigger_dblEl,1,full_unprescaled_member_covers_run,True,2e-12
2022,2022EE,361957,Trigger_dblMu,1,full_unprescaled_member_covers_run,True,2e-12
2022,2022EE,361957,Trigger_sngEl,1,full_unprescaled_member_covers_run,True,2e-12
2022,2022EE,361957,Trigger_sngMu,1,full_unprescaled_member_covers_run,True,2e-12
2022,2022EE,361957,Trigger_Muon,2,full_unprescaled_member_covers_run,True,2e-12
2022,2022EE,361957,Trigger_EGamma,2,full_unprescaled_member_covers_run,True,2e-12
2022,2022EE,361957,Trigger_Any,7,full_unprescaled_member_covers_run,True,2e-12
2022,2022EE,361971,Trigger_ElMu,3,full_unprescaled_member_covers_run,True,2e-12
2022,2022EE,361971,Trigger_dblEl,1,full_unprescaled_member_covers_run,True,2e-12
2022,2022EE,361971,Trigger_dblMu,1,full_unprescaled_member_covers_run,True,2e-12
2022,2022EE,361971,Trigger_sngEl,1,full_unprescaled_member_covers_run,True,2e-12
2022,2022EE,361971,Trigger_sngMu,1,full_unprescaled_member_covers_run,True,2e-12
2022,2022EE,361971,Trigger_Muon,2,full_unprescaled_member_covers_run,True,2e-12
2022,2022EE,361971,Trigger_EGamma,2,full_unprescaled_member_covers_run,True,2e-12
2022,2022EE,361971,Trigger_Any,7,full_unprescaled_member_covers_run,True,2e-12
2022,2022EE,361989,Trigger_ElMu,3,full_unprescaled_member_covers_run,True,2e-12
2022,2022EE,361989,Trigger_dblEl,1,full_unprescaled_member_covers_run,True,2e-12
2022,2022EE,361989,Trigger_dblMu,1,full_unprescaled_member_covers_run,True,2e-12
2022,2022EE,361989,Trigger_sngEl,1,full_unprescaled_member_covers_run,True,2e-12
2022,2022EE,361989,Trigger_sngMu,1,full_unprescaled_member_covers_run,True,2e-12
2022,2022EE,361989,Trigger_Muon,2,full_unprescaled_member_covers_run,True,2e-12
2022,2022EE,361989,Trigger_EGamma,2,full_unprescaled_member_covers_run,True,2e-12
2022,2022EE,361989,Trigger_Any,7,full_unprescaled_member_covers_run,True,2e-12
2022,2022EE,361990,Trigger_ElMu,3,full_unprescaled_member_covers_run,True,2e-12
2022,2022EE,361990,Trigger_dblEl,1,full_unprescaled_member_covers_run,True,2e-12
2022,2022EE,361990,Trigger_dblMu,1,full_unprescaled_member_covers_run,True,2e-12
2022,2022EE,361990,Trigger_sngEl,1,full_unprescaled_member_covers_run,True,2e-12
2022,2022EE,361990,Trigger_sngMu,1,full_unprescaled_member_covers_run,True,2e-12
2022,2022EE,361990,Trigger_Muon,2,full_unprescaled_member_covers_run,True,2e-12
2022,2022EE,361990,Trigger_EGamma,2,full_unprescaled_member_covers_run,True,2e-12
2022,2022EE,361990,Trigger_Any,7,full_unprescaled_member_covers_run,True,2e-12
2022,2022EE,361994,Trigger_ElMu,3,full_unprescaled_member_covers_run,True,2e-12
2022,2022EE,361994,Trigger_dblEl,1,full_unprescaled_member_covers_run,True,2e-12
2022,2022EE,361994,Trigger_dblMu,1,full_unprescaled_member_covers_run,True,2e-12
2022,2022EE,361994,Trigger_sngEl,1,full_unprescaled_member_covers_run,True,2e-12
2022,2022EE,361994,Trigger_sngMu,1,full_unprescaled_member_covers_run,True,2e-12
2022,2022EE,361994,Trigger_Muon,2,full_unprescaled_member_covers_run,True,2e-12
2022,2022EE,361994,Trigger_EGamma,2,full_unprescaled_member_covers_run,True,2e-12
2022,2022EE,361994,Trigger_Any,7,full_unprescaled_member_covers_run,True,2e-12
2022,2022EE,362058,Trigger_ElMu,3,full_unprescaled_member_covers_run,True,2e-12
2022,2022EE,362058,Trigger_dblEl,1,full_unprescaled_member_covers_run,True,2e-12
2022,2022EE,362058,Trigger_dblMu,1,full_unprescaled_member_covers_run,True,2e-12
2022,2022EE,362058,Trigger_sngEl,1,full_unprescaled_member_covers_run,True,2e-12
2022,2022EE,362058,Trigger_sngMu,1,full_unprescaled_member_covers_run,True,2e-12
2022,2022EE,362058,Trigger_Muon,2,full_unprescaled_member_covers_run,True,2e-12
2022,2022EE,362058,Trigger_EGamma,2,full_unprescaled_member_covers_run,True,2e-12
2022,2022EE,362058,Trigger_Any,7,full_unprescaled_member_covers_run,True,2e-12
2022,2022EE,362059,Trigger_ElMu,3,full_unprescaled_member_covers_run,True,2e-12
2022,2022EE,362059,Trigger_dblEl,1,full_unprescaled_member_covers_run,True,2e-12
2022,2022EE,362059,Trigger_dblMu,1,full_unprescaled_member_covers_run,True,2e-12
2022,2022EE,362059,Trigger_sngEl,1,full_unprescaled_member_covers_run,True,2e-12
2022,2022EE,362059,Trigger_sngMu,1,full_unprescaled_member_covers_run,True,2e-12
2022,2022EE,362059,Trigger_Muon,2,full_unprescaled_member_covers_run,True,2e-12
2022,2022EE,362059,Trigger_EGamma,2,full_unprescaled_member_covers_run,True,2e-12
2022,2022EE,362059,Trigger_Any,7,full_unprescaled_member_covers_run,True,2e-12
2022,2022EE,362060,Trigger_ElMu,3,full_unprescaled_member_covers_run,True,2e-12
2022,2022EE,362060,Trigger_dblEl,1,full_unprescaled_member_covers_run,True,2e-12
2022,2022EE,362060,Trigger_dblMu,1,full_unprescaled_member_covers_run,True,2e-12
2022,2022EE,362060,Trigger_sngEl,1,full_unprescaled_member_covers_run,True,2e-12
2022,2022EE,362060,Trigger_sngMu,1,full_unprescaled_member_covers_run,True,2e-12
2022,2022EE,362060,Trigger_Muon,2,full_unprescaled_member_covers_run,True,2e-12
2022,2022EE,362060,Trigger_EGamma,2,full_unprescaled_member_covers_run,True,2e-12
2022,2022EE,362060,Trigger_Any,7,full_unprescaled_member_covers_run,True,2e-12
2022,2022EE,362061,Trigger_ElMu,3,full_unprescaled_member_covers_run,True,2e-12
2022,2022EE,362061,Trigger_dblEl,1,full_unprescaled_member_covers_run,True,2e-12
2022,2022EE,362061,Trigger_dblMu,1,full_unprescaled_member_covers_run,True,2e-12
2022,2022EE,362061,Trigger_sngEl,1,full_unprescaled_member_covers_run,True,2e-12
2022,2022EE,362061,Trigger_sngMu,1,full_unprescaled_member_covers_run,True,2e-12
2022,2022EE,362061,Trigger_Muon,2,full_unprescaled_member_covers_run,True,2e-12
2022,2022EE,362061,Trigger_EGamma,2,full_unprescaled_member_covers_run,True,2e-12
2022,2022EE,362061,Trigger_Any,7,full_unprescaled_member_covers_run,True,2e-12
2022,2022EE,362062,Trigger_ElMu,3,full_unprescaled_member_covers_run,True,2e-12
2022,2022EE,362062,Trigger_dblEl,1,full_unprescaled_member_covers_run,True,2e-12
2022,2022EE,362062,Trigger_dblMu,1,full_unprescaled_member_covers_run,True,2e-12
2022,2022EE,362062,Trigger_sngEl,1,full_unprescaled_member_covers_run,True,2e-12
2022,2022EE,362062,Trigger_sngMu,1,full_unprescaled_member_covers_run,True,2e-12
2022,2022EE,362062,Trigger_Muon,2,full_unprescaled_member_covers_run,True,2e-12
2022,2022EE,362062,Trigger_EGamma,2,full_unprescaled_member_covers_run,True,2e-12
2022,2022EE,362062,Trigger_Any,7,full_unprescaled_member_covers_run,True,2e-12
2022,2022EE,362063,Trigger_ElMu,3,full_unprescaled_member_covers_run,True,2e-12
2022,2022EE,362063,Trigger_dblEl,1,full_unprescaled_member_covers_run,True,2e-12
2022,2022EE,362063,Trigger_dblMu,1,full_unprescaled_member_covers_run,True,2e-12
2022,2022EE,362063,Trigger_sngEl,1,full_unprescaled_member_covers_run,True,2e-12
2022,2022EE,362063,Trigger_sngMu,1,full_unprescaled_member_covers_run,True,2e-12
2022,2022EE,362063,Trigger_Muon,2,full_unprescaled_member_covers_run,True,2e-12
2022,2022EE,362063,Trigger_EGamma,2,full_unprescaled_member_covers_run,True,2e-12
2022,2022EE,362063,Trigger_Any,7,full_unprescaled_member_covers_run,True,2e-12
2022,2022EE,362064,Trigger_ElMu,3,full_unprescaled_member_covers_run,True,2e-12
2022,2022EE,362064,Trigger_dblEl,1,full_unprescaled_member_covers_run,True,2e-12
2022,2022EE,362064,Trigger_dblMu,1,full_unprescaled_member_covers_run,True,2e-12
2022,2022EE,362064,Trigger_sngEl,1,full_unprescaled_member_covers_run,True,2e-12
2022,2022EE,362064,Trigger_sngMu,1,full_unprescaled_member_covers_run,True,2e-12
2022,2022EE,362064,Trigger_Muon,2,full_unprescaled_member_covers_run,True,2e-12
2022,2022EE,362064,Trigger_EGamma,2,full_unprescaled_member_covers_run,True,2e-12
2022,2022EE,362064,Trigger_Any,7,full_unprescaled_member_covers_run,True,2e-12
2022,2022EE,362087,Trigger_ElMu,3,full_unprescaled_member_covers_run,True,2e-12
2022,2022EE,362087,Trigger_dblEl,1,full_unprescaled_member_covers_run,True,2e-12
2022,2022EE,362087,Trigger_dblMu,1,full_unprescaled_member_covers_run,True,2e-12
2022,2022EE,362087,Trigger_sngEl,1,full_unprescaled_member_covers_run,True,2e-12
2022,2022EE,362087,Trigger_sngMu,1,full_unprescaled_member_covers_run,True,2e-12
2022,2022EE,362087,Trigger_Muon,2,full_unprescaled_member_covers_run,True,2e-12
2022,2022EE,362087,Trigger_EGamma,2,full_unprescaled_member_covers_run,True,2e-12
2022,2022EE,362087,Trigger_Any,7,full_unprescaled_member_covers_run,True,2e-12
2022,2022EE,362091,Trigger_ElMu,3,full_unprescaled_member_covers_run,True,2e-12
2022,2022EE,362091,Trigger_dblEl,1,full_unprescaled_member_covers_run,True,2e-12
2022,2022EE,362091,Trigger_dblMu,1,full_unprescaled_member_covers_run,True,2e-12
2022,2022EE,362091,Trigger_sngEl,1,full_unprescaled_member_covers_run,True,2e-12
2022,2022EE,362091,Trigger_sngMu,1,full_unprescaled_member_covers_run,True,2e-12
2022,2022EE,362091,Trigger_Muon,2,full_unprescaled_member_covers_run,True,2e-12
2022,2022EE,362091,Trigger_EGamma,2,full_unprescaled_member_covers_run,True,2e-12
2022,2022EE,362091,Trigger_Any,7,full_unprescaled_member_covers_run,True,2e-12
2022,2022EE,362104,Trigger_ElMu,3,full_unprescaled_member_covers_run,True,2e-12
2022,2022EE,362104,Trigger_dblEl,1,full_unprescaled_member_covers_run,True,2e-12
2022,2022EE,362104,Trigger_dblMu,1,full_unprescaled_member_covers_run,True,2e-12
2022,2022EE,362104,Trigger_sngEl,1,full_unprescaled_member_covers_run,True,2e-12
2022,2022EE,362104,Trigger_sngMu,1,full_unprescaled_member_covers_run,True,2e-12
2022,2022EE,362104,Trigger_Muon,2,full_unprescaled_member_covers_run,True,2e-12
2022,2022EE,362104,Trigger_EGamma,2,full_unprescaled_member_covers_run,True,2e-12
2022,2022EE,362104,Trigger_Any,7,full_unprescaled_member_covers_run,True,2e-12
2022,2022EE,362105,Trigger_ElMu,3,full_unprescaled_member_covers_run,True,2e-12
2022,2022EE,362105,Trigger_dblEl,1,full_unprescaled_member_covers_run,True,2e-12
2022,2022EE,362105,Trigger_dblMu,1,full_unprescaled_member_covers_run,True,2e-12
2022,2022EE,362105,Trigger_sngEl,1,full_unprescaled_member_covers_run,True,2e-12
2022,2022EE,362105,Trigger_sngMu,1,full_unprescaled_member_covers_run,True,2e-12
2022,2022EE,362105,Trigger_Muon,2,full_unprescaled_member_covers_run,True,2e-12
2022,2022EE,362105,Trigger_EGamma,2,full_unprescaled_member_covers_run,True,2e-12
2022,2022EE,362105,Trigger_Any,7,full_unprescaled_member_covers_run,True,2e-12
2022,2022EE,362106,Trigger_ElMu,3,full_unprescaled_member_covers_run,True,2e-12
2022,2022EE,362106,Trigger_dblEl,1,full_unprescaled_member_covers_run,True,2e-12
2022,2022EE,362106,Trigger_dblMu,1,full_unprescaled_member_covers_run,True,2e-12
2022,2022EE,362106,Trigger_sngEl,1,full_unprescaled_member_covers_run,True,2e-12
2022,2022EE,362106,Trigger_sngMu,1,full_unprescaled_member_covers_run,True,2e-12
2022,2022EE,362106,Trigger_Muon,2,full_unprescaled_member_covers_run,True,2e-12
2022,2022EE,362106,Trigger_EGamma,2,full_unprescaled_member_covers_run,True,2e-12
2022,2022EE,362106,Trigger_Any,7,full_unprescaled_member_covers_run,True,2e-12
2022,2022EE,362107,Trigger_ElMu,3,full_unprescaled_member_covers_run,True,2e-12
2022,2022EE,362107,Trigger_dblEl,1,full_unprescaled_member_covers_run,True,2e-12
2022,2022EE,362107,Trigger_dblMu,1,full_unprescaled_member_covers_run,True,2e-12
2022,2022EE,362107,Trigger_sngEl,1,full_unprescaled_member_covers_run,True,2e-12
2022,2022EE,362107,Trigger_sngMu,1,full_unprescaled_member_covers_run,True,2e-12
2022,2022EE,362107,Trigger_Muon,2,full_unprescaled_member_covers_run,True,2e-12
2022,2022EE,362107,Trigger_EGamma,2,full_unprescaled_member_covers_run,True,2e-12
2022,2022EE,362107,Trigger_Any,7,full_unprescaled_member_covers_run,True,2e-12
2022,2022EE,362148,Trigger_ElMu,3,full_unprescaled_member_covers_run,True,2e-12
2022,2022EE,362148,Trigger_dblEl,1,full_unprescaled_member_covers_run,True,2e-12
2022,2022EE,362148,Trigger_dblMu,1,full_unprescaled_member_covers_run,True,2e-12
2022,2022EE,362148,Trigger_sngEl,1,full_unprescaled_member_covers_run,True,2e-12
2022,2022EE,362148,Trigger_sngMu,1,full_unprescaled_member_covers_run,True,2e-12
2022,2022EE,362148,Trigger_Muon,2,full_unprescaled_member_covers_run,True,2e-12
2022,2022EE,362148,Trigger_EGamma,2,full_unprescaled_member_covers_run,True,2e-12
2022,2022EE,362148,Trigger_Any,7,full_unprescaled_member_covers_run,True,2e-12
2022,2022EE,362153,Trigger_ElMu,3,full_unprescaled_member_covers_run,True,2e-12
2022,2022EE,362153,Trigger_dblEl,1,full_unprescaled_member_covers_run,True,2e-12
2022,2022EE,362153,Trigger_dblMu,1,full_unprescaled_member_covers_run,True,2e-12
2022,2022EE,362153,Trigger_sngEl,1,full_unprescaled_member_covers_run,True,2e-12
2022,2022EE,362153,Trigger_sngMu,1,full_unprescaled_member_covers_run,True,2e-12
2022,2022EE,362153,Trigger_Muon,2,full_unprescaled_member_covers_run,True,2e-12
2022,2022EE,362153,Trigger_EGamma,2,full_unprescaled_member_covers_run,True,2e-12
2022,2022EE,362153,Trigger_Any,7,full_unprescaled_member_covers_run,True,2e-12
2022,2022EE,362154,Trigger_ElMu,3,full_unprescaled_member_covers_run,True,2e-12
2022,2022EE,362154,Trigger_dblEl,1,full_unprescaled_member_covers_run,True,2e-12
2022,2022EE,362154,Trigger_dblMu,1,full_unprescaled_member_covers_run,True,2e-12
2022,2022EE,362154,Trigger_sngEl,1,full_unprescaled_member_covers_run,True,2e-12
2022,2022EE,362154,Trigger_sngMu,1,full_unprescaled_member_covers_run,True,2e-12
2022,2022EE,362154,Trigger_Muon,2,full_unprescaled_member_covers_run,True,2e-12
2022,2022EE,362154,Trigger_EGamma,2,full_unprescaled_member_covers_run,True,2e-12
2022,2022EE,362154,Trigger_Any,7,full_unprescaled_member_covers_run,True,2e-12
2022,2022EE,362159,Trigger_ElMu,3,full_unprescaled_member_covers_run,True,2e-12
2022,2022EE,362159,Trigger_dblEl,1,full_unprescaled_member_covers_run,True,2e-12
2022,2022EE,362159,Trigger_dblMu,1,full_unprescaled_member_covers_run,True,2e-12
2022,2022EE,362159,Trigger_sngEl,1,full_unprescaled_member_covers_run,True,2e-12
2022,2022EE,362159,Trigger_sngMu,1,full_unprescaled_member_covers_run,True,2e-12
2022,2022EE,362159,Trigger_Muon,2,full_unprescaled_member_covers_run,True,2e-12
2022,2022EE,362159,Trigger_EGamma,2,full_unprescaled_member_covers_run,True,2e-12
2022,2022EE,362159,Trigger_Any,7,full_unprescaled_member_covers_run,True,2e-12
2022,2022EE,362161,Trigger_ElMu,3,full_unprescaled_member_covers_run,True,2e-12
2022,2022EE,362161,Trigger_dblEl,1,full_unprescaled_member_covers_run,True,2e-12
2022,2022EE,362161,Trigger_dblMu,1,full_unprescaled_member_covers_run,True,2e-12
2022,2022EE,362161,Trigger_sngEl,1,full_unprescaled_member_covers_run,True,2e-12
2022,2022EE,362161,Trigger_sngMu,1,full_unprescaled_member_covers_run,True,2e-12
2022,2022EE,362161,Trigger_Muon,2,full_unprescaled_member_covers_run,True,2e-12
2022,2022EE,362161,Trigger_EGamma,2,full_unprescaled_member_covers_run,True,2e-12
2022,2022EE,362161,Trigger_Any,7,full_unprescaled_member_covers_run,True,2e-12
2022,2022EE,362163,Trigger_ElMu,3,full_unprescaled_member_covers_run,True,2e-12
2022,2022EE,362163,Trigger_dblEl,1,full_unprescaled_member_covers_run,True,2e-12
2022,2022EE,362163,Trigger_dblMu,1,full_unprescaled_member_covers_run,True,2e-12
2022,2022EE,362163,Trigger_sngEl,1,full_unprescaled_member_covers_run,True,2e-12
2022,2022EE,362163,Trigger_sngMu,1,full_unprescaled_member_covers_run,True,2e-12
2022,2022EE,362163,Trigger_Muon,2,full_unprescaled_member_covers_run,True,2e-12
2022,2022EE,362163,Trigger_EGamma,2,full_unprescaled_member_covers_run,True,2e-12
2022,2022EE,362163,Trigger_Any,7,full_unprescaled_member_covers_run,True,2e-12
2022,2022EE,362166,Trigger_ElMu,3,full_unprescaled_member_covers_run,True,2e-12
2022,2022EE,362166,Trigger_dblEl,1,full_unprescaled_member_covers_run,True,2e-12
2022,2022EE,362166,Trigger_dblMu,1,full_unprescaled_member_covers_run,True,2e-12
2022,2022EE,362166,Trigger_sngEl,1,full_unprescaled_member_covers_run,True,2e-12
2022,2022EE,362166,Trigger_sngMu,1,full_unprescaled_member_covers_run,True,2e-12
2022,2022EE,362166,Trigger_Muon,2,full_unprescaled_member_covers_run,True,2e-12
2022,2022EE,362166,Trigger_EGamma,2,full_unprescaled_member_covers_run,True,2e-12
2022,2022EE,362166,Trigger_Any,7,full_unprescaled_member_covers_run,True,2e-12
2022,2022EE,362167,Trigger_ElMu,3,full_unprescaled_member_covers_run,True,2e-12
2022,2022EE,362167,Trigger_dblEl,1,full_unprescaled_member_covers_run,True,2e-12
2022,2022EE,362167,Trigger_dblMu,1,full_unprescaled_member_covers_run,True,2e-12
2022,2022EE,362167,Trigger_sngEl,1,full_unprescaled_member_covers_run,True,2e-12
2022,2022EE,362167,Trigger_sngMu,1,full_unprescaled_member_covers_run,True,2e-12
2022,2022EE,362167,Trigger_Muon,2,full_unprescaled_member_covers_run,True,2e-12
2022,2022EE,362167,Trigger_EGamma,2,full_unprescaled_member_covers_run,True,2e-12
2022,2022EE,362167,Trigger_Any,7,full_unprescaled_member_covers_run,True,2e-12
2022,2022EE,362437,Trigger_ElMu,3,full_unprescaled_member_covers_run,True,2e-12
2022,2022EE,362437,Trigger_dblEl,1,full_unprescaled_member_covers_run,True,2e-12
2022,2022EE,362437,Trigger_dblMu,1,full_unprescaled_member_covers_run,True,2e-12
2022,2022EE,362437,Trigger_sngEl,1,full_unprescaled_member_covers_run,True,2e-12
2022,2022EE,362437,Trigger_sngMu,1,full_unprescaled_member_covers_run,True,2e-12
2022,2022EE,362437,Trigger_Muon,2,full_unprescaled_member_covers_run,True,2e-12
2022,2022EE,362437,Trigger_EGamma,2,full_unprescaled_member_covers_run,True,2e-12
2022,2022EE,362437,Trigger_Any,7,full_unprescaled_member_covers_run,True,2e-12
2022,2022EE,362439,Trigger_ElMu,3,full_unprescaled_member_covers_run,True,2e-12
2022,2022EE,362439,Trigger_dblEl,1,full_unprescaled_member_covers_run,True,2e-12
2022,2022EE,362439,Trigger_dblMu,1,full_unprescaled_member_covers_run,True,2e-12
2022,2022EE,362439,Trigger_sngEl,1,full_unprescaled_member_covers_run,True,2e-12
2022,2022EE,362439,Trigger_sngMu,1,full_unprescaled_member_covers_run,True,2e-12
2022,2022EE,362439,Trigger_Muon,2,full_unprescaled_member_covers_run,True,2e-12
2022,2022EE,362439,Trigger_EGamma,2,full_unprescaled_member_covers_run,True,2e-12
2022,2022EE,362439,Trigger_Any,7,full_unprescaled_member_covers_run,True,2e-12
2022,2022EE,362597,Trigger_ElMu,3,full_unprescaled_member_covers_run,True,2e-12
2022,2022EE,362597,Trigger_dblEl,1,full_unprescaled_member_covers_run,True,2e-12
2022,2022EE,362597,Trigger_dblMu,1,full_unprescaled_member_covers_run,True,2e-12
2022,2022EE,362597,Trigger_sngEl,1,full_unprescaled_member_covers_run,True,2e-12
2022,2022EE,362597,Trigger_sngMu,1,full_unprescaled_member_covers_run,True,2e-12
2022,2022EE,362597,Trigger_Muon,2,full_unprescaled_member_covers_run,True,2e-12
2022,2022EE,362597,Trigger_EGamma,2,full_unprescaled_member_covers_run,True,2e-12
2022,2022EE,362597,Trigger_Any,7,full_unprescaled_member_covers_run,True,2e-12
2022,2022EE,362614,Trigger_ElMu,3,full_unprescaled_member_covers_run,True,2e-12
2022,2022EE,362614,Trigger_dblEl,1,full_unprescaled_member_covers_run,True,2e-12
2022,2022EE,362614,Trigger_dblMu,1,full_unprescaled_member_covers_run,True,2e-12
2022,2022EE,362614,Trigger_sngEl,1,full_unprescaled_member_covers_run,True,2e-12
2022,2022EE,362614,Trigger_sngMu,1,full_unprescaled_member_covers_run,True,2e-12
2022,2022EE,362614,Trigger_Muon,2,full_unprescaled_member_covers_run,True,2e-12
2022,2022EE,362614,Trigger_EGamma,2,full_unprescaled_member_covers_run,True,2e-12
2022,2022EE,362614,Trigger_Any,7,full_unprescaled_member_covers_run,True,2e-12
2022,2022EE,362615,Trigger_ElMu,3,full_unprescaled_member_covers_run,True,2e-12
2022,2022EE,362615,Trigger_dblEl,1,full_unprescaled_member_covers_run,True,2e-12
2022,2022EE,362615,Trigger_dblMu,1,full_unprescaled_member_covers_run,True,2e-12
2022,2022EE,362615,Trigger_sngEl,1,full_unprescaled_member_covers_run,True,2e-12
2022,2022EE,362615,Trigger_sngMu,1,full_unprescaled_member_covers_run,True,2e-12
2022,2022EE,362615,Trigger_Muon,2,full_unprescaled_member_covers_run,True,2e-12
2022,2022EE,362615,Trigger_EGamma,2,full_unprescaled_member_covers_run,True,2e-12
2022,2022EE,362615,Trigger_Any,7,full_unprescaled_member_covers_run,True,2e-12
2022,2022EE,362616,Trigger_ElMu,3,full_unprescaled_member_covers_run,True,2e-12
2022,2022EE,362616,Trigger_dblEl,1,full_unprescaled_member_covers_run,True,2e-12
2022,2022EE,362616,Trigger_dblMu,1,full_unprescaled_member_covers_run,True,2e-12
2022,2022EE,362616,Trigger_sngEl,1,full_unprescaled_member_covers_run,True,2e-12
2022,2022EE,362616,Trigger_sngMu,1,full_unprescaled_member_covers_run,True,2e-12
2022,2022EE,362616,Trigger_Muon,2,full_unprescaled_member_covers_run,True,2e-12
2022,2022EE,362616,Trigger_EGamma,2,full_unprescaled_member_covers_run,True,2e-12
2022,2022EE,362616,Trigger_Any,7,full_unprescaled_member_covers_run,True,2e-12
2022,2022EE,362617,Trigger_ElMu,3,full_unprescaled_member_covers_run,True,2e-12
2022,2022EE,362617,Trigger_dblEl,1,full_unprescaled_member_covers_run,True,2e-12
2022,2022EE,362617,Trigger_dblMu,1,full_unprescaled_member_covers_run,True,2e-12
2022,2022EE,362617,Trigger_sngEl,1,full_unprescaled_member_covers_run,True,2e-12
2022,2022EE,362617,Trigger_sngMu,1,full_unprescaled_member_covers_run,True,2e-12
2022,2022EE,362617,Trigger_Muon,2,full_unprescaled_member_covers_run,True,2e-12
2022,2022EE,362617,Trigger_EGamma,2,full_unprescaled_member_covers_run,True,2e-12
2022,2022EE,362617,Trigger_Any,7,full_unprescaled_member_covers_run,True,2e-12
2022,2022EE,362618,Trigger_ElMu,3,full_unprescaled_member_covers_run,True,2e-12
2022,2022EE,362618,Trigger_dblEl,1,full_unprescaled_member_covers_run,True,2e-12
2022,2022EE,362618,Trigger_dblMu,1,full_unprescaled_member_covers_run,True,2e-12
2022,2022EE,362618,Trigger_sngEl,1,full_unprescaled_member_covers_run,True,2e-12
2022,2022EE,362618,Trigger_sngMu,1,full_unprescaled_member_covers_run,True,2e-12
2022,2022EE,362618,Trigger_Muon,2,full_unprescaled_member_covers_run,True,2e-12
2022,2022EE,362618,Trigger_EGamma,2,full_unprescaled_member_covers_run,True,2e-12
2022,2022EE,362618,Trigger_Any,7,full_unprescaled_member_covers_run,True,2e-12
2022,2022EE,362653,Trigger_ElMu,3,full_unprescaled_member_covers_run,True,2e-12
2022,2022EE,362653,Trigger_dblEl,1,full_unprescaled_member_covers_run,True,2e-12
2022,2022EE,362653,Trigger_dblMu,1,full_unprescaled_member_covers_run,True,2e-12
2022,2022EE,362653,Trigger_sngEl,1,full_unprescaled_member_covers_run,True,2e-12
2022,2022EE,362653,Trigger_sngMu,1,full_unprescaled_member_covers_run,True,2e-12
2022,2022EE,362653,Trigger_Muon,2,full_unprescaled_member_covers_run,True,2e-12
2022,2022EE,362653,Trigger_EGamma,2,full_unprescaled_member_covers_run,True,2e-12
2022,2022EE,362653,Trigger_Any,7,full_unprescaled_member_covers_run,True,2e-12
2022,2022EE,362654,Trigger_ElMu,3,full_unprescaled_member_covers_run,True,2e-12
2022,2022EE,362654,Trigger_dblEl,1,full_unprescaled_member_covers_run,True,2e-12
2022,2022EE,362654,Trigger_dblMu,1,full_unprescaled_member_covers_run,True,2e-12
2022,2022EE,362654,Trigger_sngEl,1,full_unprescaled_member_covers_run,True,2e-12
2022,2022EE,362654,Trigger_sngMu,1,full_unprescaled_member_covers_run,True,2e-12
2022,2022EE,362654,Trigger_Muon,2,full_unprescaled_member_covers_run,True,2e-12
2022,2022EE,362654,Trigger_EGamma,2,full_unprescaled_member_covers_run,True,2e-12
2022,2022EE,362654,Trigger_Any,7,full_unprescaled_member_covers_run,True,2e-12
2022,2022EE,362655,Trigger_ElMu,3,full_unprescaled_member_covers_run,True,2e-12
2022,2022EE,362655,Trigger_dblEl,1,full_unprescaled_member_covers_run,True,2e-12
2022,2022EE,362655,Trigger_dblMu,1,full_unprescaled_member_covers_run,True,2e-12
2022,2022EE,362655,Trigger_sngEl,1,full_unprescaled_member_covers_run,True,2e-12
2022,2022EE,362655,Trigger_sngMu,1,full_unprescaled_member_covers_run,True,2e-12
2022,2022EE,362655,Trigger_Muon,2,full_unprescaled_member_covers_run,True,2e-12
2022,2022EE,362655,Trigger_EGamma,2,full_unprescaled_member_covers_run,True,2e-12
2022,2022EE,362655,Trigger_Any,7,full_unprescaled_member_covers_run,True,2e-12
2022,2022EE,362657,Trigger_ElMu,3,full_unprescaled_member_covers_run,True,2e-12
2022,2022EE,362657,Trigger_dblEl,1,full_unprescaled_member_covers_run,True,2e-12
2022,2022EE,362657,Trigger_dblMu,1,full_unprescaled_member_covers_run,True,2e-12
2022,2022EE,362657,Trigger_sngEl,1,full_unprescaled_member_covers_run,True,2e-12
2022,2022EE,362657,Trigger_sngMu,1,full_unprescaled_member_covers_run,True,2e-12
2022,2022EE,362657,Trigger_Muon,2,full_unprescaled_member_covers_run,True,2e-12
2022,2022EE,362657,Trigger_EGamma,2,full_unprescaled_member_covers_run,True,2e-12
2022,2022EE,362657,Trigger_Any,7,full_unprescaled_member_covers_run,True,2e-12
2022,2022EE,362695,Trigger_ElMu,3,full_unprescaled_member_covers_run,True,2e-12
2022,2022EE,362695,Trigger_dblEl,1,full_unprescaled_member_covers_run,True,2e-12
2022,2022EE,362695,Trigger_dblMu,1,full_unprescaled_member_covers_run,True,2e-12
2022,2022EE,362695,Trigger_sngEl,1,full_unprescaled_member_covers_run,True,2e-12
2022,2022EE,362695,Trigger_sngMu,1,full_unprescaled_member_covers_run,True,2e-12
2022,2022EE,362695,Trigger_Muon,2,full_unprescaled_member_covers_run,True,2e-12
2022,2022EE,362695,Trigger_EGamma,2,full_unprescaled_member_covers_run,True,2e-12
2022,2022EE,362695,Trigger_Any,7,full_unprescaled_member_covers_run,True,2e-12
2022,2022EE,362696,Trigger_ElMu,3,full_unprescaled_member_covers_run,True,2e-12
2022,2022EE,362696,Trigger_dblEl,1,validated_unprescaled_partial_ls_union,True,2e-12
2022,2022EE,362696,Trigger_dblMu,1,full_unprescaled_member_covers_run,True,2e-12
2022,2022EE,362696,Trigger_sngEl,1,validated_unprescaled_partial_ls_union,True,2e-12
2022,2022EE,362696,Trigger_sngMu,1,full_unprescaled_member_covers_run,True,2e-12
2022,2022EE,362696,Trigger_Muon,2,full_unprescaled_member_covers_run,True,2e-12
2022,2022EE,362696,Trigger_EGamma,2,validated_unprescaled_partial_ls_union,True,2e-12
2022,2022EE,362696,Trigger_Any,7,full_unprescaled_member_covers_run,True,2e-12
2022,2022EE,362698,Trigger_ElMu,3,full_unprescaled_member_covers_run,True,2e-12
2022,2022EE,362698,Trigger_dblEl,1,full_unprescaled_member_covers_run,True,2e-12
2022,2022EE,362698,Trigger_dblMu,1,full_unprescaled_member_covers_run,True,2e-12
2022,2022EE,362698,Trigger_sngEl,1,full_unprescaled_member_covers_run,True,2e-12
2022,2022EE,362698,Trigger_sngMu,1,full_unprescaled_member_covers_run,True,2e-12
2022,2022EE,362698,Trigger_Muon,2,full_unprescaled_member_covers_run,True,2e-12
2022,2022EE,362698,Trigger_EGamma,2,full_unprescaled_member_covers_run,True,2e-12
2022,2022EE,362698,Trigger_Any,7,full_unprescaled_member_covers_run,True,2e-12
2022,2022EE,362720,Trigger_ElMu,3,full_unprescaled_member_covers_run,True,2e-12
2022,2022EE,362720,Trigger_dblEl,1,full_unprescaled_member_covers_run,True,2e-12
2022,2022EE,362720,Trigger_dblMu,1,full_unprescaled_member_covers_run,True,2e-12
2022,2022EE,362720,Trigger_sngEl,1,full_unprescaled_member_covers_run,True,2e-12
2022,2022EE,362720,Trigger_sngMu,1,full_unprescaled_member_covers_run,True,2e-12
2022,2022EE,362720,Trigger_Muon,2,full_unprescaled_member_covers_run,True,2e-12
2022,2022EE,362720,Trigger_EGamma,2,full_unprescaled_member_covers_run,True,2e-12
2022,2022EE,362720,Trigger_Any,7,full_unprescaled_member_covers_run,True,2e-12
2022,2022EE,362727,Trigger_ElMu,3,full_unprescaled_member_covers_run,True,2e-12
2022,2022EE,362727,Trigger_dblEl,1,full_unprescaled_member_covers_run,True,2e-12
2022,2022EE,362727,Trigger_dblMu,1,full_unprescaled_member_covers_run,True,2e-12
2022,2022EE,362727,Trigger_sngEl,1,full_unprescaled_member_covers_run,True,2e-12
2022,2022EE,362727,Trigger_sngMu,1,full_unprescaled_member_covers_run,True,2e-12
2022,2022EE,362727,Trigger_Muon,2,full_unprescaled_member_covers_run,True,2e-12
2022,2022EE,362727,Trigger_EGamma,2,full_unprescaled_member_covers_run,True,2e-12
2022,2022EE,362727,Trigger_Any,7,full_unprescaled_member_covers_run,True,2e-12
2022,2022EE,362728,Trigger_ElMu,3,full_unprescaled_member_covers_run,True,2e-12
2022,2022EE,362728,Trigger_dblEl,1,full_unprescaled_member_covers_run,True,2e-12
2022,2022EE,362728,Trigger_dblMu,1,full_unprescaled_member_covers_run,True,2e-12
2022,2022EE,362728,Trigger_sngEl,1,full_unprescaled_member_covers_run,True,2e-12
2022,2022EE,362728,Trigger_sngMu,1,full_unprescaled_member_covers_run,True,2e-12
2022,2022EE,362728,Trigger_Muon,2,full_unprescaled_member_covers_run,True,2e-12
2022,2022EE,362728,Trigger_EGamma,2,full_unprescaled_member_covers_run,True,2e-12
2022,2022EE,362728,Trigger_Any,7,full_unprescaled_member_covers_run,True,2e-12
2022,2022EE,362757,Trigger_ElMu,3,full_unprescaled_member_covers_run,True,2e-12
2022,2022EE,362757,Trigger_dblEl,1,full_unprescaled_member_covers_run,True,2e-12
2022,2022EE,362757,Trigger_dblMu,1,full_unprescaled_member_covers_run,True,2e-12
2022,2022EE,362757,Trigger_sngEl,1,full_unprescaled_member_covers_run,True,2e-12
2022,2022EE,362757,Trigger_sngMu,1,full_unprescaled_member_covers_run,True,2e-12
2022,2022EE,362757,Trigger_Muon,2,full_unprescaled_member_covers_run,True,2e-12
2022,2022EE,362757,Trigger_EGamma,2,full_unprescaled_member_covers_run,True,2e-12
2022,2022EE,362757,Trigger_Any,7,full_unprescaled_member_covers_run,True,2e-12
2022,2022EE,362758,Trigger_ElMu,3,full_unprescaled_member_covers_run,True,2e-12
2022,2022EE,362758,Trigger_dblEl,1,full_unprescaled_member_covers_run,True,2e-12
2022,2022EE,362758,Trigger_dblMu,1,full_unprescaled_member_covers_run,True,2e-12
2022,2022EE,362758,Trigger_sngEl,1,full_unprescaled_member_covers_run,True,2e-12
2022,2022EE,362758,Trigger_sngMu,1,full_unprescaled_member_covers_run,True,2e-12
2022,2022EE,362758,Trigger_Muon,2,full_unprescaled_member_covers_run,True,2e-12
2022,2022EE,362758,Trigger_EGamma,2,full_unprescaled_member_covers_run,True,2e-12
2022,2022EE,362758,Trigger_Any,7,full_unprescaled_member_covers_run,True,2e-12
2022,2022EE,362760,Trigger_ElMu,3,full_unprescaled_member_covers_run,True,2e-12
2022,2022EE,362760,Trigger_dblEl,1,full_unprescaled_member_covers_run,True,2e-12
2022,2022EE,362760,Trigger_dblMu,1,full_unprescaled_member_covers_run,True,2e-12
2022,2022EE,362760,Trigger_sngEl,1,full_unprescaled_member_covers_run,True,2e-12
2022,2022EE,362760,Trigger_sngMu,1,full_unprescaled_member_covers_run,True,2e-12
2022,2022EE,362760,Trigger_Muon,2,full_unprescaled_member_covers_run,True,2e-12
2022,2022EE,362760,Trigger_EGamma,2,full_unprescaled_member_covers_run,True,2e-12
2022,2022EE,362760,Trigger_Any,7,full_unprescaled_member_covers_run,True,2e-12
2023,2023,367095,Trigger_ElMu,3,full_unprescaled_member_covers_run,True,2e-12
2023,2023,367095,Trigger_dblEl,1,full_unprescaled_member_covers_run,True,2e-12
2023,2023,367095,Trigger_dblMu,1,full_unprescaled_member_covers_run,True,2e-12
2023,2023,367095,Trigger_sngEl,1,full_unprescaled_member_covers_run,True,2e-12
2023,2023,367095,Trigger_sngMu,1,full_unprescaled_member_covers_run,True,2e-12
2023,2023,367095,Trigger_Muon,2,full_unprescaled_member_covers_run,True,2e-12
2023,2023,367095,Trigger_EGamma,2,full_unprescaled_member_covers_run,True,2e-12
2023,2023,367095,Trigger_Any,7,full_unprescaled_member_covers_run,True,2e-12
2023,2023,367100,Trigger_ElMu,3,full_unprescaled_member_covers_run,True,2e-12
2023,2023,367100,Trigger_dblEl,1,full_unprescaled_member_covers_run,True,2e-12
2023,2023,367100,Trigger_dblMu,1,full_unprescaled_member_covers_run,True,2e-12
2023,2023,367100,Trigger_sngEl,1,full_unprescaled_member_covers_run,True,2e-12
2023,2023,367100,Trigger_sngMu,1,full_unprescaled_member_covers_run,True,2e-12
2023,2023,367100,Trigger_Muon,2,full_unprescaled_member_covers_run,True,2e-12
2023,2023,367100,Trigger_EGamma,2,full_unprescaled_member_covers_run,True,2e-12
2023,2023,367100,Trigger_Any,7,full_unprescaled_member_covers_run,True,2e-12
2023,2023,367102,Trigger_ElMu,3,full_unprescaled_member_covers_run,True,2e-12
2023,2023,367102,Trigger_dblEl,1,full_unprescaled_member_covers_run,True,2e-12
2023,2023,367102,Trigger_dblMu,1,full_unprescaled_member_covers_run,True,2e-12
2023,2023,367102,Trigger_sngEl,1,full_unprescaled_member_covers_run,True,2e-12
2023,2023,367102,Trigger_sngMu,1,full_unprescaled_member_covers_run,True,2e-12
2023,2023,367102,Trigger_Muon,2,full_unprescaled_member_covers_run,True,2e-12
2023,2023,367102,Trigger_EGamma,2,full_unprescaled_member_covers_run,True,2e-12
2023,2023,367102,Trigger_Any,7,full_unprescaled_member_covers_run,True,2e-12
2023,2023,367103,Trigger_ElMu,3,full_unprescaled_member_covers_run,True,2e-12
2023,2023,367103,Trigger_dblEl,1,full_unprescaled_member_covers_run,True,2e-12
2023,2023,367103,Trigger_dblMu,1,full_unprescaled_member_covers_run,True,2e-12
2023,2023,367103,Trigger_sngEl,1,full_unprescaled_member_covers_run,True,2e-12
2023,2023,367103,Trigger_sngMu,1,full_unprescaled_member_covers_run,True,2e-12
2023,2023,367103,Trigger_Muon,2,full_unprescaled_member_covers_run,True,2e-12
2023,2023,367103,Trigger_EGamma,2,full_unprescaled_member_covers_run,True,2e-12
2023,2023,367103,Trigger_Any,7,full_unprescaled_member_covers_run,True,2e-12
2023,2023,367104,Trigger_ElMu,3,full_unprescaled_member_covers_run,True,2e-12
2023,2023,367104,Trigger_dblEl,1,full_unprescaled_member_covers_run,True,2e-12
2023,2023,367104,Trigger_dblMu,1,full_unprescaled_member_covers_run,True,2e-12
2023,2023,367104,Trigger_sngEl,1,full_unprescaled_member_covers_run,True,2e-12
2023,2023,367104,Trigger_sngMu,1,full_unprescaled_member_covers_run,True,2e-12
2023,2023,367104,Trigger_Muon,2,full_unprescaled_member_covers_run,True,2e-12
2023,2023,367104,Trigger_EGamma,2,full_unprescaled_member_covers_run,True,2e-12
2023,2023,367104,Trigger_Any,7,full_unprescaled_member_covers_run,True,2e-12
2023,2023,367111,Trigger_ElMu,3,full_unprescaled_member_covers_run,True,2e-12
2023,2023,367111,Trigger_dblEl,1,full_unprescaled_member_covers_run,True,2e-12
2023,2023,367111,Trigger_dblMu,1,full_unprescaled_member_covers_run,True,2e-12
2023,2023,367111,Trigger_sngEl,1,full_unprescaled_member_covers_run,True,2e-12
2023,2023,367111,Trigger_sngMu,1,full_unprescaled_member_covers_run,True,2e-12
2023,2023,367111,Trigger_Muon,2,full_unprescaled_member_covers_run,True,2e-12
2023,2023,367111,Trigger_EGamma,2,full_unprescaled_member_covers_run,True,2e-12
2023,2023,367111,Trigger_Any,7,full_unprescaled_member_covers_run,True,2e-12
2023,2023,367112,Trigger_ElMu,3,full_unprescaled_member_covers_run,True,2e-12
2023,2023,367112,Trigger_dblEl,1,full_unprescaled_member_covers_run,True,2e-12
2023,2023,367112,Trigger_dblMu,1,full_unprescaled_member_covers_run,True,2e-12
2023,2023,367112,Trigger_sngEl,1,full_unprescaled_member_covers_run,True,2e-12
2023,2023,367112,Trigger_sngMu,1,full_unprescaled_member_covers_run,True,2e-12
2023,2023,367112,Trigger_Muon,2,full_unprescaled_member_covers_run,True,2e-12
2023,2023,367112,Trigger_EGamma,2,full_unprescaled_member_covers_run,True,2e-12
2023,2023,367112,Trigger_Any,7,full_unprescaled_member_covers_run,True,2e-12
2023,2023,367127,Trigger_ElMu,3,full_unprescaled_member_covers_run,True,2e-12
2023,2023,367127,Trigger_dblEl,1,full_unprescaled_member_covers_run,True,2e-12
2023,2023,367127,Trigger_dblMu,1,full_unprescaled_member_covers_run,True,2e-12
2023,2023,367127,Trigger_sngEl,1,full_unprescaled_member_covers_run,True,2e-12
2023,2023,367127,Trigger_sngMu,1,full_unprescaled_member_covers_run,True,2e-12
2023,2023,367127,Trigger_Muon,2,full_unprescaled_member_covers_run,True,2e-12
2023,2023,367127,Trigger_EGamma,2,full_unprescaled_member_covers_run,True,2e-12
2023,2023,367127,Trigger_Any,7,full_unprescaled_member_covers_run,True,2e-12
2023,2023,367128,Trigger_ElMu,3,full_unprescaled_member_covers_run,True,2e-12
2023,2023,367128,Trigger_dblEl,1,full_unprescaled_member_covers_run,True,2e-12
2023,2023,367128,Trigger_dblMu,1,full_unprescaled_member_covers_run,True,2e-12
2023,2023,367128,Trigger_sngEl,1,full_unprescaled_member_covers_run,True,2e-12
2023,2023,367128,Trigger_sngMu,1,full_unprescaled_member_covers_run,True,2e-12
2023,2023,367128,Trigger_Muon,2,full_unprescaled_member_covers_run,True,2e-12
2023,2023,367128,Trigger_EGamma,2,full_unprescaled_member_covers_run,True,2e-12
2023,2023,367128,Trigger_Any,7,full_unprescaled_member_covers_run,True,2e-12
2023,2023,367129,Trigger_ElMu,3,full_unprescaled_member_covers_run,True,2e-12
2023,2023,367129,Trigger_dblEl,1,full_unprescaled_member_covers_run,True,2e-12
2023,2023,367129,Trigger_dblMu,1,full_unprescaled_member_covers_run,True,2e-12
2023,2023,367129,Trigger_sngEl,1,full_unprescaled_member_covers_run,True,2e-12
2023,2023,367129,Trigger_sngMu,1,full_unprescaled_member_covers_run,True,2e-12
2023,2023,367129,Trigger_Muon,2,full_unprescaled_member_covers_run,True,2e-12
2023,2023,367129,Trigger_EGamma,2,full_unprescaled_member_covers_run,True,2e-12
2023,2023,367129,Trigger_Any,7,full_unprescaled_member_covers_run,True,2e-12
2023,2023,367130,Trigger_ElMu,3,full_unprescaled_member_covers_run,True,2e-12
2023,2023,367130,Trigger_dblEl,1,full_unprescaled_member_covers_run,True,2e-12
2023,2023,367130,Trigger_dblMu,1,full_unprescaled_member_covers_run,True,2e-12
2023,2023,367130,Trigger_sngEl,1,full_unprescaled_member_covers_run,True,2e-12
2023,2023,367130,Trigger_sngMu,1,full_unprescaled_member_covers_run,True,2e-12
2023,2023,367130,Trigger_Muon,2,full_unprescaled_member_covers_run,True,2e-12
2023,2023,367130,Trigger_EGamma,2,full_unprescaled_member_covers_run,True,2e-12
2023,2023,367130,Trigger_Any,7,full_unprescaled_member_covers_run,True,2e-12
2023,2023,367131,Trigger_ElMu,3,full_unprescaled_member_covers_run,True,2e-12
2023,2023,367131,Trigger_dblEl,1,full_unprescaled_member_covers_run,True,2e-12
2023,2023,367131,Trigger_dblMu,1,full_unprescaled_member_covers_run,True,2e-12
2023,2023,367131,Trigger_sngEl,1,full_unprescaled_member_covers_run,True,2e-12
2023,2023,367131,Trigger_sngMu,1,full_unprescaled_member_covers_run,True,2e-12
2023,2023,367131,Trigger_Muon,2,full_unprescaled_member_covers_run,True,2e-12
2023,2023,367131,Trigger_EGamma,2,full_unprescaled_member_covers_run,True,2e-12
2023,2023,367131,Trigger_Any,7,full_unprescaled_member_covers_run,True,2e-12
2023,2023,367133,Trigger_ElMu,3,full_unprescaled_member_covers_run,True,2e-12
2023,2023,367133,Trigger_dblEl,1,full_unprescaled_member_covers_run,True,2e-12
2023,2023,367133,Trigger_dblMu,1,full_unprescaled_member_covers_run,True,2e-12
2023,2023,367133,Trigger_sngEl,1,full_unprescaled_member_covers_run,True,2e-12
2023,2023,367133,Trigger_sngMu,1,full_unprescaled_member_covers_run,True,2e-12
2023,2023,367133,Trigger_Muon,2,full_unprescaled_member_covers_run,True,2e-12
2023,2023,367133,Trigger_EGamma,2,full_unprescaled_member_covers_run,True,2e-12
2023,2023,367133,Trigger_Any,7,full_unprescaled_member_covers_run,True,2e-12
2023,2023,367228,Trigger_ElMu,3,full_unprescaled_member_covers_run,True,2e-12
2023,2023,367228,Trigger_dblEl,1,full_unprescaled_member_covers_run,True,2e-12
2023,2023,367228,Trigger_dblMu,1,full_unprescaled_member_covers_run,True,2e-12
2023,2023,367228,Trigger_sngEl,1,full_unprescaled_member_covers_run,True,2e-12
2023,2023,367228,Trigger_sngMu,1,full_unprescaled_member_covers_run,True,2e-12
2023,2023,367228,Trigger_Muon,2,full_unprescaled_member_covers_run,True,2e-12
2023,2023,367228,Trigger_EGamma,2,full_unprescaled_member_covers_run,True,2e-12
2023,2023,367228,Trigger_Any,7,full_unprescaled_member_covers_run,True,2e-12
2023,2023,367229,Trigger_ElMu,3,full_unprescaled_member_covers_run,True,2e-12
2023,2023,367229,Trigger_dblEl,1,full_unprescaled_member_covers_run,True,2e-12
2023,2023,367229,Trigger_dblMu,1,full_unprescaled_member_covers_run,True,2e-12
2023,2023,367229,Trigger_sngEl,1,full_unprescaled_member_covers_run,True,2e-12
2023,2023,367229,Trigger_sngMu,1,full_unprescaled_member_covers_run,True,2e-12
2023,2023,367229,Trigger_Muon,2,full_unprescaled_member_covers_run,True,2e-12
2023,2023,367229,Trigger_EGamma,2,full_unprescaled_member_covers_run,True,2e-12
2023,2023,367229,Trigger_Any,7,full_unprescaled_member_covers_run,True,2e-12
2023,2023,367230,Trigger_ElMu,3,full_unprescaled_member_covers_run,True,2e-12
2023,2023,367230,Trigger_dblEl,1,full_unprescaled_member_covers_run,True,2e-12
2023,2023,367230,Trigger_dblMu,1,full_unprescaled_member_covers_run,True,2e-12
2023,2023,367230,Trigger_sngEl,1,full_unprescaled_member_covers_run,True,2e-12
2023,2023,367230,Trigger_sngMu,1,full_unprescaled_member_covers_run,True,2e-12
2023,2023,367230,Trigger_Muon,2,full_unprescaled_member_covers_run,True,2e-12
2023,2023,367230,Trigger_EGamma,2,full_unprescaled_member_covers_run,True,2e-12
2023,2023,367230,Trigger_Any,7,full_unprescaled_member_covers_run,True,2e-12
2023,2023,367231,Trigger_ElMu,3,full_unprescaled_member_covers_run,True,2e-12
2023,2023,367231,Trigger_dblEl,1,full_unprescaled_member_covers_run,True,2e-12
2023,2023,367231,Trigger_dblMu,1,full_unprescaled_member_covers_run,True,2e-12
2023,2023,367231,Trigger_sngEl,1,full_unprescaled_member_covers_run,True,2e-12
2023,2023,367231,Trigger_sngMu,1,full_unprescaled_member_covers_run,True,2e-12
2023,2023,367231,Trigger_Muon,2,full_unprescaled_member_covers_run,True,2e-12
2023,2023,367231,Trigger_EGamma,2,full_unprescaled_member_covers_run,True,2e-12
2023,2023,367231,Trigger_Any,7,full_unprescaled_member_covers_run,True,2e-12
2023,2023,367232,Trigger_ElMu,3,full_unprescaled_member_covers_run,True,2e-12
2023,2023,367232,Trigger_dblEl,1,full_unprescaled_member_covers_run,True,2e-12
2023,2023,367232,Trigger_dblMu,1,full_unprescaled_member_covers_run,True,2e-12
2023,2023,367232,Trigger_sngEl,1,full_unprescaled_member_covers_run,True,2e-12
2023,2023,367232,Trigger_sngMu,1,full_unprescaled_member_covers_run,True,2e-12
2023,2023,367232,Trigger_Muon,2,full_unprescaled_member_covers_run,True,2e-12
2023,2023,367232,Trigger_EGamma,2,full_unprescaled_member_covers_run,True,2e-12
2023,2023,367232,Trigger_Any,7,full_unprescaled_member_covers_run,True,2e-12
2023,2023,367234,Trigger_ElMu,3,full_unprescaled_member_covers_run,True,2e-12
2023,2023,367234,Trigger_dblEl,1,full_unprescaled_member_covers_run,True,2e-12
2023,2023,367234,Trigger_dblMu,1,full_unprescaled_member_covers_run,True,2e-12
2023,2023,367234,Trigger_sngEl,1,full_unprescaled_member_covers_run,True,2e-12
2023,2023,367234,Trigger_sngMu,1,full_unprescaled_member_covers_run,True,2e-12
2023,2023,367234,Trigger_Muon,2,full_unprescaled_member_covers_run,True,2e-12
2023,2023,367234,Trigger_EGamma,2,full_unprescaled_member_covers_run,True,2e-12
2023,2023,367234,Trigger_Any,7,full_unprescaled_member_covers_run,True,2e-12
2023,2023,367260,Trigger_ElMu,3,full_unprescaled_member_covers_run,True,2e-12
2023,2023,367260,Trigger_dblEl,1,full_unprescaled_member_covers_run,True,2e-12
2023,2023,367260,Trigger_dblMu,1,full_unprescaled_member_covers_run,True,2e-12
2023,2023,367260,Trigger_sngEl,1,full_unprescaled_member_covers_run,True,2e-12
2023,2023,367260,Trigger_sngMu,1,full_unprescaled_member_covers_run,True,2e-12
2023,2023,367260,Trigger_Muon,2,full_unprescaled_member_covers_run,True,2e-12
2023,2023,367260,Trigger_EGamma,2,full_unprescaled_member_covers_run,True,2e-12
2023,2023,367260,Trigger_Any,7,full_unprescaled_member_covers_run,True,2e-12
2023,2023,367262,Trigger_ElMu,3,full_unprescaled_member_covers_run,True,2e-12
2023,2023,367262,Trigger_dblEl,1,full_unprescaled_member_covers_run,True,2e-12
2023,2023,367262,Trigger_dblMu,1,full_unprescaled_member_covers_run,True,2e-12
2023,2023,367262,Trigger_sngEl,1,full_unprescaled_member_covers_run,True,2e-12
2023,2023,367262,Trigger_sngMu,1,full_unprescaled_member_covers_run,True,2e-12
2023,2023,367262,Trigger_Muon,2,full_unprescaled_member_covers_run,True,2e-12
2023,2023,367262,Trigger_EGamma,2,full_unprescaled_member_covers_run,True,2e-12
2023,2023,367262,Trigger_Any,7,full_unprescaled_member_covers_run,True,2e-12
2023,2023,367263,Trigger_ElMu,3,full_unprescaled_member_covers_run,True,2e-12
2023,2023,367263,Trigger_dblEl,1,full_unprescaled_member_covers_run,True,2e-12
2023,2023,367263,Trigger_dblMu,1,full_unprescaled_member_covers_run,True,2e-12
2023,2023,367263,Trigger_sngEl,1,full_unprescaled_member_covers_run,True,2e-12
2023,2023,367263,Trigger_sngMu,1,full_unprescaled_member_covers_run,True,2e-12
2023,2023,367263,Trigger_Muon,2,full_unprescaled_member_covers_run,True,2e-12
2023,2023,367263,Trigger_EGamma,2,full_unprescaled_member_covers_run,True,2e-12
2023,2023,367263,Trigger_Any,7,full_unprescaled_member_covers_run,True,2e-12
2023,2023,367264,Trigger_ElMu,3,full_unprescaled_member_covers_run,True,2e-12
2023,2023,367264,Trigger_dblEl,1,full_unprescaled_member_covers_run,True,2e-12
2023,2023,367264,Trigger_dblMu,1,full_unprescaled_member_covers_run,True,2e-12
2023,2023,367264,Trigger_sngEl,1,full_unprescaled_member_covers_run,True,2e-12
2023,2023,367264,Trigger_sngMu,1,full_unprescaled_member_covers_run,True,2e-12
2023,2023,367264,Trigger_Muon,2,full_unprescaled_member_covers_run,True,2e-12
2023,2023,367264,Trigger_EGamma,2,full_unprescaled_member_covers_run,True,2e-12
2023,2023,367264,Trigger_Any,7,full_unprescaled_member_covers_run,True,2e-12
2023,2023,367267,Trigger_ElMu,3,full_unprescaled_member_covers_run,True,2e-12
2023,2023,367267,Trigger_dblEl,1,full_unprescaled_member_covers_run,True,2e-12
2023,2023,367267,Trigger_dblMu,1,full_unprescaled_member_covers_run,True,2e-12
2023,2023,367267,Trigger_sngEl,1,full_unprescaled_member_covers_run,True,2e-12
2023,2023,367267,Trigger_sngMu,1,full_unprescaled_member_covers_run,True,2e-12
2023,2023,367267,Trigger_Muon,2,full_unprescaled_member_covers_run,True,2e-12
2023,2023,367267,Trigger_EGamma,2,full_unprescaled_member_covers_run,True,2e-12
2023,2023,367267,Trigger_Any,7,full_unprescaled_member_covers_run,True,2e-12
2023,2023,367269,Trigger_ElMu,3,full_unprescaled_member_covers_run,True,2e-12
2023,2023,367269,Trigger_dblEl,1,full_unprescaled_member_covers_run,True,2e-12
2023,2023,367269,Trigger_dblMu,1,full_unprescaled_member_covers_run,True,2e-12
2023,2023,367269,Trigger_sngEl,1,full_unprescaled_member_covers_run,True,2e-12
2023,2023,367269,Trigger_sngMu,1,full_unprescaled_member_covers_run,True,2e-12
2023,2023,367269,Trigger_Muon,2,full_unprescaled_member_covers_run,True,2e-12
2023,2023,367269,Trigger_EGamma,2,full_unprescaled_member_covers_run,True,2e-12
2023,2023,367269,Trigger_Any,7,full_unprescaled_member_covers_run,True,2e-12
2023,2023,367270,Trigger_ElMu,3,full_unprescaled_member_covers_run,True,2e-12
2023,2023,367270,Trigger_dblEl,1,full_unprescaled_member_covers_run,True,2e-12
2023,2023,367270,Trigger_dblMu,1,full_unprescaled_member_covers_run,True,2e-12
2023,2023,367270,Trigger_sngEl,1,full_unprescaled_member_covers_run,True,2e-12
2023,2023,367270,Trigger_sngMu,1,full_unprescaled_member_covers_run,True,2e-12
2023,2023,367270,Trigger_Muon,2,full_unprescaled_member_covers_run,True,2e-12
2023,2023,367270,Trigger_EGamma,2,full_unprescaled_member_covers_run,True,2e-12
2023,2023,367270,Trigger_Any,7,full_unprescaled_member_covers_run,True,2e-12
2023,2023,367271,Trigger_ElMu,3,full_unprescaled_member_covers_run,True,2e-12
2023,2023,367271,Trigger_dblEl,1,full_unprescaled_member_covers_run,True,2e-12
2023,2023,367271,Trigger_dblMu,1,full_unprescaled_member_covers_run,True,2e-12
2023,2023,367271,Trigger_sngEl,1,full_unprescaled_member_covers_run,True,2e-12
2023,2023,367271,Trigger_sngMu,1,full_unprescaled_member_covers_run,True,2e-12
2023,2023,367271,Trigger_Muon,2,full_unprescaled_member_covers_run,True,2e-12
2023,2023,367271,Trigger_EGamma,2,full_unprescaled_member_covers_run,True,2e-12
2023,2023,367271,Trigger_Any,7,full_unprescaled_member_covers_run,True,2e-12
2023,2023,367312,Trigger_ElMu,3,full_unprescaled_member_covers_run,True,2e-12
2023,2023,367312,Trigger_dblEl,1,full_unprescaled_member_covers_run,True,2e-12
2023,2023,367312,Trigger_dblMu,1,full_unprescaled_member_covers_run,True,2e-12
2023,2023,367312,Trigger_sngEl,1,full_unprescaled_member_covers_run,True,2e-12
2023,2023,367312,Trigger_sngMu,1,full_unprescaled_member_covers_run,True,2e-12
2023,2023,367312,Trigger_Muon,2,full_unprescaled_member_covers_run,True,2e-12
2023,2023,367312,Trigger_EGamma,2,full_unprescaled_member_covers_run,True,2e-12
2023,2023,367312,Trigger_Any,7,full_unprescaled_member_covers_run,True,2e-12
2023,2023,367314,Trigger_ElMu,3,full_unprescaled_member_covers_run,True,2e-12
2023,2023,367314,Trigger_dblEl,1,full_unprescaled_member_covers_run,True,2e-12
2023,2023,367314,Trigger_dblMu,1,full_unprescaled_member_covers_run,True,2e-12
2023,2023,367314,Trigger_sngEl,1,full_unprescaled_member_covers_run,True,2e-12
2023,2023,367314,Trigger_sngMu,1,full_unprescaled_member_covers_run,True,2e-12
2023,2023,367314,Trigger_Muon,2,full_unprescaled_member_covers_run,True,2e-12
2023,2023,367314,Trigger_EGamma,2,full_unprescaled_member_covers_run,True,2e-12
2023,2023,367314,Trigger_Any,7,full_unprescaled_member_covers_run,True,2e-12
2023,2023,367315,Trigger_ElMu,3,full_unprescaled_member_covers_run,True,2e-12
2023,2023,367315,Trigger_dblEl,1,full_unprescaled_member_covers_run,True,2e-12
2023,2023,367315,Trigger_dblMu,1,full_unprescaled_member_covers_run,True,2e-12
2023,2023,367315,Trigger_sngEl,1,full_unprescaled_member_covers_run,True,2e-12
2023,2023,367315,Trigger_sngMu,1,full_unprescaled_member_covers_run,True,2e-12
2023,2023,367315,Trigger_Muon,2,full_unprescaled_member_covers_run,True,2e-12
2023,2023,367315,Trigger_EGamma,2,full_unprescaled_member_covers_run,True,2e-12
2023,2023,367315,Trigger_Any,7,full_unprescaled_member_covers_run,True,2e-12
2023,2023,367334,Trigger_ElMu,3,full_unprescaled_member_covers_run,True,2e-12
2023,2023,367334,Trigger_dblEl,1,full_unprescaled_member_covers_run,True,2e-12
2023,2023,367334,Trigger_dblMu,1,full_unprescaled_member_covers_run,True,2e-12
2023,2023,367334,Trigger_sngEl,1,full_unprescaled_member_covers_run,True,2e-12
2023,2023,367334,Trigger_sngMu,1,full_unprescaled_member_covers_run,True,2e-12
2023,2023,367334,Trigger_Muon,2,full_unprescaled_member_covers_run,True,2e-12
2023,2023,367334,Trigger_EGamma,2,full_unprescaled_member_covers_run,True,2e-12
2023,2023,367334,Trigger_Any,7,full_unprescaled_member_covers_run,True,2e-12
2023,2023,367336,Trigger_ElMu,3,full_unprescaled_member_covers_run,True,2e-12
2023,2023,367336,Trigger_dblEl,1,full_unprescaled_member_covers_run,True,2e-12
2023,2023,367336,Trigger_dblMu,1,full_unprescaled_member_covers_run,True,2e-12
2023,2023,367336,Trigger_sngEl,1,full_unprescaled_member_covers_run,True,2e-12
2023,2023,367336,Trigger_sngMu,1,full_unprescaled_member_covers_run,True,2e-12
2023,2023,367336,Trigger_Muon,2,full_unprescaled_member_covers_run,True,2e-12
2023,2023,367336,Trigger_EGamma,2,full_unprescaled_member_covers_run,True,2e-12
2023,2023,367336,Trigger_Any,7,full_unprescaled_member_covers_run,True,2e-12
2023,2023,367337,Trigger_ElMu,3,full_unprescaled_member_covers_run,True,2e-12
2023,2023,367337,Trigger_dblEl,1,full_unprescaled_member_covers_run,True,2e-12
2023,2023,367337,Trigger_dblMu,1,full_unprescaled_member_covers_run,True,2e-12
2023,2023,367337,Trigger_sngEl,1,full_unprescaled_member_covers_run,True,2e-12
2023,2023,367337,Trigger_sngMu,1,full_unprescaled_member_covers_run,True,2e-12
2023,2023,367337,Trigger_Muon,2,full_unprescaled_member_covers_run,True,2e-12
2023,2023,367337,Trigger_EGamma,2,full_unprescaled_member_covers_run,True,2e-12
2023,2023,367337,Trigger_Any,7,full_unprescaled_member_covers_run,True,2e-12
2023,2023,367355,Trigger_ElMu,3,full_unprescaled_member_covers_run,True,2e-12
2023,2023,367355,Trigger_dblEl,1,full_unprescaled_member_covers_run,True,2e-12
2023,2023,367355,Trigger_dblMu,1,full_unprescaled_member_covers_run,True,2e-12
2023,2023,367355,Trigger_sngEl,1,full_unprescaled_member_covers_run,True,2e-12
2023,2023,367355,Trigger_sngMu,1,full_unprescaled_member_covers_run,True,2e-12
2023,2023,367355,Trigger_Muon,2,full_unprescaled_member_covers_run,True,2e-12
2023,2023,367355,Trigger_EGamma,2,full_unprescaled_member_covers_run,True,2e-12
2023,2023,367355,Trigger_Any,7,full_unprescaled_member_covers_run,True,2e-12
2023,2023,367406,Trigger_ElMu,3,full_unprescaled_member_covers_run,True,2e-12
2023,2023,367406,Trigger_dblEl,1,full_unprescaled_member_covers_run,True,2e-12
2023,2023,367406,Trigger_dblMu,1,full_unprescaled_member_covers_run,True,2e-12
2023,2023,367406,Trigger_sngEl,1,full_unprescaled_member_covers_run,True,2e-12
2023,2023,367406,Trigger_sngMu,1,full_unprescaled_member_covers_run,True,2e-12
2023,2023,367406,Trigger_Muon,2,full_unprescaled_member_covers_run,True,2e-12
2023,2023,367406,Trigger_EGamma,2,full_unprescaled_member_covers_run,True,2e-12
2023,2023,367406,Trigger_Any,7,full_unprescaled_member_covers_run,True,2e-12
2023,2023,367413,Trigger_ElMu,3,full_unprescaled_member_covers_run,True,2e-12
2023,2023,367413,Trigger_dblEl,1,full_unprescaled_member_covers_run,True,2e-12
2023,2023,367413,Trigger_dblMu,1,full_unprescaled_member_covers_run,True,2e-12
2023,2023,367413,Trigger_sngEl,1,full_unprescaled_member_covers_run,True,2e-12
2023,2023,367413,Trigger_sngMu,1,full_unprescaled_member_covers_run,True,2e-12
2023,2023,367413,Trigger_Muon,2,full_unprescaled_member_covers_run,True,2e-12
2023,2023,367413,Trigger_EGamma,2,full_unprescaled_member_covers_run,True,2e-12
2023,2023,367413,Trigger_Any,7,full_unprescaled_member_covers_run,True,2e-12
2023,2023,367415,Trigger_ElMu,3,full_unprescaled_member_covers_run,True,2e-12
2023,2023,367415,Trigger_dblEl,1,full_unprescaled_member_covers_run,True,2e-12
2023,2023,367415,Trigger_dblMu,1,full_unprescaled_member_covers_run,True,2e-12
2023,2023,367415,Trigger_sngEl,1,full_unprescaled_member_covers_run,True,2e-12
2023,2023,367415,Trigger_sngMu,1,full_unprescaled_member_covers_run,True,2e-12
2023,2023,367415,Trigger_Muon,2,full_unprescaled_member_covers_run,True,2e-12
2023,2023,367415,Trigger_EGamma,2,full_unprescaled_member_covers_run,True,2e-12
2023,2023,367415,Trigger_Any,7,full_unprescaled_member_covers_run,True,2e-12
2023,2023,367416,Trigger_ElMu,3,full_unprescaled_member_covers_run,True,2e-12
2023,2023,367416,Trigger_dblEl,1,full_unprescaled_member_covers_run,True,2e-12
2023,2023,367416,Trigger_dblMu,1,full_unprescaled_member_covers_run,True,2e-12
2023,2023,367416,Trigger_sngEl,1,full_unprescaled_member_covers_run,True,2e-12
2023,2023,367416,Trigger_sngMu,1,full_unprescaled_member_covers_run,True,2e-12
2023,2023,367416,Trigger_Muon,2,full_unprescaled_member_covers_run,True,2e-12
2023,2023,367416,Trigger_EGamma,2,full_unprescaled_member_covers_run,True,2e-12
2023,2023,367416,Trigger_Any,7,full_unprescaled_member_covers_run,True,2e-12
2023,2023,367475,Trigger_ElMu,3,full_unprescaled_member_covers_run,True,2e-12
2023,2023,367475,Trigger_dblEl,1,full_unprescaled_member_covers_run,True,2e-12
2023,2023,367475,Trigger_dblMu,1,full_unprescaled_member_covers_run,True,2e-12
2023,2023,367475,Trigger_sngEl,1,full_unprescaled_member_covers_run,True,2e-12
2023,2023,367475,Trigger_sngMu,1,full_unprescaled_member_covers_run,True,2e-12
2023,2023,367475,Trigger_Muon,2,full_unprescaled_member_covers_run,True,2e-12
2023,2023,367475,Trigger_EGamma,2,full_unprescaled_member_covers_run,True,2e-12
2023,2023,367475,Trigger_Any,7,full_unprescaled_member_covers_run,True,2e-12
2023,2023,367477,Trigger_ElMu,3,full_unprescaled_member_covers_run,True,2e-12
2023,2023,367477,Trigger_dblEl,1,full_unprescaled_member_covers_run,True,2e-12
2023,2023,367477,Trigger_dblMu,1,full_unprescaled_member_covers_run,True,2e-12
2023,2023,367477,Trigger_sngEl,1,full_unprescaled_member_covers_run,True,2e-12
2023,2023,367477,Trigger_sngMu,1,full_unprescaled_member_covers_run,True,2e-12
2023,2023,367477,Trigger_Muon,2,full_unprescaled_member_covers_run,True,2e-12
2023,2023,367477,Trigger_EGamma,2,full_unprescaled_member_covers_run,True,2e-12
2023,2023,367477,Trigger_Any,7,full_unprescaled_member_covers_run,True,2e-12
2023,2023,367515,Trigger_ElMu,3,full_unprescaled_member_covers_run,True,2e-12
2023,2023,367515,Trigger_dblEl,1,full_unprescaled_member_covers_run,True,2e-12
2023,2023,367515,Trigger_dblMu,1,full_unprescaled_member_covers_run,True,2e-12
2023,2023,367515,Trigger_sngEl,1,full_unprescaled_member_covers_run,True,2e-12
2023,2023,367515,Trigger_sngMu,1,full_unprescaled_member_covers_run,True,2e-12
2023,2023,367515,Trigger_Muon,2,full_unprescaled_member_covers_run,True,2e-12
2023,2023,367515,Trigger_EGamma,2,full_unprescaled_member_covers_run,True,2e-12
2023,2023,367515,Trigger_Any,7,full_unprescaled_member_covers_run,True,2e-12
2023,2023,367516,Trigger_ElMu,3,full_unprescaled_member_covers_run,True,2e-12
2023,2023,367516,Trigger_dblEl,1,full_unprescaled_member_covers_run,True,2e-12
2023,2023,367516,Trigger_dblMu,1,full_unprescaled_member_covers_run,True,2e-12
2023,2023,367516,Trigger_sngEl,1,full_unprescaled_member_covers_run,True,2e-12
2023,2023,367516,Trigger_sngMu,1,full_unprescaled_member_covers_run,True,2e-12
2023,2023,367516,Trigger_Muon,2,full_unprescaled_member_covers_run,True,2e-12
2023,2023,367516,Trigger_EGamma,2,full_unprescaled_member_covers_run,True,2e-12
2023,2023,367516,Trigger_Any,7,full_unprescaled_member_covers_run,True,2e-12
2023,2023,367552,Trigger_ElMu,3,full_unprescaled_member_covers_run,True,2e-12
2023,2023,367552,Trigger_dblEl,1,full_unprescaled_member_covers_run,True,2e-12
2023,2023,367552,Trigger_dblMu,1,full_unprescaled_member_covers_run,True,2e-12
2023,2023,367552,Trigger_sngEl,1,full_unprescaled_member_covers_run,True,2e-12
2023,2023,367552,Trigger_sngMu,1,full_unprescaled_member_covers_run,True,2e-12
2023,2023,367552,Trigger_Muon,2,full_unprescaled_member_covers_run,True,2e-12
2023,2023,367552,Trigger_EGamma,2,full_unprescaled_member_covers_run,True,2e-12
2023,2023,367552,Trigger_Any,7,full_unprescaled_member_covers_run,True,2e-12
2023,2023,367553,Trigger_ElMu,3,full_unprescaled_member_covers_run,True,2e-12
2023,2023,367553,Trigger_dblEl,1,full_unprescaled_member_covers_run,True,2e-12
2023,2023,367553,Trigger_dblMu,1,full_unprescaled_member_covers_run,True,2e-12
2023,2023,367553,Trigger_sngEl,1,full_unprescaled_member_covers_run,True,2e-12
2023,2023,367553,Trigger_sngMu,1,full_unprescaled_member_covers_run,True,2e-12
2023,2023,367553,Trigger_Muon,2,full_unprescaled_member_covers_run,True,2e-12
2023,2023,367553,Trigger_EGamma,2,full_unprescaled_member_covers_run,True,2e-12
2023,2023,367553,Trigger_Any,7,full_unprescaled_member_covers_run,True,2e-12
2023,2023,367554,Trigger_ElMu,3,full_unprescaled_member_covers_run,True,2e-12
2023,2023,367554,Trigger_dblEl,1,full_unprescaled_member_covers_run,True,2e-12
2023,2023,367554,Trigger_dblMu,1,full_unprescaled_member_covers_run,True,2e-12
2023,2023,367554,Trigger_sngEl,1,full_unprescaled_member_covers_run,True,2e-12
2023,2023,367554,Trigger_sngMu,1,full_unprescaled_member_covers_run,True,2e-12
2023,2023,367554,Trigger_Muon,2,full_unprescaled_member_covers_run,True,2e-12
2023,2023,367554,Trigger_EGamma,2,full_unprescaled_member_covers_run,True,2e-12
2023,2023,367554,Trigger_Any,7,full_unprescaled_member_covers_run,True,2e-12
2023,2023,367615,Trigger_ElMu,3,full_unprescaled_member_covers_run,True,2e-12
2023,2023,367615,Trigger_dblEl,1,full_unprescaled_member_covers_run,True,2e-12
2023,2023,367615,Trigger_dblMu,1,full_unprescaled_member_covers_run,True,2e-12
2023,2023,367615,Trigger_sngEl,1,full_unprescaled_member_covers_run,True,2e-12
2023,2023,367615,Trigger_sngMu,1,full_unprescaled_member_covers_run,True,2e-12
2023,2023,367615,Trigger_Muon,2,full_unprescaled_member_covers_run,True,2e-12
2023,2023,367615,Trigger_EGamma,2,full_unprescaled_member_covers_run,True,2e-12
2023,2023,367615,Trigger_Any,7,full_unprescaled_member_covers_run,True,2e-12
2023,2023,367618,Trigger_ElMu,3,full_unprescaled_member_covers_run,True,2e-12
2023,2023,367618,Trigger_dblEl,1,full_unprescaled_member_covers_run,True,2e-12
2023,2023,367618,Trigger_dblMu,1,full_unprescaled_member_covers_run,True,2e-12
2023,2023,367618,Trigger_sngEl,1,full_unprescaled_member_covers_run,True,2e-12
2023,2023,367618,Trigger_sngMu,1,full_unprescaled_member_covers_run,True,2e-12
2023,2023,367618,Trigger_Muon,2,full_unprescaled_member_covers_run,True,2e-12
2023,2023,367618,Trigger_EGamma,2,full_unprescaled_member_covers_run,True,2e-12
2023,2023,367618,Trigger_Any,7,full_unprescaled_member_covers_run,True,2e-12
2023,2023,367619,Trigger_ElMu,3,full_unprescaled_member_covers_run,True,2e-12
2023,2023,367619,Trigger_dblEl,1,full_unprescaled_member_covers_run,True,2e-12
2023,2023,367619,Trigger_dblMu,1,full_unprescaled_member_covers_run,True,2e-12
2023,2023,367619,Trigger_sngEl,1,full_unprescaled_member_covers_run,True,2e-12
2023,2023,367619,Trigger_sngMu,1,full_unprescaled_member_covers_run,True,2e-12
2023,2023,367619,Trigger_Muon,2,full_unprescaled_member_covers_run,True,2e-12
2023,2023,367619,Trigger_EGamma,2,full_unprescaled_member_covers_run,True,2e-12
2023,2023,367619,Trigger_Any,7,full_unprescaled_member_covers_run,True,2e-12
2023,2023,367661,Trigger_ElMu,3,full_unprescaled_member_covers_run,True,2e-12
2023,2023,367661,Trigger_dblEl,1,full_unprescaled_member_covers_run,True,2e-12
2023,2023,367661,Trigger_dblMu,1,full_unprescaled_member_covers_run,True,2e-12
2023,2023,367661,Trigger_sngEl,1,full_unprescaled_member_covers_run,True,2e-12
2023,2023,367661,Trigger_sngMu,1,full_unprescaled_member_covers_run,True,2e-12
2023,2023,367661,Trigger_Muon,2,full_unprescaled_member_covers_run,True,2e-12
2023,2023,367661,Trigger_EGamma,2,full_unprescaled_member_covers_run,True,2e-12
2023,2023,367661,Trigger_Any,7,full_unprescaled_member_covers_run,True,2e-12
2023,2023,367662,Trigger_ElMu,3,full_unprescaled_member_covers_run,True,2e-12
2023,2023,367662,Trigger_dblEl,1,full_unprescaled_member_covers_run,True,2e-12
2023,2023,367662,Trigger_dblMu,1,full_unprescaled_member_covers_run,True,2e-12
2023,2023,367662,Trigger_sngEl,1,full_unprescaled_member_covers_run,True,2e-12
2023,2023,367662,Trigger_sngMu,1,full_unprescaled_member_covers_run,True,2e-12
2023,2023,367662,Trigger_Muon,2,full_unprescaled_member_covers_run,True,2e-12
2023,2023,367662,Trigger_EGamma,2,full_unprescaled_member_covers_run,True,2e-12
2023,2023,367662,Trigger_Any,7,full_unprescaled_member_covers_run,True,2e-12
2023,2023,367663,Trigger_ElMu,3,full_unprescaled_member_covers_run,True,2e-12
2023,2023,367663,Trigger_dblEl,1,full_unprescaled_member_covers_run,True,2e-12
2023,2023,367663,Trigger_dblMu,1,full_unprescaled_member_covers_run,True,2e-12
2023,2023,367663,Trigger_sngEl,1,full_unprescaled_member_covers_run,True,2e-12
2023,2023,367663,Trigger_sngMu,1,full_unprescaled_member_covers_run,True,2e-12
2023,2023,367663,Trigger_Muon,2,full_unprescaled_member_covers_run,True,2e-12
2023,2023,367663,Trigger_EGamma,2,full_unprescaled_member_covers_run,True,2e-12
2023,2023,367663,Trigger_Any,7,full_unprescaled_member_covers_run,True,2e-12
2023,2023,367665,Trigger_ElMu,3,full_unprescaled_member_covers_run,True,2e-12
2023,2023,367665,Trigger_dblEl,1,full_unprescaled_member_covers_run,True,2e-12
2023,2023,367665,Trigger_dblMu,1,full_unprescaled_member_covers_run,True,2e-12
2023,2023,367665,Trigger_sngEl,1,full_unprescaled_member_covers_run,True,2e-12
2023,2023,367665,Trigger_sngMu,1,full_unprescaled_member_covers_run,True,2e-12
2023,2023,367665,Trigger_Muon,2,full_unprescaled_member_covers_run,True,2e-12
2023,2023,367665,Trigger_EGamma,2,full_unprescaled_member_covers_run,True,2e-12
2023,2023,367665,Trigger_Any,7,full_unprescaled_member_covers_run,True,2e-12
2023,2023,367666,Trigger_ElMu,3,full_unprescaled_member_covers_run,True,2e-12
2023,2023,367666,Trigger_dblEl,1,full_unprescaled_member_covers_run,True,2e-12
2023,2023,367666,Trigger_dblMu,1,full_unprescaled_member_covers_run,True,2e-12
2023,2023,367666,Trigger_sngEl,1,full_unprescaled_member_covers_run,True,2e-12
2023,2023,367666,Trigger_sngMu,1,full_unprescaled_member_covers_run,True,2e-12
2023,2023,367666,Trigger_Muon,2,full_unprescaled_member_covers_run,True,2e-12
2023,2023,367666,Trigger_EGamma,2,full_unprescaled_member_covers_run,True,2e-12
2023,2023,367666,Trigger_Any,7,full_unprescaled_member_covers_run,True,2e-12
2023,2023,367691,Trigger_ElMu,3,full_unprescaled_member_covers_run,True,2e-12
2023,2023,367691,Trigger_dblEl,1,full_unprescaled_member_covers_run,True,2e-12
2023,2023,367691,Trigger_dblMu,1,full_unprescaled_member_covers_run,True,2e-12
2023,2023,367691,Trigger_sngEl,1,full_unprescaled_member_covers_run,True,2e-12
2023,2023,367691,Trigger_sngMu,1,full_unprescaled_member_covers_run,True,2e-12
2023,2023,367691,Trigger_Muon,2,full_unprescaled_member_covers_run,True,2e-12
2023,2023,367691,Trigger_EGamma,2,full_unprescaled_member_covers_run,True,2e-12
2023,2023,367691,Trigger_Any,7,full_unprescaled_member_covers_run,True,2e-12
2023,2023,367696,Trigger_ElMu,3,full_unprescaled_member_covers_run,True,2e-12
2023,2023,367696,Trigger_dblEl,1,full_unprescaled_member_covers_run,True,2e-12
2023,2023,367696,Trigger_dblMu,1,full_unprescaled_member_covers_run,True,2e-12
2023,2023,367696,Trigger_sngEl,1,full_unprescaled_member_covers_run,True,2e-12
2023,2023,367696,Trigger_sngMu,1,full_unprescaled_member_covers_run,True,2e-12
2023,2023,367696,Trigger_Muon,2,full_unprescaled_member_covers_run,True,2e-12
2023,2023,367696,Trigger_EGamma,2,full_unprescaled_member_covers_run,True,2e-12
2023,2023,367696,Trigger_Any,7,full_unprescaled_member_covers_run,True,2e-12
2023,2023,367699,Trigger_ElMu,3,full_unprescaled_member_covers_run,True,2e-12
2023,2023,367699,Trigger_dblEl,1,full_unprescaled_member_covers_run,True,2e-12
2023,2023,367699,Trigger_dblMu,1,full_unprescaled_member_covers_run,True,2e-12
2023,2023,367699,Trigger_sngEl,1,full_unprescaled_member_covers_run,True,2e-12
2023,2023,367699,Trigger_sngMu,1,full_unprescaled_member_covers_run,True,2e-12
2023,2023,367699,Trigger_Muon,2,full_unprescaled_member_covers_run,True,2e-12
2023,2023,367699,Trigger_EGamma,2,full_unprescaled_member_covers_run,True,2e-12
2023,2023,367699,Trigger_Any,7,full_unprescaled_member_covers_run,True,2e-12
2023,2023,367730,Trigger_ElMu,3,full_unprescaled_member_covers_run,True,2e-12
2023,2023,367730,Trigger_dblEl,1,full_unprescaled_member_covers_run,True,2e-12
2023,2023,367730,Trigger_dblMu,1,full_unprescaled_member_covers_run,True,2e-12
2023,2023,367730,Trigger_sngEl,1,full_unprescaled_member_covers_run,True,2e-12
2023,2023,367730,Trigger_sngMu,1,full_unprescaled_member_covers_run,True,2e-12
2023,2023,367730,Trigger_Muon,2,full_unprescaled_member_covers_run,True,2e-12
2023,2023,367730,Trigger_EGamma,2,full_unprescaled_member_covers_run,True,2e-12
2023,2023,367730,Trigger_Any,7,full_unprescaled_member_covers_run,True,2e-12
2023,2023,367742,Trigger_ElMu,3,full_unprescaled_member_covers_run,True,2e-12
2023,2023,367742,Trigger_dblEl,1,full_unprescaled_member_covers_run,True,2e-12
2023,2023,367742,Trigger_dblMu,1,full_unprescaled_member_covers_run,True,2e-12
2023,2023,367742,Trigger_sngEl,1,full_unprescaled_member_covers_run,True,2e-12
2023,2023,367742,Trigger_sngMu,1,full_unprescaled_member_covers_run,True,2e-12
2023,2023,367742,Trigger_Muon,2,full_unprescaled_member_covers_run,True,2e-12
2023,2023,367742,Trigger_EGamma,2,full_unprescaled_member_covers_run,True,2e-12
2023,2023,367742,Trigger_Any,7,full_unprescaled_member_covers_run,True,2e-12
2023,2023,367758,Trigger_ElMu,3,full_unprescaled_member_covers_run,True,2e-12
2023,2023,367758,Trigger_dblEl,1,full_unprescaled_member_covers_run,True,2e-12
2023,2023,367758,Trigger_dblMu,1,full_unprescaled_member_covers_run,True,2e-12
2023,2023,367758,Trigger_sngEl,1,full_unprescaled_member_covers_run,True,2e-12
2023,2023,367758,Trigger_sngMu,1,full_unprescaled_member_covers_run,True,2e-12
2023,2023,367758,Trigger_Muon,2,full_unprescaled_member_covers_run,True,2e-12
2023,2023,367758,Trigger_EGamma,2,full_unprescaled_member_covers_run,True,2e-12
2023,2023,367758,Trigger_Any,7,full_unprescaled_member_covers_run,True,2e-12
2023,2023,367770,Trigger_ElMu,3,full_unprescaled_member_covers_run,True,2e-12
2023,2023,367770,Trigger_dblEl,1,full_unprescaled_member_covers_run,True,2e-12
2023,2023,367770,Trigger_dblMu,1,full_unprescaled_member_covers_run,True,2e-12
2023,2023,367770,Trigger_sngEl,1,full_unprescaled_member_covers_run,True,2e-12
2023,2023,367770,Trigger_sngMu,1,full_unprescaled_member_covers_run,True,2e-12
2023,2023,367770,Trigger_Muon,2,full_unprescaled_member_covers_run,True,2e-12
2023,2023,367770,Trigger_EGamma,2,full_unprescaled_member_covers_run,True,2e-12
2023,2023,367770,Trigger_Any,7,full_unprescaled_member_covers_run,True,2e-12
2023,2023,367771,Trigger_ElMu,3,full_unprescaled_member_covers_run,True,2e-12
2023,2023,367771,Trigger_dblEl,1,full_unprescaled_member_covers_run,True,2e-12
2023,2023,367771,Trigger_dblMu,1,full_unprescaled_member_covers_run,True,2e-12
2023,2023,367771,Trigger_sngEl,1,full_unprescaled_member_covers_run,True,2e-12
2023,2023,367771,Trigger_sngMu,1,full_unprescaled_member_covers_run,True,2e-12
2023,2023,367771,Trigger_Muon,2,full_unprescaled_member_covers_run,True,2e-12
2023,2023,367771,Trigger_EGamma,2,full_unprescaled_member_covers_run,True,2e-12
2023,2023,367771,Trigger_Any,7,full_unprescaled_member_covers_run,True,2e-12
2023,2023,367772,Trigger_ElMu,3,full_unprescaled_member_covers_run,True,2e-12
2023,2023,367772,Trigger_dblEl,1,full_unprescaled_member_covers_run,True,2e-12
2023,2023,367772,Trigger_dblMu,1,full_unprescaled_member_covers_run,True,2e-12
2023,2023,367772,Trigger_sngEl,1,full_unprescaled_member_covers_run,True,2e-12
2023,2023,367772,Trigger_sngMu,1,full_unprescaled_member_covers_run,True,2e-12
2023,2023,367772,Trigger_Muon,2,full_unprescaled_member_covers_run,True,2e-12
2023,2023,367772,Trigger_EGamma,2,full_unprescaled_member_covers_run,True,2e-12
2023,2023,367772,Trigger_Any,7,full_unprescaled_member_covers_run,True,2e-12
2023,2023,367790,Trigger_ElMu,3,full_unprescaled_member_covers_run,True,2e-12
2023,2023,367790,Trigger_dblEl,1,full_unprescaled_member_covers_run,True,2e-12
2023,2023,367790,Trigger_dblMu,1,full_unprescaled_member_covers_run,True,2e-12
2023,2023,367790,Trigger_sngEl,1,full_unprescaled_member_covers_run,True,2e-12
2023,2023,367790,Trigger_sngMu,1,full_unprescaled_member_covers_run,True,2e-12
2023,2023,367790,Trigger_Muon,2,full_unprescaled_member_covers_run,True,2e-12
2023,2023,367790,Trigger_EGamma,2,full_unprescaled_member_covers_run,True,2e-12
2023,2023,367790,Trigger_Any,7,full_unprescaled_member_covers_run,True,2e-12
2023,2023,367831,Trigger_ElMu,3,full_unprescaled_member_covers_run,True,2e-12
2023,2023,367831,Trigger_dblEl,1,full_unprescaled_member_covers_run,True,2e-12
2023,2023,367831,Trigger_dblMu,1,full_unprescaled_member_covers_run,True,2e-12
2023,2023,367831,Trigger_sngEl,1,full_unprescaled_member_covers_run,True,2e-12
2023,2023,367831,Trigger_sngMu,1,full_unprescaled_member_covers_run,True,2e-12
2023,2023,367831,Trigger_Muon,2,full_unprescaled_member_covers_run,True,2e-12
2023,2023,367831,Trigger_EGamma,2,full_unprescaled_member_covers_run,True,2e-12
2023,2023,367831,Trigger_Any,7,full_unprescaled_member_covers_run,True,2e-12
2023,2023,367836,Trigger_ElMu,3,full_unprescaled_member_covers_run,True,2e-12
2023,2023,367836,Trigger_dblEl,1,full_unprescaled_member_covers_run,True,2e-12
2023,2023,367836,Trigger_dblMu,1,full_unprescaled_member_covers_run,True,2e-12
2023,2023,367836,Trigger_sngEl,1,full_unprescaled_member_covers_run,True,2e-12
2023,2023,367836,Trigger_sngMu,1,full_unprescaled_member_covers_run,True,2e-12
2023,2023,367836,Trigger_Muon,2,full_unprescaled_member_covers_run,True,2e-12
2023,2023,367836,Trigger_EGamma,2,full_unprescaled_member_covers_run,True,2e-12
2023,2023,367836,Trigger_Any,7,full_unprescaled_member_covers_run,True,2e-12
2023,2023,367838,Trigger_ElMu,3,full_unprescaled_member_covers_run,True,2e-12
2023,2023,367838,Trigger_dblEl,1,full_unprescaled_member_covers_run,True,2e-12
2023,2023,367838,Trigger_dblMu,1,full_unprescaled_member_covers_run,True,2e-12
2023,2023,367838,Trigger_sngEl,1,full_unprescaled_member_covers_run,True,2e-12
2023,2023,367838,Trigger_sngMu,1,full_unprescaled_member_covers_run,True,2e-12
2023,2023,367838,Trigger_Muon,2,full_unprescaled_member_covers_run,True,2e-12
2023,2023,367838,Trigger_EGamma,2,full_unprescaled_member_covers_run,True,2e-12
2023,2023,367838,Trigger_Any,7,full_unprescaled_member_covers_run,True,2e-12
2023,2023,367840,Trigger_ElMu,3,full_unprescaled_member_covers_run,True,2e-12
2023,2023,367840,Trigger_dblEl,1,full_unprescaled_member_covers_run,True,2e-12
2023,2023,367840,Trigger_dblMu,1,full_unprescaled_member_covers_run,True,2e-12
2023,2023,367840,Trigger_sngEl,1,full_unprescaled_member_covers_run,True,2e-12
2023,2023,367840,Trigger_sngMu,1,full_unprescaled_member_covers_run,True,2e-12
2023,2023,367840,Trigger_Muon,2,full_unprescaled_member_covers_run,True,2e-12
2023,2023,367840,Trigger_EGamma,2,full_unprescaled_member_covers_run,True,2e-12
2023,2023,367840,Trigger_Any,7,full_unprescaled_member_covers_run,True,2e-12
2023,2023,367881,Trigger_ElMu,3,full_unprescaled_member_covers_run,True,2e-12
2023,2023,367881,Trigger_dblEl,1,full_unprescaled_member_covers_run,True,2e-12
2023,2023,367881,Trigger_dblMu,1,full_unprescaled_member_covers_run,True,2e-12
2023,2023,367881,Trigger_sngEl,1,full_unprescaled_member_covers_run,True,2e-12
2023,2023,367881,Trigger_sngMu,1,full_unprescaled_member_covers_run,True,2e-12
2023,2023,367881,Trigger_Muon,2,full_unprescaled_member_covers_run,True,2e-12
2023,2023,367881,Trigger_EGamma,2,full_unprescaled_member_covers_run,True,2e-12
2023,2023,367881,Trigger_Any,7,full_unprescaled_member_covers_run,True,2e-12
2023,2023,367883,Trigger_ElMu,3,full_unprescaled_member_covers_run,True,2e-12
2023,2023,367883,Trigger_dblEl,1,full_unprescaled_member_covers_run,True,2e-12
2023,2023,367883,Trigger_dblMu,1,full_unprescaled_member_covers_run,True,2e-12
2023,2023,367883,Trigger_sngEl,1,full_unprescaled_member_covers_run,True,2e-12
2023,2023,367883,Trigger_sngMu,1,full_unprescaled_member_covers_run,True,2e-12
2023,2023,367883,Trigger_Muon,2,full_unprescaled_member_covers_run,True,2e-12
2023,2023,367883,Trigger_EGamma,2,full_unprescaled_member_covers_run,True,2e-12
2023,2023,367883,Trigger_Any,7,full_unprescaled_member_covers_run,True,2e-12
2023,2023,367884,Trigger_ElMu,3,full_unprescaled_member_covers_run,True,2e-12
2023,2023,367884,Trigger_dblEl,1,full_unprescaled_member_covers_run,True,2e-12
2023,2023,367884,Trigger_dblMu,1,full_unprescaled_member_covers_run,True,2e-12
2023,2023,367884,Trigger_sngEl,1,full_unprescaled_member_covers_run,True,2e-12
2023,2023,367884,Trigger_sngMu,1,full_unprescaled_member_covers_run,True,2e-12
2023,2023,367884,Trigger_Muon,2,full_unprescaled_member_covers_run,True,2e-12
2023,2023,367884,Trigger_EGamma,2,full_unprescaled_member_covers_run,True,2e-12
2023,2023,367884,Trigger_Any,7,full_unprescaled_member_covers_run,True,2e-12
2023,2023,367902,Trigger_ElMu,3,full_unprescaled_member_covers_run,True,2e-12
2023,2023,367902,Trigger_dblEl,1,full_unprescaled_member_covers_run,True,2e-12
2023,2023,367902,Trigger_dblMu,1,full_unprescaled_member_covers_run,True,2e-12
2023,2023,367902,Trigger_sngEl,1,full_unprescaled_member_covers_run,True,2e-12
2023,2023,367902,Trigger_sngMu,1,full_unprescaled_member_covers_run,True,2e-12
2023,2023,367902,Trigger_Muon,2,full_unprescaled_member_covers_run,True,2e-12
2023,2023,367902,Trigger_EGamma,2,full_unprescaled_member_covers_run,True,2e-12
2023,2023,367902,Trigger_Any,7,full_unprescaled_member_covers_run,True,2e-12
2023,2023,367904,Trigger_ElMu,3,full_unprescaled_member_covers_run,True,2e-12
2023,2023,367904,Trigger_dblEl,1,full_unprescaled_member_covers_run,True,2e-12
2023,2023,367904,Trigger_dblMu,1,full_unprescaled_member_covers_run,True,2e-12
2023,2023,367904,Trigger_sngEl,1,full_unprescaled_member_covers_run,True,2e-12
2023,2023,367904,Trigger_sngMu,1,full_unprescaled_member_covers_run,True,2e-12
2023,2023,367904,Trigger_Muon,2,full_unprescaled_member_covers_run,True,2e-12
2023,2023,367904,Trigger_EGamma,2,full_unprescaled_member_covers_run,True,2e-12
2023,2023,367904,Trigger_Any,7,full_unprescaled_member_covers_run,True,2e-12
2023,2023,367905,Trigger_ElMu,3,full_unprescaled_member_covers_run,True,2e-12
2023,2023,367905,Trigger_dblEl,1,full_unprescaled_member_covers_run,True,2e-12
2023,2023,367905,Trigger_dblMu,1,full_unprescaled_member_covers_run,True,2e-12
2023,2023,367905,Trigger_sngEl,1,full_unprescaled_member_covers_run,True,2e-12
2023,2023,367905,Trigger_sngMu,1,full_unprescaled_member_covers_run,True,2e-12
2023,2023,367905,Trigger_Muon,2,full_unprescaled_member_covers_run,True,2e-12
2023,2023,367905,Trigger_EGamma,2,full_unprescaled_member_covers_run,True,2e-12
2023,2023,367905,Trigger_Any,7,full_unprescaled_member_covers_run,True,2e-12
2023,2023,367906,Trigger_ElMu,3,full_unprescaled_member_covers_run,True,2e-12
2023,2023,367906,Trigger_dblEl,1,full_unprescaled_member_covers_run,True,2e-12
2023,2023,367906,Trigger_dblMu,1,full_unprescaled_member_covers_run,True,2e-12
2023,2023,367906,Trigger_sngEl,1,full_unprescaled_member_covers_run,True,2e-12
2023,2023,367906,Trigger_sngMu,1,full_unprescaled_member_covers_run,True,2e-12
2023,2023,367906,Trigger_Muon,2,full_unprescaled_member_covers_run,True,2e-12
2023,2023,367906,Trigger_EGamma,2,full_unprescaled_member_covers_run,True,2e-12
2023,2023,367906,Trigger_Any,7,full_unprescaled_member_covers_run,True,2e-12
2023,2023,367907,Trigger_ElMu,3,full_unprescaled_member_covers_run,True,2e-12
2023,2023,367907,Trigger_dblEl,1,full_unprescaled_member_covers_run,True,2e-12
2023,2023,367907,Trigger_dblMu,1,full_unprescaled_member_covers_run,True,2e-12
2023,2023,367907,Trigger_sngEl,1,full_unprescaled_member_covers_run,True,2e-12
2023,2023,367907,Trigger_sngMu,1,full_unprescaled_member_covers_run,True,2e-12
2023,2023,367907,Trigger_Muon,2,full_unprescaled_member_covers_run,True,2e-12
2023,2023,367907,Trigger_EGamma,2,full_unprescaled_member_covers_run,True,2e-12
2023,2023,367907,Trigger_Any,7,full_unprescaled_member_covers_run,True,2e-12
2023,2023,367908,Trigger_ElMu,3,full_unprescaled_member_covers_run,True,2e-12
2023,2023,367908,Trigger_dblEl,1,full_unprescaled_member_covers_run,True,2e-12
2023,2023,367908,Trigger_dblMu,1,full_unprescaled_member_covers_run,True,2e-12
2023,2023,367908,Trigger_sngEl,1,full_unprescaled_member_covers_run,True,2e-12
2023,2023,367908,Trigger_sngMu,1,full_unprescaled_member_covers_run,True,2e-12
2023,2023,367908,Trigger_Muon,2,full_unprescaled_member_covers_run,True,2e-12
2023,2023,367908,Trigger_EGamma,2,full_unprescaled_member_covers_run,True,2e-12
2023,2023,367908,Trigger_Any,7,full_unprescaled_member_covers_run,True,2e-12
2023,2023,367910,Trigger_ElMu,3,full_unprescaled_member_covers_run,True,2e-12
2023,2023,367910,Trigger_dblEl,1,full_unprescaled_member_covers_run,True,2e-12
2023,2023,367910,Trigger_dblMu,1,full_unprescaled_member_covers_run,True,2e-12
2023,2023,367910,Trigger_sngEl,1,full_unprescaled_member_covers_run,True,2e-12
2023,2023,367910,Trigger_sngMu,1,full_unprescaled_member_covers_run,True,2e-12
2023,2023,367910,Trigger_Muon,2,full_unprescaled_member_covers_run,True,2e-12
2023,2023,367910,Trigger_EGamma,2,full_unprescaled_member_covers_run,True,2e-12
2023,2023,367910,Trigger_Any,7,full_unprescaled_member_covers_run,True,2e-12
2023,2023,368223,Trigger_ElMu,3,full_unprescaled_member_covers_run,True,2e-12
2023,2023,368223,Trigger_dblEl,1,full_unprescaled_member_covers_run,True,2e-12
2023,2023,368223,Trigger_dblMu,1,full_unprescaled_member_covers_run,True,2e-12
2023,2023,368223,Trigger_sngEl,1,full_unprescaled_member_covers_run,True,2e-12
2023,2023,368223,Trigger_sngMu,1,full_unprescaled_member_covers_run,True,2e-12
2023,2023,368223,Trigger_Muon,2,full_unprescaled_member_covers_run,True,2e-12
2023,2023,368223,Trigger_EGamma,2,full_unprescaled_member_covers_run,True,2e-12
2023,2023,368223,Trigger_Any,7,full_unprescaled_member_covers_run,True,2e-12
2023,2023,368224,Trigger_ElMu,3,full_unprescaled_member_covers_run,True,2e-12
2023,2023,368224,Trigger_dblEl,1,full_unprescaled_member_covers_run,True,2e-12
2023,2023,368224,Trigger_dblMu,1,full_unprescaled_member_covers_run,True,2e-12
2023,2023,368224,Trigger_sngEl,1,full_unprescaled_member_covers_run,True,2e-12
2023,2023,368224,Trigger_sngMu,1,full_unprescaled_member_covers_run,True,2e-12
2023,2023,368224,Trigger_Muon,2,full_unprescaled_member_covers_run,True,2e-12
2023,2023,368224,Trigger_EGamma,2,full_unprescaled_member_covers_run,True,2e-12
2023,2023,368224,Trigger_Any,7,full_unprescaled_member_covers_run,True,2e-12
2023,2023,368229,Trigger_ElMu,3,full_unprescaled_member_covers_run,True,2e-12
2023,2023,368229,Trigger_dblEl,1,full_unprescaled_member_covers_run,True,2e-12
2023,2023,368229,Trigger_dblMu,1,full_unprescaled_member_covers_run,True,2e-12
2023,2023,368229,Trigger_sngEl,1,full_unprescaled_member_covers_run,True,2e-12
2023,2023,368229,Trigger_sngMu,1,full_unprescaled_member_covers_run,True,2e-12
2023,2023,368229,Trigger_Muon,2,full_unprescaled_member_covers_run,True,2e-12
2023,2023,368229,Trigger_EGamma,2,full_unprescaled_member_covers_run,True,2e-12
2023,2023,368229,Trigger_Any,7,full_unprescaled_member_covers_run,True,2e-12
2023,2023,368318,Trigger_ElMu,3,full_unprescaled_member_covers_run,True,2e-12
2023,2023,368318,Trigger_dblEl,1,full_unprescaled_member_covers_run,True,2e-12
2023,2023,368318,Trigger_dblMu,1,full_unprescaled_member_covers_run,True,2e-12
2023,2023,368318,Trigger_sngEl,1,full_unprescaled_member_covers_run,True,2e-12
2023,2023,368318,Trigger_sngMu,1,full_unprescaled_member_covers_run,True,2e-12
2023,2023,368318,Trigger_Muon,2,full_unprescaled_member_covers_run,True,2e-12
2023,2023,368318,Trigger_EGamma,2,full_unprescaled_member_covers_run,True,2e-12
2023,2023,368318,Trigger_Any,7,full_unprescaled_member_covers_run,True,2e-12
2023,2023,368320,Trigger_ElMu,3,full_unprescaled_member_covers_run,True,2e-12
2023,2023,368320,Trigger_dblEl,1,full_unprescaled_member_covers_run,True,2e-12
2023,2023,368320,Trigger_dblMu,1,full_unprescaled_member_covers_run,True,2e-12
2023,2023,368320,Trigger_sngEl,1,full_unprescaled_member_covers_run,True,2e-12
2023,2023,368320,Trigger_sngMu,1,full_unprescaled_member_covers_run,True,2e-12
2023,2023,368320,Trigger_Muon,2,full_unprescaled_member_covers_run,True,2e-12
2023,2023,368320,Trigger_EGamma,2,full_unprescaled_member_covers_run,True,2e-12
2023,2023,368320,Trigger_Any,7,full_unprescaled_member_covers_run,True,2e-12
2023,2023,368321,Trigger_ElMu,3,full_unprescaled_member_covers_run,True,2e-12
2023,2023,368321,Trigger_dblEl,1,full_unprescaled_member_covers_run,True,2e-12
2023,2023,368321,Trigger_dblMu,1,full_unprescaled_member_covers_run,True,2e-12
2023,2023,368321,Trigger_sngEl,1,full_unprescaled_member_covers_run,True,2e-12
2023,2023,368321,Trigger_sngMu,1,full_unprescaled_member_covers_run,True,2e-12
2023,2023,368321,Trigger_Muon,2,full_unprescaled_member_covers_run,True,2e-12
2023,2023,368321,Trigger_EGamma,2,full_unprescaled_member_covers_run,True,2e-12
2023,2023,368321,Trigger_Any,7,full_unprescaled_member_covers_run,True,2e-12
2023,2023,368332,Trigger_ElMu,3,full_unprescaled_member_covers_run,True,2e-12
2023,2023,368332,Trigger_dblEl,1,full_unprescaled_member_covers_run,True,2e-12
2023,2023,368332,Trigger_dblMu,1,full_unprescaled_member_covers_run,True,2e-12
2023,2023,368332,Trigger_sngEl,1,full_unprescaled_member_covers_run,True,2e-12
2023,2023,368332,Trigger_sngMu,1,full_unprescaled_member_covers_run,True,2e-12
2023,2023,368332,Trigger_Muon,2,full_unprescaled_member_covers_run,True,2e-12
2023,2023,368332,Trigger_EGamma,2,full_unprescaled_member_covers_run,True,2e-12
2023,2023,368332,Trigger_Any,7,full_unprescaled_member_covers_run,True,2e-12
2023,2023,368333,Trigger_ElMu,3,full_unprescaled_member_covers_run,True,2e-12
2023,2023,368333,Trigger_dblEl,1,full_unprescaled_member_covers_run,True,2e-12
2023,2023,368333,Trigger_dblMu,1,full_unprescaled_member_covers_run,True,2e-12
2023,2023,368333,Trigger_sngEl,1,full_unprescaled_member_covers_run,True,2e-12
2023,2023,368333,Trigger_sngMu,1,full_unprescaled_member_covers_run,True,2e-12
2023,2023,368333,Trigger_Muon,2,full_unprescaled_member_covers_run,True,2e-12
2023,2023,368333,Trigger_EGamma,2,full_unprescaled_member_covers_run,True,2e-12
2023,2023,368333,Trigger_Any,7,full_unprescaled_member_covers_run,True,2e-12
2023,2023,368343,Trigger_ElMu,3,full_unprescaled_member_covers_run,True,2e-12
2023,2023,368343,Trigger_dblEl,1,full_unprescaled_member_covers_run,True,2e-12
2023,2023,368343,Trigger_dblMu,1,full_unprescaled_member_covers_run,True,2e-12
2023,2023,368343,Trigger_sngEl,1,full_unprescaled_member_covers_run,True,2e-12
2023,2023,368343,Trigger_sngMu,1,full_unprescaled_member_covers_run,True,2e-12
2023,2023,368343,Trigger_Muon,2,full_unprescaled_member_covers_run,True,2e-12
2023,2023,368343,Trigger_EGamma,2,full_unprescaled_member_covers_run,True,2e-12
2023,2023,368343,Trigger_Any,7,full_unprescaled_member_covers_run,True,2e-12
2023,2023,368382,Trigger_ElMu,3,full_unprescaled_member_covers_run,True,2e-12
2023,2023,368382,Trigger_dblEl,1,full_unprescaled_member_covers_run,True,2e-12
2023,2023,368382,Trigger_dblMu,1,full_unprescaled_member_covers_run,True,2e-12
2023,2023,368382,Trigger_sngEl,1,full_unprescaled_member_covers_run,True,2e-12
2023,2023,368382,Trigger_sngMu,1,full_unprescaled_member_covers_run,True,2e-12
2023,2023,368382,Trigger_Muon,2,full_unprescaled_member_covers_run,True,2e-12
2023,2023,368382,Trigger_EGamma,2,full_unprescaled_member_covers_run,True,2e-12
2023,2023,368382,Trigger_Any,7,full_unprescaled_member_covers_run,True,2e-12
2023,2023,368384,Trigger_ElMu,3,full_unprescaled_member_covers_run,True,2e-12
2023,2023,368384,Trigger_dblEl,1,full_unprescaled_member_covers_run,True,2e-12
2023,2023,368384,Trigger_dblMu,1,full_unprescaled_member_covers_run,True,2e-12
2023,2023,368384,Trigger_sngEl,1,full_unprescaled_member_covers_run,True,2e-12
2023,2023,368384,Trigger_sngMu,1,full_unprescaled_member_covers_run,True,2e-12
2023,2023,368384,Trigger_Muon,2,full_unprescaled_member_covers_run,True,2e-12
2023,2023,368384,Trigger_EGamma,2,full_unprescaled_member_covers_run,True,2e-12
2023,2023,368384,Trigger_Any,7,full_unprescaled_member_covers_run,True,2e-12
2023,2023,368388,Trigger_ElMu,3,full_unprescaled_member_covers_run,True,2e-12
2023,2023,368388,Trigger_dblEl,1,full_unprescaled_member_covers_run,True,2e-12
2023,2023,368388,Trigger_dblMu,1,full_unprescaled_member_covers_run,True,2e-12
2023,2023,368388,Trigger_sngEl,1,full_unprescaled_member_covers_run,True,2e-12
2023,2023,368388,Trigger_sngMu,1,full_unprescaled_member_covers_run,True,2e-12
2023,2023,368388,Trigger_Muon,2,full_unprescaled_member_covers_run,True,2e-12
2023,2023,368388,Trigger_EGamma,2,full_unprescaled_member_covers_run,True,2e-12
2023,2023,368388,Trigger_Any,7,full_unprescaled_member_covers_run,True,2e-12
2023,2023,368389,Trigger_ElMu,3,full_unprescaled_member_covers_run,True,2e-12
2023,2023,368389,Trigger_dblEl,1,full_unprescaled_member_covers_run,True,2e-12
2023,2023,368389,Trigger_dblMu,1,full_unprescaled_member_covers_run,True,2e-12
2023,2023,368389,Trigger_sngEl,1,full_unprescaled_member_covers_run,True,2e-12
2023,2023,368389,Trigger_sngMu,1,full_unprescaled_member_covers_run,True,2e-12
2023,2023,368389,Trigger_Muon,2,full_unprescaled_member_covers_run,True,2e-12
2023,2023,368389,Trigger_EGamma,2,full_unprescaled_member_covers_run,True,2e-12
2023,2023,368389,Trigger_Any,7,full_unprescaled_member_covers_run,True,2e-12
2023,2023,368400,Trigger_ElMu,3,full_unprescaled_member_covers_run,True,2e-12
2023,2023,368400,Trigger_dblEl,1,full_unprescaled_member_covers_run,True,2e-12
2023,2023,368400,Trigger_dblMu,1,full_unprescaled_member_covers_run,True,2e-12
2023,2023,368400,Trigger_sngEl,1,full_unprescaled_member_covers_run,True,2e-12
2023,2023,368400,Trigger_sngMu,1,full_unprescaled_member_covers_run,True,2e-12
2023,2023,368400,Trigger_Muon,2,full_unprescaled_member_covers_run,True,2e-12
2023,2023,368400,Trigger_EGamma,2,full_unprescaled_member_covers_run,True,2e-12
2023,2023,368400,Trigger_Any,7,full_unprescaled_member_covers_run,True,2e-12
2023,2023,368410,Trigger_ElMu,3,full_unprescaled_member_covers_run,True,2e-12
2023,2023,368410,Trigger_dblEl,1,full_unprescaled_member_covers_run,True,2e-12
2023,2023,368410,Trigger_dblMu,1,full_unprescaled_member_covers_run,True,2e-12
2023,2023,368410,Trigger_sngEl,1,full_unprescaled_member_covers_run,True,2e-12
2023,2023,368410,Trigger_sngMu,1,full_unprescaled_member_covers_run,True,2e-12
2023,2023,368410,Trigger_Muon,2,full_unprescaled_member_covers_run,True,2e-12
2023,2023,368410,Trigger_EGamma,2,full_unprescaled_member_covers_run,True,2e-12
2023,2023,368410,Trigger_Any,7,full_unprescaled_member_covers_run,True,2e-12
2023,2023,368412,Trigger_ElMu,3,full_unprescaled_member_covers_run,True,2e-12
2023,2023,368412,Trigger_dblEl,1,full_unprescaled_member_covers_run,True,2e-12
2023,2023,368412,Trigger_dblMu,1,full_unprescaled_member_covers_run,True,2e-12
2023,2023,368412,Trigger_sngEl,1,full_unprescaled_member_covers_run,True,2e-12
2023,2023,368412,Trigger_sngMu,1,full_unprescaled_member_covers_run,True,2e-12
2023,2023,368412,Trigger_Muon,2,full_unprescaled_member_covers_run,True,2e-12
2023,2023,368412,Trigger_EGamma,2,full_unprescaled_member_covers_run,True,2e-12
2023,2023,368412,Trigger_Any,7,full_unprescaled_member_covers_run,True,2e-12
2023,2023,368423,Trigger_ElMu,3,full_unprescaled_member_covers_run,True,2e-12
2023,2023,368423,Trigger_dblEl,1,full_unprescaled_member_covers_run,True,2e-12
2023,2023,368423,Trigger_dblMu,1,full_unprescaled_member_covers_run,True,2e-12
2023,2023,368423,Trigger_sngEl,1,full_unprescaled_member_covers_run,True,2e-12
2023,2023,368423,Trigger_sngMu,1,full_unprescaled_member_covers_run,True,2e-12
2023,2023,368423,Trigger_Muon,2,full_unprescaled_member_covers_run,True,2e-12
2023,2023,368423,Trigger_EGamma,2,full_unprescaled_member_covers_run,True,2e-12
2023,2023,368423,Trigger_Any,7,full_unprescaled_member_covers_run,True,2e-12
2023,2023,368451,Trigger_ElMu,3,full_unprescaled_member_covers_run,True,2e-12
2023,2023,368451,Trigger_dblEl,1,full_unprescaled_member_covers_run,True,2e-12
2023,2023,368451,Trigger_dblMu,1,full_unprescaled_member_covers_run,True,2e-12
2023,2023,368451,Trigger_sngEl,1,full_unprescaled_member_covers_run,True,2e-12
2023,2023,368451,Trigger_sngMu,1,full_unprescaled_member_covers_run,True,2e-12
2023,2023,368451,Trigger_Muon,2,full_unprescaled_member_covers_run,True,2e-12
2023,2023,368451,Trigger_EGamma,2,full_unprescaled_member_covers_run,True,2e-12
2023,2023,368451,Trigger_Any,7,full_unprescaled_member_covers_run,True,2e-12
2023,2023,368453,Trigger_ElMu,3,full_unprescaled_member_covers_run,True,2e-12
2023,2023,368453,Trigger_dblEl,1,full_unprescaled_member_covers_run,True,2e-12
2023,2023,368453,Trigger_dblMu,1,full_unprescaled_member_covers_run,True,2e-12
2023,2023,368453,Trigger_sngEl,1,full_unprescaled_member_covers_run,True,2e-12
2023,2023,368453,Trigger_sngMu,1,full_unprescaled_member_covers_run,True,2e-12
2023,2023,368453,Trigger_Muon,2,full_unprescaled_member_covers_run,True,2e-12
2023,2023,368453,Trigger_EGamma,2,full_unprescaled_member_covers_run,True,2e-12
2023,2023,368453,Trigger_Any,7,full_unprescaled_member_covers_run,True,2e-12
2023,2023,368454,Trigger_ElMu,3,full_unprescaled_member_covers_run,True,2e-12
2023,2023,368454,Trigger_dblEl,1,full_unprescaled_member_covers_run,True,2e-12
2023,2023,368454,Trigger_dblMu,1,full_unprescaled_member_covers_run,True,2e-12
2023,2023,368454,Trigger_sngEl,1,full_unprescaled_member_covers_run,True,2e-12
2023,2023,368454,Trigger_sngMu,1,full_unprescaled_member_covers_run,True,2e-12
2023,2023,368454,Trigger_Muon,2,full_unprescaled_member_covers_run,True,2e-12
2023,2023,368454,Trigger_EGamma,2,full_unprescaled_member_covers_run,True,2e-12
2023,2023,368454,Trigger_Any,7,full_unprescaled_member_covers_run,True,2e-12
2023,2023,368489,Trigger_ElMu,3,full_unprescaled_member_covers_run,True,2e-12
2023,2023,368489,Trigger_dblEl,1,full_unprescaled_member_covers_run,True,2e-12
2023,2023,368489,Trigger_dblMu,1,full_unprescaled_member_covers_run,True,2e-12
2023,2023,368489,Trigger_sngEl,1,full_unprescaled_member_covers_run,True,2e-12
2023,2023,368489,Trigger_sngMu,1,full_unprescaled_member_covers_run,True,2e-12
2023,2023,368489,Trigger_Muon,2,full_unprescaled_member_covers_run,True,2e-12
2023,2023,368489,Trigger_EGamma,2,full_unprescaled_member_covers_run,True,2e-12
2023,2023,368489,Trigger_Any,7,full_unprescaled_member_covers_run,True,2e-12
2023,2023,368546,Trigger_ElMu,3,full_unprescaled_member_covers_run,True,2e-12
2023,2023,368546,Trigger_dblEl,1,full_unprescaled_member_covers_run,True,2e-12
2023,2023,368546,Trigger_dblMu,1,full_unprescaled_member_covers_run,True,2e-12
2023,2023,368546,Trigger_sngEl,1,full_unprescaled_member_covers_run,True,2e-12
2023,2023,368546,Trigger_sngMu,1,full_unprescaled_member_covers_run,True,2e-12
2023,2023,368546,Trigger_Muon,2,full_unprescaled_member_covers_run,True,2e-12
2023,2023,368546,Trigger_EGamma,2,full_unprescaled_member_covers_run,True,2e-12
2023,2023,368546,Trigger_Any,7,full_unprescaled_member_covers_run,True,2e-12
2023,2023,368547,Trigger_ElMu,3,full_unprescaled_member_covers_run,True,2e-12
2023,2023,368547,Trigger_dblEl,1,full_unprescaled_member_covers_run,True,2e-12
2023,2023,368547,Trigger_dblMu,1,full_unprescaled_member_covers_run,True,2e-12
2023,2023,368547,Trigger_sngEl,1,full_unprescaled_member_covers_run,True,2e-12
2023,2023,368547,Trigger_sngMu,1,full_unprescaled_member_covers_run,True,2e-12
2023,2023,368547,Trigger_Muon,2,full_unprescaled_member_covers_run,True,2e-12
2023,2023,368547,Trigger_EGamma,2,full_unprescaled_member_covers_run,True,2e-12
2023,2023,368547,Trigger_Any,7,full_unprescaled_member_covers_run,True,2e-12
2023,2023,368548,Trigger_ElMu,3,validated_unprescaled_partial_ls_union,True,2e-12
2023,2023,368548,Trigger_dblEl,1,full_unprescaled_member_covers_run,True,2e-12
2023,2023,368548,Trigger_dblMu,1,full_unprescaled_member_covers_run,True,2e-12
2023,2023,368548,Trigger_sngEl,1,full_unprescaled_member_covers_run,True,2e-12
2023,2023,368548,Trigger_sngMu,1,full_unprescaled_member_covers_run,True,2e-12
2023,2023,368548,Trigger_Muon,2,full_unprescaled_member_covers_run,True,2e-12
2023,2023,368548,Trigger_EGamma,2,full_unprescaled_member_covers_run,True,2e-12
2023,2023,368548,Trigger_Any,7,full_unprescaled_member_covers_run,True,2e-12
2023,2023,368566,Trigger_ElMu,3,full_unprescaled_member_covers_run,True,2e-12
2023,2023,368566,Trigger_dblEl,1,full_unprescaled_member_covers_run,True,2e-12
2023,2023,368566,Trigger_dblMu,1,full_unprescaled_member_covers_run,True,2e-12
2023,2023,368566,Trigger_sngEl,1,full_unprescaled_member_covers_run,True,2e-12
2023,2023,368566,Trigger_sngMu,1,full_unprescaled_member_covers_run,True,2e-12
2023,2023,368566,Trigger_Muon,2,full_unprescaled_member_covers_run,True,2e-12
2023,2023,368566,Trigger_EGamma,2,full_unprescaled_member_covers_run,True,2e-12
2023,2023,368566,Trigger_Any,7,full_unprescaled_member_covers_run,True,2e-12
2023,2023,368567,Trigger_ElMu,3,full_unprescaled_member_covers_run,True,2e-12
2023,2023,368567,Trigger_dblEl,1,full_unprescaled_member_covers_run,True,2e-12
2023,2023,368567,Trigger_dblMu,1,full_unprescaled_member_covers_run,True,2e-12
2023,2023,368567,Trigger_sngEl,1,full_unprescaled_member_covers_run,True,2e-12
2023,2023,368567,Trigger_sngMu,1,full_unprescaled_member_covers_run,True,2e-12
2023,2023,368567,Trigger_Muon,2,full_unprescaled_member_covers_run,True,2e-12
2023,2023,368567,Trigger_EGamma,2,full_unprescaled_member_covers_run,True,2e-12
2023,2023,368567,Trigger_Any,7,full_unprescaled_member_covers_run,True,2e-12
2023,2023,368609,Trigger_ElMu,3,full_unprescaled_member_covers_run,True,2e-12
2023,2023,368609,Trigger_dblEl,1,full_unprescaled_member_covers_run,True,2e-12
2023,2023,368609,Trigger_dblMu,1,full_unprescaled_member_covers_run,True,2e-12
2023,2023,368609,Trigger_sngEl,1,full_unprescaled_member_covers_run,True,2e-12
2023,2023,368609,Trigger_sngMu,1,full_unprescaled_member_covers_run,True,2e-12
2023,2023,368609,Trigger_Muon,2,full_unprescaled_member_covers_run,True,2e-12
2023,2023,368609,Trigger_EGamma,2,full_unprescaled_member_covers_run,True,2e-12
2023,2023,368609,Trigger_Any,7,full_unprescaled_member_covers_run,True,2e-12
2023,2023,368611,Trigger_ElMu,3,full_unprescaled_member_covers_run,True,2e-12
2023,2023,368611,Trigger_dblEl,1,full_unprescaled_member_covers_run,True,2e-12
2023,2023,368611,Trigger_dblMu,1,full_unprescaled_member_covers_run,True,2e-12
2023,2023,368611,Trigger_sngEl,1,full_unprescaled_member_covers_run,True,2e-12
2023,2023,368611,Trigger_sngMu,1,full_unprescaled_member_covers_run,True,2e-12
2023,2023,368611,Trigger_Muon,2,full_unprescaled_member_covers_run,True,2e-12
2023,2023,368611,Trigger_EGamma,2,full_unprescaled_member_covers_run,True,2e-12
2023,2023,368611,Trigger_Any,7,full_unprescaled_member_covers_run,True,2e-12
2023,2023,368613,Trigger_ElMu,3,full_unprescaled_member_covers_run,True,2e-12
2023,2023,368613,Trigger_dblEl,1,full_unprescaled_member_covers_run,True,2e-12
2023,2023,368613,Trigger_dblMu,1,full_unprescaled_member_covers_run,True,2e-12
2023,2023,368613,Trigger_sngEl,1,full_unprescaled_member_covers_run,True,2e-12
2023,2023,368613,Trigger_sngMu,1,full_unprescaled_member_covers_run,True,2e-12
2023,2023,368613,Trigger_Muon,2,full_unprescaled_member_covers_run,True,2e-12
2023,2023,368613,Trigger_EGamma,2,full_unprescaled_member_covers_run,True,2e-12
2023,2023,368613,Trigger_Any,7,full_unprescaled_member_covers_run,True,2e-12
2023,2023,368636,Trigger_ElMu,3,full_unprescaled_member_covers_run,True,2e-12
2023,2023,368636,Trigger_dblEl,1,full_unprescaled_member_covers_run,True,2e-12
2023,2023,368636,Trigger_dblMu,1,full_unprescaled_member_covers_run,True,2e-12
2023,2023,368636,Trigger_sngEl,1,full_unprescaled_member_covers_run,True,2e-12
2023,2023,368636,Trigger_sngMu,1,full_unprescaled_member_covers_run,True,2e-12
2023,2023,368636,Trigger_Muon,2,full_unprescaled_member_covers_run,True,2e-12
2023,2023,368636,Trigger_EGamma,2,full_unprescaled_member_covers_run,True,2e-12
2023,2023,368636,Trigger_Any,7,full_unprescaled_member_covers_run,True,2e-12
2023,2023,368669,Trigger_ElMu,3,full_unprescaled_member_covers_run,True,2e-12
2023,2023,368669,Trigger_dblEl,1,full_unprescaled_member_covers_run,True,2e-12
2023,2023,368669,Trigger_dblMu,1,full_unprescaled_member_covers_run,True,2e-12
2023,2023,368669,Trigger_sngEl,1,full_unprescaled_member_covers_run,True,2e-12
2023,2023,368669,Trigger_sngMu,1,full_unprescaled_member_covers_run,True,2e-12
2023,2023,368669,Trigger_Muon,2,full_unprescaled_member_covers_run,True,2e-12
2023,2023,368669,Trigger_EGamma,2,full_unprescaled_member_covers_run,True,2e-12
2023,2023,368669,Trigger_Any,7,full_unprescaled_member_covers_run,True,2e-12
2023,2023,368670,Trigger_ElMu,3,full_unprescaled_member_covers_run,True,2e-12
2023,2023,368670,Trigger_dblEl,1,full_unprescaled_member_covers_run,True,2e-12
2023,2023,368670,Trigger_dblMu,1,full_unprescaled_member_covers_run,True,2e-12
2023,2023,368670,Trigger_sngEl,1,full_unprescaled_member_covers_run,True,2e-12
2023,2023,368670,Trigger_sngMu,1,full_unprescaled_member_covers_run,True,2e-12
2023,2023,368670,Trigger_Muon,2,full_unprescaled_member_covers_run,True,2e-12
2023,2023,368670,Trigger_EGamma,2,full_unprescaled_member_covers_run,True,2e-12
2023,2023,368670,Trigger_Any,7,full_unprescaled_member_covers_run,True,2e-12
2023,2023,368672,Trigger_ElMu,3,full_unprescaled_member_covers_run,True,2e-12
2023,2023,368672,Trigger_dblEl,1,full_unprescaled_member_covers_run,True,2e-12
2023,2023,368672,Trigger_dblMu,1,full_unprescaled_member_covers_run,True,2e-12
2023,2023,368672,Trigger_sngEl,1,full_unprescaled_member_covers_run,True,2e-12
2023,2023,368672,Trigger_sngMu,1,full_unprescaled_member_covers_run,True,2e-12
2023,2023,368672,Trigger_Muon,2,full_unprescaled_member_covers_run,True,2e-12
2023,2023,368672,Trigger_EGamma,2,full_unprescaled_member_covers_run,True,2e-12
2023,2023,368672,Trigger_Any,7,full_unprescaled_member_covers_run,True,2e-12
2023,2023,368674,Trigger_ElMu,3,full_unprescaled_member_covers_run,True,2e-12
2023,2023,368674,Trigger_dblEl,1,full_unprescaled_member_covers_run,True,2e-12
2023,2023,368674,Trigger_dblMu,1,full_unprescaled_member_covers_run,True,2e-12
2023,2023,368674,Trigger_sngEl,1,full_unprescaled_member_covers_run,True,2e-12
2023,2023,368674,Trigger_sngMu,1,full_unprescaled_member_covers_run,True,2e-12
2023,2023,368674,Trigger_Muon,2,full_unprescaled_member_covers_run,True,2e-12
2023,2023,368674,Trigger_EGamma,2,full_unprescaled_member_covers_run,True,2e-12
2023,2023,368674,Trigger_Any,7,full_unprescaled_member_covers_run,True,2e-12
2023,2023,368675,Trigger_ElMu,3,full_unprescaled_member_covers_run,True,2e-12
2023,2023,368675,Trigger_dblEl,1,full_unprescaled_member_covers_run,True,2e-12
2023,2023,368675,Trigger_dblMu,1,full_unprescaled_member_covers_run,True,2e-12
2023,2023,368675,Trigger_sngEl,1,full_unprescaled_member_covers_run,True,2e-12
2023,2023,368675,Trigger_sngMu,1,full_unprescaled_member_covers_run,True,2e-12
2023,2023,368675,Trigger_Muon,2,full_unprescaled_member_covers_run,True,2e-12
2023,2023,368675,Trigger_EGamma,2,full_unprescaled_member_covers_run,True,2e-12
2023,2023,368675,Trigger_Any,7,full_unprescaled_member_covers_run,True,2e-12
2023,2023,368676,Trigger_ElMu,3,full_unprescaled_member_covers_run,True,2e-12
2023,2023,368676,Trigger_dblEl,1,full_unprescaled_member_covers_run,True,2e-12
2023,2023,368676,Trigger_dblMu,1,full_unprescaled_member_covers_run,True,2e-12
2023,2023,368676,Trigger_sngEl,1,full_unprescaled_member_covers_run,True,2e-12
2023,2023,368676,Trigger_sngMu,1,full_unprescaled_member_covers_run,True,2e-12
2023,2023,368676,Trigger_Muon,2,full_unprescaled_member_covers_run,True,2e-12
2023,2023,368676,Trigger_EGamma,2,full_unprescaled_member_covers_run,True,2e-12
2023,2023,368676,Trigger_Any,7,full_unprescaled_member_covers_run,True,2e-12
2023,2023,368678,Trigger_ElMu,3,full_unprescaled_member_covers_run,True,2e-12
2023,2023,368678,Trigger_dblEl,1,full_unprescaled_member_covers_run,True,2e-12
2023,2023,368678,Trigger_dblMu,1,full_unprescaled_member_covers_run,True,2e-12
2023,2023,368678,Trigger_sngEl,1,full_unprescaled_member_covers_run,True,2e-12
2023,2023,368678,Trigger_sngMu,1,full_unprescaled_member_covers_run,True,2e-12
2023,2023,368678,Trigger_Muon,2,full_unprescaled_member_covers_run,True,2e-12
2023,2023,368678,Trigger_EGamma,2,full_unprescaled_member_covers_run,True,2e-12
2023,2023,368678,Trigger_Any,7,full_unprescaled_member_covers_run,True,2e-12
2023,2023,368684,Trigger_ElMu,3,full_unprescaled_member_covers_run,True,2e-12
2023,2023,368684,Trigger_dblEl,1,full_unprescaled_member_covers_run,True,2e-12
2023,2023,368684,Trigger_dblMu,1,full_unprescaled_member_covers_run,True,2e-12
2023,2023,368684,Trigger_sngEl,1,full_unprescaled_member_covers_run,True,2e-12
2023,2023,368684,Trigger_sngMu,1,full_unprescaled_member_covers_run,True,2e-12
2023,2023,368684,Trigger_Muon,2,full_unprescaled_member_covers_run,True,2e-12
2023,2023,368684,Trigger_EGamma,2,full_unprescaled_member_covers_run,True,2e-12
2023,2023,368684,Trigger_Any,7,full_unprescaled_member_covers_run,True,2e-12
2023,2023,368685,Trigger_ElMu,3,full_unprescaled_member_covers_run,True,2e-12
2023,2023,368685,Trigger_dblEl,1,full_unprescaled_member_covers_run,True,2e-12
2023,2023,368685,Trigger_dblMu,1,full_unprescaled_member_covers_run,True,2e-12
2023,2023,368685,Trigger_sngEl,1,full_unprescaled_member_covers_run,True,2e-12
2023,2023,368685,Trigger_sngMu,1,full_unprescaled_member_covers_run,True,2e-12
2023,2023,368685,Trigger_Muon,2,full_unprescaled_member_covers_run,True,2e-12
2023,2023,368685,Trigger_EGamma,2,full_unprescaled_member_covers_run,True,2e-12
2023,2023,368685,Trigger_Any,7,full_unprescaled_member_covers_run,True,2e-12
2023,2023,368723,Trigger_ElMu,3,full_unprescaled_member_covers_run,True,2e-12
2023,2023,368723,Trigger_dblEl,1,full_unprescaled_member_covers_run,True,2e-12
2023,2023,368723,Trigger_dblMu,1,full_unprescaled_member_covers_run,True,2e-12
2023,2023,368723,Trigger_sngEl,1,full_unprescaled_member_covers_run,True,2e-12
2023,2023,368723,Trigger_sngMu,1,full_unprescaled_member_covers_run,True,2e-12
2023,2023,368723,Trigger_Muon,2,full_unprescaled_member_covers_run,True,2e-12
2023,2023,368723,Trigger_EGamma,2,full_unprescaled_member_covers_run,True,2e-12
2023,2023,368723,Trigger_Any,7,full_unprescaled_member_covers_run,True,2e-12
2023,2023,368724,Trigger_ElMu,3,full_unprescaled_member_covers_run,True,2e-12
2023,2023,368724,Trigger_dblEl,1,full_unprescaled_member_covers_run,True,2e-12
2023,2023,368724,Trigger_dblMu,1,full_unprescaled_member_covers_run,True,2e-12
2023,2023,368724,Trigger_sngEl,1,full_unprescaled_member_covers_run,True,2e-12
2023,2023,368724,Trigger_sngMu,1,full_unprescaled_member_covers_run,True,2e-12
2023,2023,368724,Trigger_Muon,2,full_unprescaled_member_covers_run,True,2e-12
2023,2023,368724,Trigger_EGamma,2,full_unprescaled_member_covers_run,True,2e-12
2023,2023,368724,Trigger_Any,7,full_unprescaled_member_covers_run,True,2e-12
2023,2023,368746,Trigger_ElMu,3,full_unprescaled_member_covers_run,True,2e-12
2023,2023,368746,Trigger_dblEl,1,full_unprescaled_member_covers_run,True,2e-12
2023,2023,368746,Trigger_dblMu,1,full_unprescaled_member_covers_run,True,2e-12
2023,2023,368746,Trigger_sngEl,1,full_unprescaled_member_covers_run,True,2e-12
2023,2023,368746,Trigger_sngMu,1,full_unprescaled_member_covers_run,True,2e-12
2023,2023,368746,Trigger_Muon,2,full_unprescaled_member_covers_run,True,2e-12
2023,2023,368746,Trigger_EGamma,2,full_unprescaled_member_covers_run,True,2e-12
2023,2023,368746,Trigger_Any,7,full_unprescaled_member_covers_run,True,2e-12
2023,2023,368749,Trigger_ElMu,3,full_unprescaled_member_covers_run,True,2e-12
2023,2023,368749,Trigger_dblEl,1,full_unprescaled_member_covers_run,True,2e-12
2023,2023,368749,Trigger_dblMu,1,full_unprescaled_member_covers_run,True,2e-12
2023,2023,368749,Trigger_sngEl,1,full_unprescaled_member_covers_run,True,2e-12
2023,2023,368749,Trigger_sngMu,1,full_unprescaled_member_covers_run,True,2e-12
2023,2023,368749,Trigger_Muon,2,full_unprescaled_member_covers_run,True,2e-12
2023,2023,368749,Trigger_EGamma,2,full_unprescaled_member_covers_run,True,2e-12
2023,2023,368749,Trigger_Any,7,full_unprescaled_member_covers_run,True,2e-12
2023,2023,368753,Trigger_ElMu,3,full_unprescaled_member_covers_run,True,2e-12
2023,2023,368753,Trigger_dblEl,1,full_unprescaled_member_covers_run,True,2e-12
2023,2023,368753,Trigger_dblMu,1,full_unprescaled_member_covers_run,True,2e-12
2023,2023,368753,Trigger_sngEl,1,full_unprescaled_member_covers_run,True,2e-12
2023,2023,368753,Trigger_sngMu,1,full_unprescaled_member_covers_run,True,2e-12
2023,2023,368753,Trigger_Muon,2,full_unprescaled_member_covers_run,True,2e-12
2023,2023,368753,Trigger_EGamma,2,full_unprescaled_member_covers_run,True,2e-12
2023,2023,368753,Trigger_Any,7,full_unprescaled_member_covers_run,True,2e-12
2023,2023,368762,Trigger_ElMu,3,full_unprescaled_member_covers_run,True,2e-12
2023,2023,368762,Trigger_dblEl,1,full_unprescaled_member_covers_run,True,2e-12
2023,2023,368762,Trigger_dblMu,1,full_unprescaled_member_covers_run,True,2e-12
2023,2023,368762,Trigger_sngEl,1,full_unprescaled_member_covers_run,True,2e-12
2023,2023,368762,Trigger_sngMu,1,full_unprescaled_member_covers_run,True,2e-12
2023,2023,368762,Trigger_Muon,2,full_unprescaled_member_covers_run,True,2e-12
2023,2023,368762,Trigger_EGamma,2,full_unprescaled_member_covers_run,True,2e-12
2023,2023,368762,Trigger_Any,7,full_unprescaled_member_covers_run,True,2e-12
2023,2023,368764,Trigger_ElMu,3,full_unprescaled_member_covers_run,True,2e-12
2023,2023,368764,Trigger_dblEl,1,full_unprescaled_member_covers_run,True,2e-12
2023,2023,368764,Trigger_dblMu,1,full_unprescaled_member_covers_run,True,2e-12
2023,2023,368764,Trigger_sngEl,1,full_unprescaled_member_covers_run,True,2e-12
2023,2023,368764,Trigger_sngMu,1,full_unprescaled_member_covers_run,True,2e-12
2023,2023,368764,Trigger_Muon,2,full_unprescaled_member_covers_run,True,2e-12
2023,2023,368764,Trigger_EGamma,2,full_unprescaled_member_covers_run,True,2e-12
2023,2023,368764,Trigger_Any,7,full_unprescaled_member_covers_run,True,2e-12
2023,2023,368765,Trigger_ElMu,3,full_unprescaled_member_covers_run,True,2e-12
2023,2023,368765,Trigger_dblEl,1,full_unprescaled_member_covers_run,True,2e-12
2023,2023,368765,Trigger_dblMu,1,full_unprescaled_member_covers_run,True,2e-12
2023,2023,368765,Trigger_sngEl,1,full_unprescaled_member_covers_run,True,2e-12
2023,2023,368765,Trigger_sngMu,1,full_unprescaled_member_covers_run,True,2e-12
2023,2023,368765,Trigger_Muon,2,full_unprescaled_member_covers_run,True,2e-12
2023,2023,368765,Trigger_EGamma,2,full_unprescaled_member_covers_run,True,2e-12
2023,2023,368765,Trigger_Any,7,full_unprescaled_member_covers_run,True,2e-12
2023,2023,368822,Trigger_ElMu,3,full_unprescaled_member_covers_run,True,2e-12
2023,2023,368822,Trigger_dblEl,1,full_unprescaled_member_covers_run,True,2e-12
2023,2023,368822,Trigger_dblMu,1,full_unprescaled_member_covers_run,True,2e-12
2023,2023,368822,Trigger_sngEl,1,full_unprescaled_member_covers_run,True,2e-12
2023,2023,368822,Trigger_sngMu,1,full_unprescaled_member_covers_run,True,2e-12
2023,2023,368822,Trigger_Muon,2,full_unprescaled_member_covers_run,True,2e-12
2023,2023,368822,Trigger_EGamma,2,full_unprescaled_member_covers_run,True,2e-12
2023,2023,368822,Trigger_Any,7,full_unprescaled_member_covers_run,True,2e-12
2023,2023,368823,Trigger_ElMu,3,full_unprescaled_member_covers_run,True,2e-12
2023,2023,368823,Trigger_dblEl,1,full_unprescaled_member_covers_run,True,2e-12
2023,2023,368823,Trigger_dblMu,1,full_unprescaled_member_covers_run,True,2e-12
2023,2023,368823,Trigger_sngEl,1,full_unprescaled_member_covers_run,True,2e-12
2023,2023,368823,Trigger_sngMu,1,full_unprescaled_member_covers_run,True,2e-12
2023,2023,368823,Trigger_Muon,2,full_unprescaled_member_covers_run,True,2e-12
2023,2023,368823,Trigger_EGamma,2,full_unprescaled_member_covers_run,True,2e-12
2023,2023,368823,Trigger_Any,7,full_unprescaled_member_covers_run,True,2e-12
2023,2023BPix,369927,Trigger_ElMu,3,full_unprescaled_member_covers_run,True,2e-12
2023,2023BPix,369927,Trigger_dblEl,1,full_unprescaled_member_covers_run,True,2e-12
2023,2023BPix,369927,Trigger_dblMu,1,full_unprescaled_member_covers_run,True,2e-12
2023,2023BPix,369927,Trigger_sngEl,1,full_unprescaled_member_covers_run,True,2e-12
2023,2023BPix,369927,Trigger_sngMu,1,full_unprescaled_member_covers_run,True,2e-12
2023,2023BPix,369927,Trigger_Muon,2,full_unprescaled_member_covers_run,True,2e-12
2023,2023BPix,369927,Trigger_EGamma,2,full_unprescaled_member_covers_run,True,2e-12
2023,2023BPix,369927,Trigger_Any,7,full_unprescaled_member_covers_run,True,2e-12
2023,2023BPix,369943,Trigger_ElMu,3,full_unprescaled_member_covers_run,True,2e-12
2023,2023BPix,369943,Trigger_dblEl,1,full_unprescaled_member_covers_run,True,2e-12
2023,2023BPix,369943,Trigger_dblMu,1,full_unprescaled_member_covers_run,True,2e-12
2023,2023BPix,369943,Trigger_sngEl,1,full_unprescaled_member_covers_run,True,2e-12
2023,2023BPix,369943,Trigger_sngMu,1,full_unprescaled_member_covers_run,True,2e-12
2023,2023BPix,369943,Trigger_Muon,2,full_unprescaled_member_covers_run,True,2e-12
2023,2023BPix,369943,Trigger_EGamma,2,full_unprescaled_member_covers_run,True,2e-12
2023,2023BPix,369943,Trigger_Any,7,full_unprescaled_member_covers_run,True,2e-12
2023,2023BPix,369956,Trigger_ElMu,3,full_unprescaled_member_covers_run,True,2e-12
2023,2023BPix,369956,Trigger_dblEl,1,full_unprescaled_member_covers_run,True,2e-12
2023,2023BPix,369956,Trigger_dblMu,1,full_unprescaled_member_covers_run,True,2e-12
2023,2023BPix,369956,Trigger_sngEl,1,full_unprescaled_member_covers_run,True,2e-12
2023,2023BPix,369956,Trigger_sngMu,1,full_unprescaled_member_covers_run,True,2e-12
2023,2023BPix,369956,Trigger_Muon,2,full_unprescaled_member_covers_run,True,2e-12
2023,2023BPix,369956,Trigger_EGamma,2,full_unprescaled_member_covers_run,True,2e-12
2023,2023BPix,369956,Trigger_Any,7,full_unprescaled_member_covers_run,True,2e-12
2023,2023BPix,369978,Trigger_ElMu,3,full_unprescaled_member_covers_run,True,2e-12
2023,2023BPix,369978,Trigger_dblEl,1,full_unprescaled_member_covers_run,True,2e-12
2023,2023BPix,369978,Trigger_dblMu,1,full_unprescaled_member_covers_run,True,2e-12
2023,2023BPix,369978,Trigger_sngEl,1,full_unprescaled_member_covers_run,True,2e-12
2023,2023BPix,369978,Trigger_sngMu,1,full_unprescaled_member_covers_run,True,2e-12
2023,2023BPix,369978,Trigger_Muon,2,full_unprescaled_member_covers_run,True,2e-12
2023,2023BPix,369978,Trigger_EGamma,2,full_unprescaled_member_covers_run,True,2e-12
2023,2023BPix,369978,Trigger_Any,7,full_unprescaled_member_covers_run,True,2e-12
2023,2023BPix,369998,Trigger_ElMu,3,full_unprescaled_member_covers_run,True,2e-12
2023,2023BPix,369998,Trigger_dblEl,1,full_unprescaled_member_covers_run,True,2e-12
2023,2023BPix,369998,Trigger_dblMu,1,full_unprescaled_member_covers_run,True,2e-12
2023,2023BPix,369998,Trigger_sngEl,1,full_unprescaled_member_covers_run,True,2e-12
2023,2023BPix,369998,Trigger_sngMu,1,full_unprescaled_member_covers_run,True,2e-12
2023,2023BPix,369998,Trigger_Muon,2,full_unprescaled_member_covers_run,True,2e-12
2023,2023BPix,369998,Trigger_EGamma,2,full_unprescaled_member_covers_run,True,2e-12
2023,2023BPix,369998,Trigger_Any,7,full_unprescaled_member_covers_run,True,2e-12
2023,2023BPix,369999,Trigger_ElMu,3,full_unprescaled_member_covers_run,True,2e-12
2023,2023BPix,369999,Trigger_dblEl,1,full_unprescaled_member_covers_run,True,2e-12
2023,2023BPix,369999,Trigger_dblMu,1,full_unprescaled_member_covers_run,True,2e-12
2023,2023BPix,369999,Trigger_sngEl,1,full_unprescaled_member_covers_run,True,2e-12
2023,2023BPix,369999,Trigger_sngMu,1,full_unprescaled_member_covers_run,True,2e-12
2023,2023BPix,369999,Trigger_Muon,2,full_unprescaled_member_covers_run,True,2e-12
2023,2023BPix,369999,Trigger_EGamma,2,full_unprescaled_member_covers_run,True,2e-12
2023,2023BPix,369999,Trigger_Any,7,full_unprescaled_member_covers_run,True,2e-12
2023,2023BPix,370093,Trigger_ElMu,3,full_unprescaled_member_covers_run,True,2e-12
2023,2023BPix,370093,Trigger_dblEl,1,full_unprescaled_member_covers_run,True,2e-12
2023,2023BPix,370093,Trigger_dblMu,1,full_unprescaled_member_covers_run,True,2e-12
2023,2023BPix,370093,Trigger_sngEl,1,full_unprescaled_member_covers_run,True,2e-12
2023,2023BPix,370093,Trigger_sngMu,1,full_unprescaled_member_covers_run,True,2e-12
2023,2023BPix,370093,Trigger_Muon,2,full_unprescaled_member_covers_run,True,2e-12
2023,2023BPix,370093,Trigger_EGamma,2,full_unprescaled_member_covers_run,True,2e-12
2023,2023BPix,370093,Trigger_Any,7,full_unprescaled_member_covers_run,True,2e-12
2023,2023BPix,370097,Trigger_ElMu,3,full_unprescaled_member_covers_run,True,2e-12
2023,2023BPix,370097,Trigger_dblEl,1,full_unprescaled_member_covers_run,True,2e-12
2023,2023BPix,370097,Trigger_dblMu,1,full_unprescaled_member_covers_run,True,2e-12
2023,2023BPix,370097,Trigger_sngEl,1,full_unprescaled_member_covers_run,True,2e-12
2023,2023BPix,370097,Trigger_sngMu,1,full_unprescaled_member_covers_run,True,2e-12
2023,2023BPix,370097,Trigger_Muon,2,full_unprescaled_member_covers_run,True,2e-12
2023,2023BPix,370097,Trigger_EGamma,2,full_unprescaled_member_covers_run,True,2e-12
2023,2023BPix,370097,Trigger_Any,7,full_unprescaled_member_covers_run,True,2e-12
2023,2023BPix,370102,Trigger_ElMu,3,full_unprescaled_member_covers_run,True,2e-12
2023,2023BPix,370102,Trigger_dblEl,1,full_unprescaled_member_covers_run,True,2e-12
2023,2023BPix,370102,Trigger_dblMu,1,full_unprescaled_member_covers_run,True,2e-12
2023,2023BPix,370102,Trigger_sngEl,1,full_unprescaled_member_covers_run,True,2e-12
2023,2023BPix,370102,Trigger_sngMu,1,full_unprescaled_member_covers_run,True,2e-12
2023,2023BPix,370102,Trigger_Muon,2,full_unprescaled_member_covers_run,True,2e-12
2023,2023BPix,370102,Trigger_EGamma,2,full_unprescaled_member_covers_run,True,2e-12
2023,2023BPix,370102,Trigger_Any,7,full_unprescaled_member_covers_run,True,2e-12
2023,2023BPix,370129,Trigger_ElMu,3,full_unprescaled_member_covers_run,True,2e-12
2023,2023BPix,370129,Trigger_dblEl,1,full_unprescaled_member_covers_run,True,2e-12
2023,2023BPix,370129,Trigger_dblMu,1,full_unprescaled_member_covers_run,True,2e-12
2023,2023BPix,370129,Trigger_sngEl,1,full_unprescaled_member_covers_run,True,2e-12
2023,2023BPix,370129,Trigger_sngMu,1,full_unprescaled_member_covers_run,True,2e-12
2023,2023BPix,370129,Trigger_Muon,2,full_unprescaled_member_covers_run,True,2e-12
2023,2023BPix,370129,Trigger_EGamma,2,full_unprescaled_member_covers_run,True,2e-12
2023,2023BPix,370129,Trigger_Any,7,full_unprescaled_member_covers_run,True,2e-12
2023,2023BPix,370144,Trigger_ElMu,3,full_unprescaled_member_covers_run,True,2e-12
2023,2023BPix,370144,Trigger_dblEl,1,full_unprescaled_member_covers_run,True,2e-12
2023,2023BPix,370144,Trigger_dblMu,1,full_unprescaled_member_covers_run,True,2e-12
2023,2023BPix,370144,Trigger_sngEl,1,full_unprescaled_member_covers_run,True,2e-12
2023,2023BPix,370144,Trigger_sngMu,1,full_unprescaled_member_covers_run,True,2e-12
2023,2023BPix,370144,Trigger_Muon,2,full_unprescaled_member_covers_run,True,2e-12
2023,2023BPix,370144,Trigger_EGamma,2,full_unprescaled_member_covers_run,True,2e-12
2023,2023BPix,370144,Trigger_Any,7,full_unprescaled_member_covers_run,True,2e-12
2023,2023BPix,370169,Trigger_ElMu,3,full_unprescaled_member_covers_run,True,2e-12
2023,2023BPix,370169,Trigger_dblEl,1,full_unprescaled_member_covers_run,True,2e-12
2023,2023BPix,370169,Trigger_dblMu,1,full_unprescaled_member_covers_run,True,2e-12
2023,2023BPix,370169,Trigger_sngEl,1,full_unprescaled_member_covers_run,True,2e-12
2023,2023BPix,370169,Trigger_sngMu,1,full_unprescaled_member_covers_run,True,2e-12
2023,2023BPix,370169,Trigger_Muon,2,full_unprescaled_member_covers_run,True,2e-12
2023,2023BPix,370169,Trigger_EGamma,2,full_unprescaled_member_covers_run,True,2e-12
2023,2023BPix,370169,Trigger_Any,7,full_unprescaled_member_covers_run,True,2e-12
2023,2023BPix,370172,Trigger_ElMu,3,full_unprescaled_member_covers_run,True,2e-12
2023,2023BPix,370172,Trigger_dblEl,1,full_unprescaled_member_covers_run,True,2e-12
2023,2023BPix,370172,Trigger_dblMu,1,full_unprescaled_member_covers_run,True,2e-12
2023,2023BPix,370172,Trigger_sngEl,1,full_unprescaled_member_covers_run,True,2e-12
2023,2023BPix,370172,Trigger_sngMu,1,full_unprescaled_member_covers_run,True,2e-12
2023,2023BPix,370172,Trigger_Muon,2,full_unprescaled_member_covers_run,True,2e-12
2023,2023BPix,370172,Trigger_EGamma,2,full_unprescaled_member_covers_run,True,2e-12
2023,2023BPix,370172,Trigger_Any,7,full_unprescaled_member_covers_run,True,2e-12
2023,2023BPix,370175,Trigger_ElMu,3,full_unprescaled_member_covers_run,True,2e-12
2023,2023BPix,370175,Trigger_dblEl,1,full_unprescaled_member_covers_run,True,2e-12
2023,2023BPix,370175,Trigger_dblMu,1,full_unprescaled_member_covers_run,True,2e-12
2023,2023BPix,370175,Trigger_sngEl,1,full_unprescaled_member_covers_run,True,2e-12
2023,2023BPix,370175,Trigger_sngMu,1,full_unprescaled_member_covers_run,True,2e-12
2023,2023BPix,370175,Trigger_Muon,2,full_unprescaled_member_covers_run,True,2e-12
2023,2023BPix,370175,Trigger_EGamma,2,full_unprescaled_member_covers_run,True,2e-12
2023,2023BPix,370175,Trigger_Any,7,full_unprescaled_member_covers_run,True,2e-12
2023,2023BPix,370293,Trigger_ElMu,3,full_unprescaled_member_covers_run,True,2e-12
2023,2023BPix,370293,Trigger_dblEl,1,full_unprescaled_member_covers_run,True,2e-12
2023,2023BPix,370293,Trigger_dblMu,1,validated_unprescaled_partial_ls_union,True,2e-12
2023,2023BPix,370293,Trigger_sngEl,1,full_unprescaled_member_covers_run,True,2e-12
2023,2023BPix,370293,Trigger_sngMu,1,validated_unprescaled_partial_ls_union,True,2e-12
2023,2023BPix,370293,Trigger_Muon,2,validated_unprescaled_partial_ls_union,True,2e-12
2023,2023BPix,370293,Trigger_EGamma,2,full_unprescaled_member_covers_run,True,2e-12
2023,2023BPix,370293,Trigger_Any,7,full_unprescaled_member_covers_run,True,2e-12
2023,2023BPix,370294,Trigger_ElMu,3,full_unprescaled_member_covers_run,True,2e-12
2023,2023BPix,370294,Trigger_dblEl,1,full_unprescaled_member_covers_run,True,2e-12
2023,2023BPix,370294,Trigger_dblMu,1,full_unprescaled_member_covers_run,True,2e-12
2023,2023BPix,370294,Trigger_sngEl,1,full_unprescaled_member_covers_run,True,2e-12
2023,2023BPix,370294,Trigger_sngMu,1,full_unprescaled_member_covers_run,True,2e-12
2023,2023BPix,370294,Trigger_Muon,2,full_unprescaled_member_covers_run,True,2e-12
2023,2023BPix,370294,Trigger_EGamma,2,full_unprescaled_member_covers_run,True,2e-12
2023,2023BPix,370294,Trigger_Any,7,full_unprescaled_member_covers_run,True,2e-12
2023,2023BPix,370300,Trigger_ElMu,3,full_unprescaled_member_covers_run,True,2e-12
2023,2023BPix,370300,Trigger_dblEl,1,full_unprescaled_member_covers_run,True,2e-12
2023,2023BPix,370300,Trigger_dblMu,1,validated_unprescaled_partial_ls_union,True,2e-12
2023,2023BPix,370300,Trigger_sngEl,1,full_unprescaled_member_covers_run,True,2e-12
2023,2023BPix,370300,Trigger_sngMu,1,validated_unprescaled_partial_ls_union,True,2e-12
2023,2023BPix,370300,Trigger_Muon,2,validated_unprescaled_partial_ls_union,True,2e-12
2023,2023BPix,370300,Trigger_EGamma,2,full_unprescaled_member_covers_run,True,2e-12
2023,2023BPix,370300,Trigger_Any,7,full_unprescaled_member_covers_run,True,2e-12
2023,2023BPix,370304,Trigger_ElMu,3,full_unprescaled_member_covers_run,True,2e-12
2023,2023BPix,370304,Trigger_dblEl,1,full_unprescaled_member_covers_run,True,2e-12
2023,2023BPix,370304,Trigger_dblMu,1,full_unprescaled_member_covers_run,True,2e-12
2023,2023BPix,370304,Trigger_sngEl,1,full_unprescaled_member_covers_run,True,2e-12
2023,2023BPix,370304,Trigger_sngMu,1,full_unprescaled_member_covers_run,True,2e-12
2023,2023BPix,370304,Trigger_Muon,2,full_unprescaled_member_covers_run,True,2e-12
2023,2023BPix,370304,Trigger_EGamma,2,full_unprescaled_member_covers_run,True,2e-12
2023,2023BPix,370304,Trigger_Any,7,full_unprescaled_member_covers_run,True,2e-12
2023,2023BPix,370307,Trigger_ElMu,3,full_unprescaled_member_covers_run,True,2e-12
2023,2023BPix,370307,Trigger_dblEl,1,full_unprescaled_member_covers_run,True,2e-12
2023,2023BPix,370307,Trigger_dblMu,1,full_unprescaled_member_covers_run,True,2e-12
2023,2023BPix,370307,Trigger_sngEl,1,full_unprescaled_member_covers_run,True,2e-12
2023,2023BPix,370307,Trigger_sngMu,1,full_unprescaled_member_covers_run,True,2e-12
2023,2023BPix,370307,Trigger_Muon,2,full_unprescaled_member_covers_run,True,2e-12
2023,2023BPix,370307,Trigger_EGamma,2,full_unprescaled_member_covers_run,True,2e-12
2023,2023BPix,370307,Trigger_Any,7,full_unprescaled_member_covers_run,True,2e-12
2023,2023BPix,370321,Trigger_ElMu,3,full_unprescaled_member_covers_run,True,2e-12
2023,2023BPix,370321,Trigger_dblEl,1,full_unprescaled_member_covers_run,True,2e-12
2023,2023BPix,370321,Trigger_dblMu,1,full_unprescaled_member_covers_run,True,2e-12
2023,2023BPix,370321,Trigger_sngEl,1,full_unprescaled_member_covers_run,True,2e-12
2023,2023BPix,370321,Trigger_sngMu,1,full_unprescaled_member_covers_run,True,2e-12
2023,2023BPix,370321,Trigger_Muon,2,full_unprescaled_member_covers_run,True,2e-12
2023,2023BPix,370321,Trigger_EGamma,2,full_unprescaled_member_covers_run,True,2e-12
2023,2023BPix,370321,Trigger_Any,7,full_unprescaled_member_covers_run,True,2e-12
2023,2023BPix,370332,Trigger_ElMu,3,full_unprescaled_member_covers_run,True,2e-12
2023,2023BPix,370332,Trigger_dblEl,1,full_unprescaled_member_covers_run,True,2e-12
2023,2023BPix,370332,Trigger_dblMu,1,full_unprescaled_member_covers_run,True,2e-12
2023,2023BPix,370332,Trigger_sngEl,1,full_unprescaled_member_covers_run,True,2e-12
2023,2023BPix,370332,Trigger_sngMu,1,full_unprescaled_member_covers_run,True,2e-12
2023,2023BPix,370332,Trigger_Muon,2,full_unprescaled_member_covers_run,True,2e-12
2023,2023BPix,370332,Trigger_EGamma,2,full_unprescaled_member_covers_run,True,2e-12
2023,2023BPix,370332,Trigger_Any,7,full_unprescaled_member_covers_run,True,2e-12
2023,2023BPix,370340,Trigger_ElMu,3,full_unprescaled_member_covers_run,True,2e-12
2023,2023BPix,370340,Trigger_dblEl,1,full_unprescaled_member_covers_run,True,2e-12
2023,2023BPix,370340,Trigger_dblMu,1,full_unprescaled_member_covers_run,True,2e-12
2023,2023BPix,370340,Trigger_sngEl,1,full_unprescaled_member_covers_run,True,2e-12
2023,2023BPix,370340,Trigger_sngMu,1,full_unprescaled_member_covers_run,True,2e-12
2023,2023BPix,370340,Trigger_Muon,2,full_unprescaled_member_covers_run,True,2e-12
2023,2023BPix,370340,Trigger_EGamma,2,full_unprescaled_member_covers_run,True,2e-12
2023,2023BPix,370340,Trigger_Any,7,full_unprescaled_member_covers_run,True,2e-12
2023,2023BPix,370354,Trigger_ElMu,3,full_unprescaled_member_covers_run,True,2e-12
2023,2023BPix,370354,Trigger_dblEl,1,full_unprescaled_member_covers_run,True,2e-12
2023,2023BPix,370354,Trigger_dblMu,1,full_unprescaled_member_covers_run,True,2e-12
2023,2023BPix,370354,Trigger_sngEl,1,full_unprescaled_member_covers_run,True,2e-12
2023,2023BPix,370354,Trigger_sngMu,1,full_unprescaled_member_covers_run,True,2e-12
2023,2023BPix,370354,Trigger_Muon,2,full_unprescaled_member_covers_run,True,2e-12
2023,2023BPix,370354,Trigger_EGamma,2,full_unprescaled_member_covers_run,True,2e-12
2023,2023BPix,370354,Trigger_Any,7,full_unprescaled_member_covers_run,True,2e-12
2023,2023BPix,370357,Trigger_ElMu,3,full_unprescaled_member_covers_run,True,2e-12
2023,2023BPix,370357,Trigger_dblEl,1,full_unprescaled_member_covers_run,True,2e-12
2023,2023BPix,370357,Trigger_dblMu,1,full_unprescaled_member_covers_run,True,2e-12
2023,2023BPix,370357,Trigger_sngEl,1,full_unprescaled_member_covers_run,True,2e-12
2023,2023BPix,370357,Trigger_sngMu,1,full_unprescaled_member_covers_run,True,2e-12
2023,2023BPix,370357,Trigger_Muon,2,full_unprescaled_member_covers_run,True,2e-12
2023,2023BPix,370357,Trigger_EGamma,2,full_unprescaled_member_covers_run,True,2e-12
2023,2023BPix,370357,Trigger_Any,7,full_unprescaled_member_covers_run,True,2e-12
2023,2023BPix,370406,Trigger_ElMu,3,full_unprescaled_member_covers_run,True,2e-12
2023,2023BPix,370406,Trigger_dblEl,1,full_unprescaled_member_covers_run,True,2e-12
2023,2023BPix,370406,Trigger_dblMu,1,full_unprescaled_member_covers_run,True,2e-12
2023,2023BPix,370406,Trigger_sngEl,1,full_unprescaled_member_covers_run,True,2e-12
2023,2023BPix,370406,Trigger_sngMu,1,full_unprescaled_member_covers_run,True,2e-12
2023,2023BPix,370406,Trigger_Muon,2,full_unprescaled_member_covers_run,True,2e-12
2023,2023BPix,370406,Trigger_EGamma,2,full_unprescaled_member_covers_run,True,2e-12
2023,2023BPix,370406,Trigger_Any,7,full_unprescaled_member_covers_run,True,2e-12
2023,2023BPix,370436,Trigger_ElMu,3,validated_unprescaled_partial_ls_union,True,2e-12
2023,2023BPix,370436,Trigger_dblEl,1,validated_unprescaled_partial_ls_union,True,2e-12
2023,2023BPix,370436,Trigger_dblMu,1,full_unprescaled_member_covers_run,True,2e-12
2023,2023BPix,370436,Trigger_sngEl,1,validated_unprescaled_partial_ls_union,True,2e-12
2023,2023BPix,370436,Trigger_sngMu,1,full_unprescaled_member_covers_run,True,2e-12
2023,2023BPix,370436,Trigger_Muon,2,full_unprescaled_member_covers_run,True,2e-12
2023,2023BPix,370436,Trigger_EGamma,2,validated_unprescaled_partial_ls_union,True,2e-12
2023,2023BPix,370436,Trigger_Any,7,full_unprescaled_member_covers_run,True,2e-12
2023,2023BPix,370460,Trigger_ElMu,3,validated_unprescaled_partial_ls_union,True,2e-12
2023,2023BPix,370460,Trigger_dblEl,1,validated_unprescaled_partial_ls_union,True,2e-12
2023,2023BPix,370460,Trigger_dblMu,1,full_unprescaled_member_covers_run,True,2e-12
2023,2023BPix,370460,Trigger_sngEl,1,validated_unprescaled_partial_ls_union,True,2e-12
2023,2023BPix,370460,Trigger_sngMu,1,full_unprescaled_member_covers_run,True,2e-12
2023,2023BPix,370460,Trigger_Muon,2,full_unprescaled_member_covers_run,True,2e-12
2023,2023BPix,370460,Trigger_EGamma,2,validated_unprescaled_partial_ls_union,True,2e-12
2023,2023BPix,370460,Trigger_Any,7,full_unprescaled_member_covers_run,True,2e-12
2023,2023BPix,370472,Trigger_ElMu,3,full_unprescaled_member_covers_run,True,2e-12
2023,2023BPix,370472,Trigger_dblEl,1,full_unprescaled_member_covers_run,True,2e-12
2023,2023BPix,370472,Trigger_dblMu,1,full_unprescaled_member_covers_run,True,2e-12
2023,2023BPix,370472,Trigger_sngEl,1,full_unprescaled_member_covers_run,True,2e-12
2023,2023BPix,370472,Trigger_sngMu,1,full_unprescaled_member_covers_run,True,2e-12
2023,2023BPix,370472,Trigger_Muon,2,full_unprescaled_member_covers_run,True,2e-12
2023,2023BPix,370472,Trigger_EGamma,2,full_unprescaled_member_covers_run,True,2e-12
2023,2023BPix,370472,Trigger_Any,7,full_unprescaled_member_covers_run,True,2e-12
2023,2023BPix,370497,Trigger_ElMu,3,full_unprescaled_member_covers_run,True,2e-12
2023,2023BPix,370497,Trigger_dblEl,1,full_unprescaled_member_covers_run,True,2e-12
2023,2023BPix,370497,Trigger_dblMu,1,full_unprescaled_member_covers_run,True,2e-12
2023,2023BPix,370497,Trigger_sngEl,1,full_unprescaled_member_covers_run,True,2e-12
2023,2023BPix,370497,Trigger_sngMu,1,full_unprescaled_member_covers_run,True,2e-12
2023,2023BPix,370497,Trigger_Muon,2,full_unprescaled_member_covers_run,True,2e-12
2023,2023BPix,370497,Trigger_EGamma,2,full_unprescaled_member_covers_run,True,2e-12
2023,2023BPix,370497,Trigger_Any,7,full_unprescaled_member_covers_run,True,2e-12
2023,2023BPix,370522,Trigger_ElMu,3,full_unprescaled_member_covers_run,True,2e-12
2023,2023BPix,370522,Trigger_dblEl,1,full_unprescaled_member_covers_run,True,2e-12
2023,2023BPix,370522,Trigger_dblMu,1,full_unprescaled_member_covers_run,True,2e-12
2023,2023BPix,370522,Trigger_sngEl,1,full_unprescaled_member_covers_run,True,2e-12
2023,2023BPix,370522,Trigger_sngMu,1,full_unprescaled_member_covers_run,True,2e-12
2023,2023BPix,370522,Trigger_Muon,2,full_unprescaled_member_covers_run,True,2e-12
2023,2023BPix,370522,Trigger_EGamma,2,full_unprescaled_member_covers_run,True,2e-12
2023,2023BPix,370522,Trigger_Any,7,full_unprescaled_member_covers_run,True,2e-12
2023,2023BPix,370560,Trigger_ElMu,3,full_unprescaled_member_covers_run,True,2e-12
2023,2023BPix,370560,Trigger_dblEl,1,full_unprescaled_member_covers_run,True,2e-12
2023,2023BPix,370560,Trigger_dblMu,1,full_unprescaled_member_covers_run,True,2e-12
2023,2023BPix,370560,Trigger_sngEl,1,full_unprescaled_member_covers_run,True,2e-12
2023,2023BPix,370560,Trigger_sngMu,1,full_unprescaled_member_covers_run,True,2e-12
2023,2023BPix,370560,Trigger_Muon,2,full_unprescaled_member_covers_run,True,2e-12
2023,2023BPix,370560,Trigger_EGamma,2,full_unprescaled_member_covers_run,True,2e-12
2023,2023BPix,370560,Trigger_Any,7,full_unprescaled_member_covers_run,True,2e-12
2023,2023BPix,370579,Trigger_ElMu,3,full_unprescaled_member_covers_run,True,2e-12
2023,2023BPix,370579,Trigger_dblEl,1,full_unprescaled_member_covers_run,True,2e-12
2023,2023BPix,370579,Trigger_dblMu,1,full_unprescaled_member_covers_run,True,2e-12
2023,2023BPix,370579,Trigger_sngEl,1,full_unprescaled_member_covers_run,True,2e-12
2023,2023BPix,370579,Trigger_sngMu,1,full_unprescaled_member_covers_run,True,2e-12
2023,2023BPix,370579,Trigger_Muon,2,full_unprescaled_member_covers_run,True,2e-12
2023,2023BPix,370579,Trigger_EGamma,2,full_unprescaled_member_covers_run,True,2e-12
2023,2023BPix,370579,Trigger_Any,7,full_unprescaled_member_covers_run,True,2e-12
2023,2023BPix,370580,Trigger_ElMu,3,full_unprescaled_member_covers_run,True,2e-12
2023,2023BPix,370580,Trigger_dblEl,1,full_unprescaled_member_covers_run,True,2e-12
2023,2023BPix,370580,Trigger_dblMu,1,full_unprescaled_member_covers_run,True,2e-12
2023,2023BPix,370580,Trigger_sngEl,1,full_unprescaled_member_covers_run,True,2e-12
2023,2023BPix,370580,Trigger_sngMu,1,full_unprescaled_member_covers_run,True,2e-12
2023,2023BPix,370580,Trigger_Muon,2,full_unprescaled_member_covers_run,True,2e-12
2023,2023BPix,370580,Trigger_EGamma,2,full_unprescaled_member_covers_run,True,2e-12
2023,2023BPix,370580,Trigger_Any,7,full_unprescaled_member_covers_run,True,2e-12
2023,2023BPix,370667,Trigger_ElMu,3,validated_unprescaled_partial_ls_union,True,2e-12
2023,2023BPix,370667,Trigger_dblEl,1,validated_unprescaled_partial_ls_union,True,2e-12
2023,2023BPix,370667,Trigger_dblMu,1,full_unprescaled_member_covers_run,True,2e-12
2023,2023BPix,370667,Trigger_sngEl,1,validated_unprescaled_partial_ls_union,True,2e-12
2023,2023BPix,370667,Trigger_sngMu,1,full_unprescaled_member_covers_run,True,2e-12
2023,2023BPix,370667,Trigger_Muon,2,full_unprescaled_member_covers_run,True,2e-12
2023,2023BPix,370667,Trigger_EGamma,2,validated_unprescaled_partial_ls_union,True,2e-12
2023,2023BPix,370667,Trigger_Any,7,full_unprescaled_member_covers_run,True,2e-12
2023,2023BPix,370717,Trigger_ElMu,3,full_unprescaled_member_covers_run,True,2e-12
2023,2023BPix,370717,Trigger_dblEl,1,full_unprescaled_member_covers_run,True,2e-12
2023,2023BPix,370717,Trigger_dblMu,1,full_unprescaled_member_covers_run,True,2e-12
2023,2023BPix,370717,Trigger_sngEl,1,full_unprescaled_member_covers_run,True,2e-12
2023,2023BPix,370717,Trigger_sngMu,1,full_unprescaled_member_covers_run,True,2e-12
2023,2023BPix,370717,Trigger_Muon,2,full_unprescaled_member_covers_run,True,2e-12
2023,2023BPix,370717,Trigger_EGamma,2,full_unprescaled_member_covers_run,True,2e-12
2023,2023BPix,370717,Trigger_Any,7,full_unprescaled_member_covers_run,True,2e-12
2023,2023BPix,370725,Trigger_ElMu,3,full_unprescaled_member_covers_run,True,2e-12
2023,2023BPix,370725,Trigger_dblEl,1,full_unprescaled_member_covers_run,True,2e-12
2023,2023BPix,370725,Trigger_dblMu,1,validated_unprescaled_partial_ls_union,True,2e-12
2023,2023BPix,370725,Trigger_sngEl,1,full_unprescaled_member_covers_run,True,2e-12
2023,2023BPix,370725,Trigger_sngMu,1,validated_unprescaled_partial_ls_union,True,2e-12
2023,2023BPix,370725,Trigger_Muon,2,validated_unprescaled_partial_ls_union,True,2e-12
2023,2023BPix,370725,Trigger_EGamma,2,full_unprescaled_member_covers_run,True,2e-12
2023,2023BPix,370725,Trigger_Any,7,full_unprescaled_member_covers_run,True,2e-12
2023,2023BPix,370749,Trigger_ElMu,3,full_unprescaled_member_covers_run,True,2e-12
2023,2023BPix,370749,Trigger_dblEl,1,full_unprescaled_member_covers_run,True,2e-12
2023,2023BPix,370749,Trigger_dblMu,1,full_unprescaled_member_covers_run,True,2e-12
2023,2023BPix,370749,Trigger_sngEl,1,full_unprescaled_member_covers_run,True,2e-12
2023,2023BPix,370749,Trigger_sngMu,1,full_unprescaled_member_covers_run,True,2e-12
2023,2023BPix,370749,Trigger_Muon,2,full_unprescaled_member_covers_run,True,2e-12
2023,2023BPix,370749,Trigger_EGamma,2,full_unprescaled_member_covers_run,True,2e-12
2023,2023BPix,370749,Trigger_Any,7,full_unprescaled_member_covers_run,True,2e-12
2023,2023BPix,370753,Trigger_ElMu,3,full_unprescaled_member_covers_run,True,2e-12
2023,2023BPix,370753,Trigger_dblEl,1,full_unprescaled_member_covers_run,True,2e-12
2023,2023BPix,370753,Trigger_dblMu,1,full_unprescaled_member_covers_run,True,2e-12
2023,2023BPix,370753,Trigger_sngEl,1,full_unprescaled_member_covers_run,True,2e-12
2023,2023BPix,370753,Trigger_sngMu,1,full_unprescaled_member_covers_run,True,2e-12
2023,2023BPix,370753,Trigger_Muon,2,full_unprescaled_member_covers_run,True,2e-12
2023,2023BPix,370753,Trigger_EGamma,2,full_unprescaled_member_covers_run,True,2e-12
2023,2023BPix,370753,Trigger_Any,7,full_unprescaled_member_covers_run,True,2e-12
2023,2023BPix,370772,Trigger_ElMu,3,full_unprescaled_member_covers_run,True,2e-12
2023,2023BPix,370772,Trigger_dblEl,1,full_unprescaled_member_covers_run,True,2e-12
2023,2023BPix,370772,Trigger_dblMu,1,full_unprescaled_member_covers_run,True,2e-12
2023,2023BPix,370772,Trigger_sngEl,1,full_unprescaled_member_covers_run,True,2e-12
2023,2023BPix,370772,Trigger_sngMu,1,full_unprescaled_member_covers_run,True,2e-12
2023,2023BPix,370772,Trigger_Muon,2,full_unprescaled_member_covers_run,True,2e-12
2023,2023BPix,370772,Trigger_EGamma,2,full_unprescaled_member_covers_run,True,2e-12
2023,2023BPix,370772,Trigger_Any,7,full_unprescaled_member_covers_run,True,2e-12
2023,2023BPix,370774,Trigger_ElMu,3,full_unprescaled_member_covers_run,True,2e-12
2023,2023BPix,370774,Trigger_dblEl,1,full_unprescaled_member_covers_run,True,2e-12
2023,2023BPix,370774,Trigger_dblMu,1,full_unprescaled_member_covers_run,True,2e-12
2023,2023BPix,370774,Trigger_sngEl,1,full_unprescaled_member_covers_run,True,2e-12
2023,2023BPix,370774,Trigger_sngMu,1,full_unprescaled_member_covers_run,True,2e-12
2023,2023BPix,370774,Trigger_Muon,2,full_unprescaled_member_covers_run,True,2e-12
2023,2023BPix,370774,Trigger_EGamma,2,full_unprescaled_member_covers_run,True,2e-12
2023,2023BPix,370774,Trigger_Any,7,full_unprescaled_member_covers_run,True,2e-12
2023,2023BPix,370775,Trigger_ElMu,3,full_unprescaled_member_covers_run,True,2e-12
2023,2023BPix,370775,Trigger_dblEl,1,full_unprescaled_member_covers_run,True,2e-12
2023,2023BPix,370775,Trigger_dblMu,1,full_unprescaled_member_covers_run,True,2e-12
2023,2023BPix,370775,Trigger_sngEl,1,full_unprescaled_member_covers_run,True,2e-12
2023,2023BPix,370775,Trigger_sngMu,1,full_unprescaled_member_covers_run,True,2e-12
2023,2023BPix,370775,Trigger_Muon,2,full_unprescaled_member_covers_run,True,2e-12
2023,2023BPix,370775,Trigger_EGamma,2,full_unprescaled_member_covers_run,True,2e-12
2023,2023BPix,370775,Trigger_Any,7,full_unprescaled_member_covers_run,True,2e-12
2023,2023BPix,370776,Trigger_ElMu,3,full_unprescaled_member_covers_run,True,2e-12
2023,2023BPix,370776,Trigger_dblEl,1,full_unprescaled_member_covers_run,True,2e-12
2023,2023BPix,370776,Trigger_dblMu,1,full_unprescaled_member_covers_run,True,2e-12
2023,2023BPix,370776,Trigger_sngEl,1,full_unprescaled_member_covers_run,True,2e-12
2023,2023BPix,370776,Trigger_sngMu,1,full_unprescaled_member_covers_run,True,2e-12
2023,2023BPix,370776,Trigger_Muon,2,full_unprescaled_member_covers_run,True,2e-12
2023,2023BPix,370776,Trigger_EGamma,2,full_unprescaled_member_covers_run,True,2e-12
2023,2023BPix,370776,Trigger_Any,7,full_unprescaled_member_covers_run,True,2e-12
2023,2023BPix,370790,Trigger_ElMu,3,full_unprescaled_member_covers_run,True,2e-12
2023,2023BPix,370790,Trigger_dblEl,1,full_unprescaled_member_covers_run,True,2e-12
2023,2023BPix,370790,Trigger_dblMu,1,full_unprescaled_member_covers_run,True,2e-12
2023,2023BPix,370790,Trigger_sngEl,1,full_unprescaled_member_covers_run,True,2e-12
2023,2023BPix,370790,Trigger_sngMu,1,full_unprescaled_member_covers_run,True,2e-12
2023,2023BPix,370790,Trigger_Muon,2,full_unprescaled_member_covers_run,True,2e-12
2023,2023BPix,370790,Trigger_EGamma,2,full_unprescaled_member_covers_run,True,2e-12
2023,2023BPix,370790,Trigger_Any,7,full_unprescaled_member_covers_run,True,2e-12
2024,2024,379416,Trigger_ElMu,3,full_unprescaled_member_covers_run,True,2e-12
2024,2024,379416,Trigger_dblEl,1,full_unprescaled_member_covers_run,True,2e-12
2024,2024,379416,Trigger_dblMu,1,full_unprescaled_member_covers_run,True,2e-12
2024,2024,379416,Trigger_sngEl,1,full_unprescaled_member_covers_run,True,2e-12
2024,2024,379416,Trigger_sngMu,1,full_unprescaled_member_covers_run,True,2e-12
2024,2024,379416,Trigger_Muon,2,full_unprescaled_member_covers_run,True,2e-12
2024,2024,379416,Trigger_EGamma,2,full_unprescaled_member_covers_run,True,2e-12
2024,2024,379416,Trigger_Any,7,full_unprescaled_member_covers_run,True,2e-12
2024,2024,379420,Trigger_ElMu,3,full_unprescaled_member_covers_run,True,2e-12
2024,2024,379420,Trigger_dblEl,1,full_unprescaled_member_covers_run,True,2e-12
2024,2024,379420,Trigger_dblMu,1,validated_unprescaled_partial_ls_union,True,2e-12
2024,2024,379420,Trigger_sngEl,1,full_unprescaled_member_covers_run,True,2e-12
2024,2024,379420,Trigger_sngMu,1,validated_unprescaled_partial_ls_union,True,2e-12
2024,2024,379420,Trigger_Muon,2,validated_unprescaled_partial_ls_union,True,2e-12
2024,2024,379420,Trigger_EGamma,2,full_unprescaled_member_covers_run,True,2e-12
2024,2024,379420,Trigger_Any,7,full_unprescaled_member_covers_run,True,2e-12
2024,2024,379425,Trigger_ElMu,3,full_unprescaled_member_covers_run,True,2e-12
2024,2024,379425,Trigger_dblEl,1,full_unprescaled_member_covers_run,True,2e-12
2024,2024,379425,Trigger_dblMu,1,full_unprescaled_member_covers_run,True,2e-12
2024,2024,379425,Trigger_sngEl,1,full_unprescaled_member_covers_run,True,2e-12
2024,2024,379425,Trigger_sngMu,1,full_unprescaled_member_covers_run,True,2e-12
2024,2024,379425,Trigger_Muon,2,full_unprescaled_member_covers_run,True,2e-12
2024,2024,379425,Trigger_EGamma,2,full_unprescaled_member_covers_run,True,2e-12
2024,2024,379425,Trigger_Any,7,full_unprescaled_member_covers_run,True,2e-12
2024,2024,379433,Trigger_ElMu,3,full_unprescaled_member_covers_run,True,2e-12
2024,2024,379433,Trigger_dblEl,1,full_unprescaled_member_covers_run,True,2e-12
2024,2024,379433,Trigger_dblMu,1,full_unprescaled_member_covers_run,True,2e-12
2024,2024,379433,Trigger_sngEl,1,full_unprescaled_member_covers_run,True,2e-12
2024,2024,379433,Trigger_sngMu,1,full_unprescaled_member_covers_run,True,2e-12
2024,2024,379433,Trigger_Muon,2,full_unprescaled_member_covers_run,True,2e-12
2024,2024,379433,Trigger_EGamma,2,full_unprescaled_member_covers_run,True,2e-12
2024,2024,379433,Trigger_Any,7,full_unprescaled_member_covers_run,True,2e-12
2024,2024,379442,Trigger_ElMu,3,full_unprescaled_member_covers_run,True,2e-12
2024,2024,379442,Trigger_dblEl,1,full_unprescaled_member_covers_run,True,2e-12
2024,2024,379442,Trigger_dblMu,1,full_unprescaled_member_covers_run,True,2e-12
2024,2024,379442,Trigger_sngEl,1,full_unprescaled_member_covers_run,True,2e-12
2024,2024,379442,Trigger_sngMu,1,full_unprescaled_member_covers_run,True,2e-12
2024,2024,379442,Trigger_Muon,2,full_unprescaled_member_covers_run,True,2e-12
2024,2024,379442,Trigger_EGamma,2,full_unprescaled_member_covers_run,True,2e-12
2024,2024,379442,Trigger_Any,7,full_unprescaled_member_covers_run,True,2e-12
2024,2024,379454,Trigger_ElMu,3,full_unprescaled_member_covers_run,True,2e-12
2024,2024,379454,Trigger_dblEl,1,full_unprescaled_member_covers_run,True,2e-12
2024,2024,379454,Trigger_dblMu,1,full_unprescaled_member_covers_run,True,2e-12
2024,2024,379454,Trigger_sngEl,1,full_unprescaled_member_covers_run,True,2e-12
2024,2024,379454,Trigger_sngMu,1,full_unprescaled_member_covers_run,True,2e-12
2024,2024,379454,Trigger_Muon,2,full_unprescaled_member_covers_run,True,2e-12
2024,2024,379454,Trigger_EGamma,2,full_unprescaled_member_covers_run,True,2e-12
2024,2024,379454,Trigger_Any,7,full_unprescaled_member_covers_run,True,2e-12
2024,2024,379456,Trigger_ElMu,3,full_unprescaled_member_covers_run,True,2e-12
2024,2024,379456,Trigger_dblEl,1,full_unprescaled_member_covers_run,True,2e-12
2024,2024,379456,Trigger_dblMu,1,validated_unprescaled_partial_ls_union,True,2e-12
2024,2024,379456,Trigger_sngEl,1,full_unprescaled_member_covers_run,True,2e-12
2024,2024,379456,Trigger_sngMu,1,validated_unprescaled_partial_ls_union,True,2e-12
2024,2024,379456,Trigger_Muon,2,validated_unprescaled_partial_ls_union,True,2e-12
2024,2024,379456,Trigger_EGamma,2,full_unprescaled_member_covers_run,True,2e-12
2024,2024,379456,Trigger_Any,7,full_unprescaled_member_covers_run,True,2e-12
2024,2024,379470,Trigger_ElMu,3,full_unprescaled_member_covers_run,True,2e-12
2024,2024,379470,Trigger_dblEl,1,full_unprescaled_member_covers_run,True,2e-12
2024,2024,379470,Trigger_dblMu,1,full_unprescaled_member_covers_run,True,2e-12
2024,2024,379470,Trigger_sngEl,1,full_unprescaled_member_covers_run,True,2e-12
2024,2024,379470,Trigger_sngMu,1,full_unprescaled_member_covers_run,True,2e-12
2024,2024,379470,Trigger_Muon,2,full_unprescaled_member_covers_run,True,2e-12
2024,2024,379470,Trigger_EGamma,2,full_unprescaled_member_covers_run,True,2e-12
2024,2024,379470,Trigger_Any,7,full_unprescaled_member_covers_run,True,2e-12
2024,2024,379530,Trigger_ElMu,3,full_unprescaled_member_covers_run,True,2e-12
2024,2024,379530,Trigger_dblEl,1,full_unprescaled_member_covers_run,True,2e-12
2024,2024,379530,Trigger_dblMu,1,full_unprescaled_member_covers_run,True,2e-12
2024,2024,379530,Trigger_sngEl,1,full_unprescaled_member_covers_run,True,2e-12
2024,2024,379530,Trigger_sngMu,1,full_unprescaled_member_covers_run,True,2e-12
2024,2024,379530,Trigger_Muon,2,full_unprescaled_member_covers_run,True,2e-12
2024,2024,379530,Trigger_EGamma,2,full_unprescaled_member_covers_run,True,2e-12
2024,2024,379530,Trigger_Any,7,full_unprescaled_member_covers_run,True,2e-12
2024,2024,379613,Trigger_ElMu,3,full_unprescaled_member_covers_run,True,2e-12
2024,2024,379613,Trigger_dblEl,1,full_unprescaled_member_covers_run,True,2e-12
2024,2024,379613,Trigger_dblMu,1,full_unprescaled_member_covers_run,True,2e-12
2024,2024,379613,Trigger_sngEl,1,full_unprescaled_member_covers_run,True,2e-12
2024,2024,379613,Trigger_sngMu,1,full_unprescaled_member_covers_run,True,2e-12
2024,2024,379613,Trigger_Muon,2,full_unprescaled_member_covers_run,True,2e-12
2024,2024,379613,Trigger_EGamma,2,full_unprescaled_member_covers_run,True,2e-12
2024,2024,379613,Trigger_Any,7,full_unprescaled_member_covers_run,True,2e-12
2024,2024,379617,Trigger_ElMu,3,full_unprescaled_member_covers_run,True,2e-12
2024,2024,379617,Trigger_dblEl,1,full_unprescaled_member_covers_run,True,2e-12
2024,2024,379617,Trigger_dblMu,1,full_unprescaled_member_covers_run,True,2e-12
2024,2024,379617,Trigger_sngEl,1,full_unprescaled_member_covers_run,True,2e-12
2024,2024,379617,Trigger_sngMu,1,full_unprescaled_member_covers_run,True,2e-12
2024,2024,379617,Trigger_Muon,2,full_unprescaled_member_covers_run,True,2e-12
2024,2024,379617,Trigger_EGamma,2,full_unprescaled_member_covers_run,True,2e-12
2024,2024,379617,Trigger_Any,7,full_unprescaled_member_covers_run,True,2e-12
2024,2024,379618,Trigger_ElMu,3,full_unprescaled_member_covers_run,True,2e-12
2024,2024,379618,Trigger_dblEl,1,full_unprescaled_member_covers_run,True,2e-12
2024,2024,379618,Trigger_dblMu,1,full_unprescaled_member_covers_run,True,2e-12
2024,2024,379618,Trigger_sngEl,1,full_unprescaled_member_covers_run,True,2e-12
2024,2024,379618,Trigger_sngMu,1,full_unprescaled_member_covers_run,True,2e-12
2024,2024,379618,Trigger_Muon,2,full_unprescaled_member_covers_run,True,2e-12
2024,2024,379618,Trigger_EGamma,2,full_unprescaled_member_covers_run,True,2e-12
2024,2024,379618,Trigger_Any,7,full_unprescaled_member_covers_run,True,2e-12
2024,2024,379660,Trigger_ElMu,3,validated_unprescaled_partial_ls_union,True,2e-12
2024,2024,379660,Trigger_dblEl,1,full_unprescaled_member_covers_run,True,2e-12
2024,2024,379660,Trigger_dblMu,1,full_unprescaled_member_covers_run,True,2e-12
2024,2024,379660,Trigger_sngEl,1,full_unprescaled_member_covers_run,True,2e-12
2024,2024,379660,Trigger_sngMu,1,full_unprescaled_member_covers_run,True,2e-12
2024,2024,379660,Trigger_Muon,2,full_unprescaled_member_covers_run,True,2e-12
2024,2024,379660,Trigger_EGamma,2,full_unprescaled_member_covers_run,True,2e-12
2024,2024,379660,Trigger_Any,7,full_unprescaled_member_covers_run,True,2e-12
2024,2024,379661,Trigger_ElMu,3,full_unprescaled_member_covers_run,True,2e-12
2024,2024,379661,Trigger_dblEl,1,full_unprescaled_member_covers_run,True,2e-12
2024,2024,379661,Trigger_dblMu,1,full_unprescaled_member_covers_run,True,2e-12
2024,2024,379661,Trigger_sngEl,1,full_unprescaled_member_covers_run,True,2e-12
2024,2024,379661,Trigger_sngMu,1,full_unprescaled_member_covers_run,True,2e-12
2024,2024,379661,Trigger_Muon,2,full_unprescaled_member_covers_run,True,2e-12
2024,2024,379661,Trigger_EGamma,2,full_unprescaled_member_covers_run,True,2e-12
2024,2024,379661,Trigger_Any,7,full_unprescaled_member_covers_run,True,2e-12
2024,2024,379729,Trigger_ElMu,3,full_unprescaled_member_covers_run,True,2e-12
2024,2024,379729,Trigger_dblEl,1,full_unprescaled_member_covers_run,True,2e-12
2024,2024,379729,Trigger_dblMu,1,full_unprescaled_member_covers_run,True,2e-12
2024,2024,379729,Trigger_sngEl,1,full_unprescaled_member_covers_run,True,2e-12
2024,2024,379729,Trigger_sngMu,1,full_unprescaled_member_covers_run,True,2e-12
2024,2024,379729,Trigger_Muon,2,full_unprescaled_member_covers_run,True,2e-12
2024,2024,379729,Trigger_EGamma,2,full_unprescaled_member_covers_run,True,2e-12
2024,2024,379729,Trigger_Any,7,full_unprescaled_member_covers_run,True,2e-12
2024,2024,379765,Trigger_ElMu,3,validated_unprescaled_partial_ls_union,True,2e-12
2024,2024,379765,Trigger_dblEl,1,validated_unprescaled_partial_ls_union,True,2e-12
2024,2024,379765,Trigger_dblMu,1,validated_unprescaled_partial_ls_union,True,2e-12
2024,2024,379765,Trigger_sngEl,1,validated_unprescaled_partial_ls_union,True,2e-12
2024,2024,379765,Trigger_sngMu,1,validated_unprescaled_partial_ls_union,True,2e-12
2024,2024,379765,Trigger_Muon,2,validated_unprescaled_partial_ls_union,True,2e-12
2024,2024,379765,Trigger_EGamma,2,validated_unprescaled_partial_ls_union,True,2e-12
2024,2024,379765,Trigger_Any,7,validated_unprescaled_partial_ls_union,True,2e-12
2024,2024,379774,Trigger_ElMu,3,full_unprescaled_member_covers_run,True,2e-12
2024,2024,379774,Trigger_dblEl,1,full_unprescaled_member_covers_run,True,2e-12
2024,2024,379774,Trigger_dblMu,1,full_unprescaled_member_covers_run,True,2e-12
2024,2024,379774,Trigger_sngEl,1,full_unprescaled_member_covers_run,True,2e-12
2024,2024,379774,Trigger_sngMu,1,full_unprescaled_member_covers_run,True,2e-12
2024,2024,379774,Trigger_Muon,2,full_unprescaled_member_covers_run,True,2e-12
2024,2024,379774,Trigger_EGamma,2,full_unprescaled_member_covers_run,True,2e-12
2024,2024,379774,Trigger_Any,7,full_unprescaled_member_covers_run,True,2e-12
2024,2024,379866,Trigger_ElMu,3,validated_unprescaled_partial_ls_union,True,2e-12
2024,2024,379866,Trigger_dblEl,1,full_unprescaled_member_covers_run,True,2e-12
2024,2024,379866,Trigger_dblMu,1,validated_unprescaled_partial_ls_union,True,2e-12
2024,2024,379866,Trigger_sngEl,1,full_unprescaled_member_covers_run,True,2e-12
2024,2024,379866,Trigger_sngMu,1,validated_unprescaled_partial_ls_union,True,2e-12
2024,2024,379866,Trigger_Muon,2,validated_unprescaled_partial_ls_union,True,2e-12
2024,2024,379866,Trigger_EGamma,2,full_unprescaled_member_covers_run,True,2e-12
2024,2024,379866,Trigger_Any,7,full_unprescaled_member_covers_run,True,2e-12
2024,2024,379984,Trigger_ElMu,3,full_unprescaled_member_covers_run,True,2e-12
2024,2024,379984,Trigger_dblEl,1,full_unprescaled_member_covers_run,True,2e-12
2024,2024,379984,Trigger_dblMu,1,full_unprescaled_member_covers_run,True,2e-12
2024,2024,379984,Trigger_sngEl,1,full_unprescaled_member_covers_run,True,2e-12
2024,2024,379984,Trigger_sngMu,1,full_unprescaled_member_covers_run,True,2e-12
2024,2024,379984,Trigger_Muon,2,full_unprescaled_member_covers_run,True,2e-12
2024,2024,379984,Trigger_EGamma,2,full_unprescaled_member_covers_run,True,2e-12
2024,2024,379984,Trigger_Any,7,full_unprescaled_member_covers_run,True,2e-12
2024,2024,380001,Trigger_ElMu,3,full_unprescaled_member_covers_run,True,2e-12
2024,2024,380001,Trigger_dblEl,1,full_unprescaled_member_covers_run,True,2e-12
2024,2024,380001,Trigger_dblMu,1,full_unprescaled_member_covers_run,True,2e-12
2024,2024,380001,Trigger_sngEl,1,full_unprescaled_member_covers_run,True,2e-12
2024,2024,380001,Trigger_sngMu,1,full_unprescaled_member_covers_run,True,2e-12
2024,2024,380001,Trigger_Muon,2,full_unprescaled_member_covers_run,True,2e-12
2024,2024,380001,Trigger_EGamma,2,full_unprescaled_member_covers_run,True,2e-12
2024,2024,380001,Trigger_Any,7,full_unprescaled_member_covers_run,True,2e-12
2024,2024,380005,Trigger_ElMu,3,full_unprescaled_member_covers_run,True,2e-12
2024,2024,380005,Trigger_dblEl,1,full_unprescaled_member_covers_run,True,2e-12
2024,2024,380005,Trigger_dblMu,1,full_unprescaled_member_covers_run,True,2e-12
2024,2024,380005,Trigger_sngEl,1,full_unprescaled_member_covers_run,True,2e-12
2024,2024,380005,Trigger_sngMu,1,full_unprescaled_member_covers_run,True,2e-12
2024,2024,380005,Trigger_Muon,2,full_unprescaled_member_covers_run,True,2e-12
2024,2024,380005,Trigger_EGamma,2,full_unprescaled_member_covers_run,True,2e-12
2024,2024,380005,Trigger_Any,7,full_unprescaled_member_covers_run,True,2e-12
2024,2024,380007,Trigger_ElMu,3,full_unprescaled_member_covers_run,True,2e-12
2024,2024,380007,Trigger_dblEl,1,full_unprescaled_member_covers_run,True,2e-12
2024,2024,380007,Trigger_dblMu,1,full_unprescaled_member_covers_run,True,2e-12
2024,2024,380007,Trigger_sngEl,1,full_unprescaled_member_covers_run,True,2e-12
2024,2024,380007,Trigger_sngMu,1,full_unprescaled_member_covers_run,True,2e-12
2024,2024,380007,Trigger_Muon,2,full_unprescaled_member_covers_run,True,2e-12
2024,2024,380007,Trigger_EGamma,2,full_unprescaled_member_covers_run,True,2e-12
2024,2024,380007,Trigger_Any,7,full_unprescaled_member_covers_run,True,2e-12
2024,2024,380029,Trigger_ElMu,3,validated_unprescaled_partial_ls_union,True,2e-12
2024,2024,380029,Trigger_dblEl,1,validated_unprescaled_partial_ls_union,True,2e-12
2024,2024,380029,Trigger_dblMu,1,full_unprescaled_member_covers_run,True,2e-12
2024,2024,380029,Trigger_sngEl,1,validated_unprescaled_partial_ls_union,True,2e-12
2024,2024,380029,Trigger_sngMu,1,full_unprescaled_member_covers_run,True,2e-12
2024,2024,380029,Trigger_Muon,2,full_unprescaled_member_covers_run,True,2e-12
2024,2024,380029,Trigger_EGamma,2,validated_unprescaled_partial_ls_union,True,2e-12
2024,2024,380029,Trigger_Any,7,full_unprescaled_member_covers_run,True,2e-12
2024,2024,380030,Trigger_ElMu,3,full_unprescaled_member_covers_run,True,2e-12
2024,2024,380030,Trigger_dblEl,1,full_unprescaled_member_covers_run,True,2e-12
2024,2024,380030,Trigger_dblMu,1,full_unprescaled_member_covers_run,True,2e-12
2024,2024,380030,Trigger_sngEl,1,full_unprescaled_member_covers_run,True,2e-12
2024,2024,380030,Trigger_sngMu,1,full_unprescaled_member_covers_run,True,2e-12
2024,2024,380030,Trigger_Muon,2,full_unprescaled_member_covers_run,True,2e-12
2024,2024,380030,Trigger_EGamma,2,full_unprescaled_member_covers_run,True,2e-12
2024,2024,380030,Trigger_Any,7,full_unprescaled_member_covers_run,True,2e-12
2024,2024,380032,Trigger_ElMu,3,full_unprescaled_member_covers_run,True,2e-12
2024,2024,380032,Trigger_dblEl,1,full_unprescaled_member_covers_run,True,2e-12
2024,2024,380032,Trigger_dblMu,1,full_unprescaled_member_covers_run,True,2e-12
2024,2024,380032,Trigger_sngEl,1,full_unprescaled_member_covers_run,True,2e-12
2024,2024,380032,Trigger_sngMu,1,full_unprescaled_member_covers_run,True,2e-12
2024,2024,380032,Trigger_Muon,2,full_unprescaled_member_covers_run,True,2e-12
2024,2024,380032,Trigger_EGamma,2,full_unprescaled_member_covers_run,True,2e-12
2024,2024,380032,Trigger_Any,7,full_unprescaled_member_covers_run,True,2e-12
2024,2024,380033,Trigger_ElMu,3,full_unprescaled_member_covers_run,True,2e-12
2024,2024,380033,Trigger_dblEl,1,full_unprescaled_member_covers_run,True,2e-12
2024,2024,380033,Trigger_dblMu,1,full_unprescaled_member_covers_run,True,2e-12
2024,2024,380033,Trigger_sngEl,1,full_unprescaled_member_covers_run,True,2e-12
2024,2024,380033,Trigger_sngMu,1,full_unprescaled_member_covers_run,True,2e-12
2024,2024,380033,Trigger_Muon,2,full_unprescaled_member_covers_run,True,2e-12
2024,2024,380033,Trigger_EGamma,2,full_unprescaled_member_covers_run,True,2e-12
2024,2024,380033,Trigger_Any,7,full_unprescaled_member_covers_run,True,2e-12
2024,2024,380043,Trigger_ElMu,3,validated_unprescaled_partial_ls_union,True,2e-12
2024,2024,380043,Trigger_dblEl,1,full_unprescaled_member_covers_run,True,2e-12
2024,2024,380043,Trigger_dblMu,1,full_unprescaled_member_covers_run,True,2e-12
2024,2024,380043,Trigger_sngEl,1,full_unprescaled_member_covers_run,True,2e-12
2024,2024,380043,Trigger_sngMu,1,full_unprescaled_member_covers_run,True,2e-12
2024,2024,380043,Trigger_Muon,2,full_unprescaled_member_covers_run,True,2e-12
2024,2024,380043,Trigger_EGamma,2,full_unprescaled_member_covers_run,True,2e-12
2024,2024,380043,Trigger_Any,7,full_unprescaled_member_covers_run,True,2e-12
2024,2024,380049,Trigger_ElMu,3,full_unprescaled_member_covers_run,True,2e-12
2024,2024,380049,Trigger_dblEl,1,full_unprescaled_member_covers_run,True,2e-12
2024,2024,380049,Trigger_dblMu,1,full_unprescaled_member_covers_run,True,2e-12
2024,2024,380049,Trigger_sngEl,1,full_unprescaled_member_covers_run,True,2e-12
2024,2024,380049,Trigger_sngMu,1,full_unprescaled_member_covers_run,True,2e-12
2024,2024,380049,Trigger_Muon,2,full_unprescaled_member_covers_run,True,2e-12
2024,2024,380049,Trigger_EGamma,2,full_unprescaled_member_covers_run,True,2e-12
2024,2024,380049,Trigger_Any,7,full_unprescaled_member_covers_run,True,2e-12
2024,2024,380051,Trigger_ElMu,3,validated_unprescaled_partial_ls_union,True,2e-12
2024,2024,380051,Trigger_dblEl,1,full_unprescaled_member_covers_run,True,2e-12
2024,2024,380051,Trigger_dblMu,1,full_unprescaled_member_covers_run,True,2e-12
2024,2024,380051,Trigger_sngEl,1,full_unprescaled_member_covers_run,True,2e-12
2024,2024,380051,Trigger_sngMu,1,full_unprescaled_member_covers_run,True,2e-12
2024,2024,380051,Trigger_Muon,2,full_unprescaled_member_covers_run,True,2e-12
2024,2024,380051,Trigger_EGamma,2,full_unprescaled_member_covers_run,True,2e-12
2024,2024,380051,Trigger_Any,7,full_unprescaled_member_covers_run,True,2e-12
2024,2024,380052,Trigger_ElMu,3,full_unprescaled_member_covers_run,True,2e-12
2024,2024,380052,Trigger_dblEl,1,full_unprescaled_member_covers_run,True,2e-12
2024,2024,380052,Trigger_dblMu,1,full_unprescaled_member_covers_run,True,2e-12
2024,2024,380052,Trigger_sngEl,1,full_unprescaled_member_covers_run,True,2e-12
2024,2024,380052,Trigger_sngMu,1,full_unprescaled_member_covers_run,True,2e-12
2024,2024,380052,Trigger_Muon,2,full_unprescaled_member_covers_run,True,2e-12
2024,2024,380052,Trigger_EGamma,2,full_unprescaled_member_covers_run,True,2e-12
2024,2024,380052,Trigger_Any,7,full_unprescaled_member_covers_run,True,2e-12
2024,2024,380053,Trigger_ElMu,3,full_unprescaled_member_covers_run,True,2e-12
2024,2024,380053,Trigger_dblEl,1,full_unprescaled_member_covers_run,True,2e-12
2024,2024,380053,Trigger_dblMu,1,full_unprescaled_member_covers_run,True,2e-12
2024,2024,380053,Trigger_sngEl,1,full_unprescaled_member_covers_run,True,2e-12
2024,2024,380053,Trigger_sngMu,1,full_unprescaled_member_covers_run,True,2e-12
2024,2024,380053,Trigger_Muon,2,full_unprescaled_member_covers_run,True,2e-12
2024,2024,380053,Trigger_EGamma,2,full_unprescaled_member_covers_run,True,2e-12
2024,2024,380053,Trigger_Any,7,full_unprescaled_member_covers_run,True,2e-12
2024,2024,380056,Trigger_ElMu,3,full_unprescaled_member_covers_run,True,2e-12
2024,2024,380056,Trigger_dblEl,1,full_unprescaled_member_covers_run,True,2e-12
2024,2024,380056,Trigger_dblMu,1,full_unprescaled_member_covers_run,True,2e-12
2024,2024,380056,Trigger_sngEl,1,full_unprescaled_member_covers_run,True,2e-12
2024,2024,380056,Trigger_sngMu,1,full_unprescaled_member_covers_run,True,2e-12
2024,2024,380056,Trigger_Muon,2,full_unprescaled_member_covers_run,True,2e-12
2024,2024,380056,Trigger_EGamma,2,full_unprescaled_member_covers_run,True,2e-12
2024,2024,380056,Trigger_Any,7,full_unprescaled_member_covers_run,True,2e-12
2024,2024,380066,Trigger_ElMu,3,full_unprescaled_member_covers_run,True,2e-12
2024,2024,380066,Trigger_dblEl,1,full_unprescaled_member_covers_run,True,2e-12
2024,2024,380066,Trigger_dblMu,1,full_unprescaled_member_covers_run,True,2e-12
2024,2024,380066,Trigger_sngEl,1,full_unprescaled_member_covers_run,True,2e-12
2024,2024,380066,Trigger_sngMu,1,full_unprescaled_member_covers_run,True,2e-12
2024,2024,380066,Trigger_Muon,2,full_unprescaled_member_covers_run,True,2e-12
2024,2024,380066,Trigger_EGamma,2,full_unprescaled_member_covers_run,True,2e-12
2024,2024,380066,Trigger_Any,7,full_unprescaled_member_covers_run,True,2e-12
2024,2024,380074,Trigger_ElMu,3,full_unprescaled_member_covers_run,True,2e-12
2024,2024,380074,Trigger_dblEl,1,full_unprescaled_member_covers_run,True,2e-12
2024,2024,380074,Trigger_dblMu,1,full_unprescaled_member_covers_run,True,2e-12
2024,2024,380074,Trigger_sngEl,1,full_unprescaled_member_covers_run,True,2e-12
2024,2024,380074,Trigger_sngMu,1,full_unprescaled_member_covers_run,True,2e-12
2024,2024,380074,Trigger_Muon,2,full_unprescaled_member_covers_run,True,2e-12
2024,2024,380074,Trigger_EGamma,2,full_unprescaled_member_covers_run,True,2e-12
2024,2024,380074,Trigger_Any,7,full_unprescaled_member_covers_run,True,2e-12
2024,2024,380115,Trigger_ElMu,3,full_unprescaled_member_covers_run,True,2e-12
2024,2024,380115,Trigger_dblEl,1,full_unprescaled_member_covers_run,True,2e-12
2024,2024,380115,Trigger_dblMu,1,full_unprescaled_member_covers_run,True,2e-12
2024,2024,380115,Trigger_sngEl,1,full_unprescaled_member_covers_run,True,2e-12
2024,2024,380115,Trigger_sngMu,1,full_unprescaled_member_covers_run,True,2e-12
2024,2024,380115,Trigger_Muon,2,full_unprescaled_member_covers_run,True,2e-12
2024,2024,380115,Trigger_EGamma,2,full_unprescaled_member_covers_run,True,2e-12
2024,2024,380115,Trigger_Any,7,full_unprescaled_member_covers_run,True,2e-12
2024,2024,380126,Trigger_ElMu,3,inactive,True,2e-12
2024,2024,380126,Trigger_dblEl,1,inactive,True,2e-12
2024,2024,380126,Trigger_dblMu,1,inactive,True,2e-12
2024,2024,380126,Trigger_sngEl,1,inactive,True,2e-12
2024,2024,380126,Trigger_sngMu,1,inactive,True,2e-12
2024,2024,380126,Trigger_Muon,2,inactive,True,2e-12
2024,2024,380126,Trigger_EGamma,2,inactive,True,2e-12
2024,2024,380126,Trigger_Any,7,inactive,True,2e-12
2024,2024,380127,Trigger_ElMu,3,inactive,True,2e-12
2024,2024,380127,Trigger_dblEl,1,inactive,True,2e-12
2024,2024,380127,Trigger_dblMu,1,inactive,True,2e-12
2024,2024,380127,Trigger_sngEl,1,inactive,True,2e-12
2024,2024,380127,Trigger_sngMu,1,inactive,True,2e-12
2024,2024,380127,Trigger_Muon,2,inactive,True,2e-12
2024,2024,380127,Trigger_EGamma,2,inactive,True,2e-12
2024,2024,380127,Trigger_Any,7,inactive,True,2e-12
2024,2024,380128,Trigger_ElMu,3,inactive,True,2e-12
2024,2024,380128,Trigger_dblEl,1,inactive,True,2e-12
2024,2024,380128,Trigger_dblMu,1,inactive,True,2e-12
2024,2024,380128,Trigger_sngEl,1,inactive,True,2e-12
2024,2024,380128,Trigger_sngMu,1,inactive,True,2e-12
2024,2024,380128,Trigger_Muon,2,inactive,True,2e-12
2024,2024,380128,Trigger_EGamma,2,inactive,True,2e-12
2024,2024,380128,Trigger_Any,7,inactive,True,2e-12
2024,2024,380195,Trigger_ElMu,3,full_unprescaled_member_covers_run,True,2e-12
2024,2024,380195,Trigger_dblEl,1,full_unprescaled_member_covers_run,True,2e-12
2024,2024,380195,Trigger_dblMu,1,full_unprescaled_member_covers_run,True,2e-12
2024,2024,380195,Trigger_sngEl,1,full_unprescaled_member_covers_run,True,2e-12
2024,2024,380195,Trigger_sngMu,1,full_unprescaled_member_covers_run,True,2e-12
2024,2024,380195,Trigger_Muon,2,full_unprescaled_member_covers_run,True,2e-12
2024,2024,380195,Trigger_EGamma,2,full_unprescaled_member_covers_run,True,2e-12
2024,2024,380195,Trigger_Any,7,full_unprescaled_member_covers_run,True,2e-12
2024,2024,380197,Trigger_ElMu,3,full_unprescaled_member_covers_run,True,2e-12
2024,2024,380197,Trigger_dblEl,1,full_unprescaled_member_covers_run,True,2e-12
2024,2024,380197,Trigger_dblMu,1,full_unprescaled_member_covers_run,True,2e-12
2024,2024,380197,Trigger_sngEl,1,full_unprescaled_member_covers_run,True,2e-12
2024,2024,380197,Trigger_sngMu,1,full_unprescaled_member_covers_run,True,2e-12
2024,2024,380197,Trigger_Muon,2,full_unprescaled_member_covers_run,True,2e-12
2024,2024,380197,Trigger_EGamma,2,full_unprescaled_member_covers_run,True,2e-12
2024,2024,380197,Trigger_Any,7,full_unprescaled_member_covers_run,True,2e-12
2024,2024,380235,Trigger_ElMu,3,full_unprescaled_member_covers_run,True,2e-12
2024,2024,380235,Trigger_dblEl,1,full_unprescaled_member_covers_run,True,2e-12
2024,2024,380235,Trigger_dblMu,1,full_unprescaled_member_covers_run,True,2e-12
2024,2024,380235,Trigger_sngEl,1,full_unprescaled_member_covers_run,True,2e-12
2024,2024,380235,Trigger_sngMu,1,full_unprescaled_member_covers_run,True,2e-12
2024,2024,380235,Trigger_Muon,2,full_unprescaled_member_covers_run,True,2e-12
2024,2024,380235,Trigger_EGamma,2,full_unprescaled_member_covers_run,True,2e-12
2024,2024,380235,Trigger_Any,7,full_unprescaled_member_covers_run,True,2e-12
2024,2024,380236,Trigger_ElMu,3,validated_unprescaled_partial_ls_union,True,2e-12
2024,2024,380236,Trigger_dblEl,1,full_unprescaled_member_covers_run,True,2e-12
2024,2024,380236,Trigger_dblMu,1,validated_unprescaled_partial_ls_union,True,2e-12
2024,2024,380236,Trigger_sngEl,1,full_unprescaled_member_covers_run,True,2e-12
2024,2024,380236,Trigger_sngMu,1,validated_unprescaled_partial_ls_union,True,2e-12
2024,2024,380236,Trigger_Muon,2,validated_unprescaled_partial_ls_union,True,2e-12
2024,2024,380236,Trigger_EGamma,2,full_unprescaled_member_covers_run,True,2e-12
2024,2024,380236,Trigger_Any,7,full_unprescaled_member_covers_run,True,2e-12
2024,2024,380238,Trigger_ElMu,3,full_unprescaled_member_covers_run,True,2e-12
2024,2024,380238,Trigger_dblEl,1,full_unprescaled_member_covers_run,True,2e-12
2024,2024,380238,Trigger_dblMu,1,full_unprescaled_member_covers_run,True,2e-12
2024,2024,380238,Trigger_sngEl,1,full_unprescaled_member_covers_run,True,2e-12
2024,2024,380238,Trigger_sngMu,1,full_unprescaled_member_covers_run,True,2e-12
2024,2024,380238,Trigger_Muon,2,full_unprescaled_member_covers_run,True,2e-12
2024,2024,380238,Trigger_EGamma,2,full_unprescaled_member_covers_run,True,2e-12
2024,2024,380238,Trigger_Any,7,full_unprescaled_member_covers_run,True,2e-12
2024,2024,380306,Trigger_ElMu,3,full_unprescaled_member_covers_run,True,2e-12
2024,2024,380306,Trigger_dblEl,1,full_unprescaled_member_covers_run,True,2e-12
2024,2024,380306,Trigger_dblMu,1,full_unprescaled_member_covers_run,True,2e-12
2024,2024,380306,Trigger_sngEl,1,full_unprescaled_member_covers_run,True,2e-12
2024,2024,380306,Trigger_sngMu,1,full_unprescaled_member_covers_run,True,2e-12
2024,2024,380306,Trigger_Muon,2,full_unprescaled_member_covers_run,True,2e-12
2024,2024,380306,Trigger_EGamma,2,full_unprescaled_member_covers_run,True,2e-12
2024,2024,380306,Trigger_Any,7,full_unprescaled_member_covers_run,True,2e-12
2024,2024,380308,Trigger_ElMu,3,full_unprescaled_member_covers_run,True,2e-12
2024,2024,380308,Trigger_dblEl,1,full_unprescaled_member_covers_run,True,2e-12
2024,2024,380308,Trigger_dblMu,1,full_unprescaled_member_covers_run,True,2e-12
2024,2024,380308,Trigger_sngEl,1,full_unprescaled_member_covers_run,True,2e-12
2024,2024,380308,Trigger_sngMu,1,full_unprescaled_member_covers_run,True,2e-12
2024,2024,380308,Trigger_Muon,2,full_unprescaled_member_covers_run,True,2e-12
2024,2024,380308,Trigger_EGamma,2,full_unprescaled_member_covers_run,True,2e-12
2024,2024,380308,Trigger_Any,7,full_unprescaled_member_covers_run,True,2e-12
2024,2024,380309,Trigger_ElMu,3,full_unprescaled_member_covers_run,True,2e-12
2024,2024,380309,Trigger_dblEl,1,full_unprescaled_member_covers_run,True,2e-12
2024,2024,380309,Trigger_dblMu,1,full_unprescaled_member_covers_run,True,2e-12
2024,2024,380309,Trigger_sngEl,1,full_unprescaled_member_covers_run,True,2e-12
2024,2024,380309,Trigger_sngMu,1,full_unprescaled_member_covers_run,True,2e-12
2024,2024,380309,Trigger_Muon,2,full_unprescaled_member_covers_run,True,2e-12
2024,2024,380309,Trigger_EGamma,2,full_unprescaled_member_covers_run,True,2e-12
2024,2024,380309,Trigger_Any,7,full_unprescaled_member_covers_run,True,2e-12
2024,2024,380310,Trigger_ElMu,3,full_unprescaled_member_covers_run,True,2e-12
2024,2024,380310,Trigger_dblEl,1,full_unprescaled_member_covers_run,True,2e-12
2024,2024,380310,Trigger_dblMu,1,full_unprescaled_member_covers_run,True,2e-12
2024,2024,380310,Trigger_sngEl,1,full_unprescaled_member_covers_run,True,2e-12
2024,2024,380310,Trigger_sngMu,1,full_unprescaled_member_covers_run,True,2e-12
2024,2024,380310,Trigger_Muon,2,full_unprescaled_member_covers_run,True,2e-12
2024,2024,380310,Trigger_EGamma,2,full_unprescaled_member_covers_run,True,2e-12
2024,2024,380310,Trigger_Any,7,full_unprescaled_member_covers_run,True,2e-12
2024,2024,380346,Trigger_ElMu,3,full_unprescaled_member_covers_run,True,2e-12
2024,2024,380346,Trigger_dblEl,1,full_unprescaled_member_covers_run,True,2e-12
2024,2024,380346,Trigger_dblMu,1,full_unprescaled_member_covers_run,True,2e-12
2024,2024,380346,Trigger_sngEl,1,full_unprescaled_member_covers_run,True,2e-12
2024,2024,380346,Trigger_sngMu,1,full_unprescaled_member_covers_run,True,2e-12
2024,2024,380346,Trigger_Muon,2,full_unprescaled_member_covers_run,True,2e-12
2024,2024,380346,Trigger_EGamma,2,full_unprescaled_member_covers_run,True,2e-12
2024,2024,380346,Trigger_Any,7,full_unprescaled_member_covers_run,True,2e-12
2024,2024,380348,Trigger_ElMu,3,full_unprescaled_member_covers_run,True,2e-12
2024,2024,380348,Trigger_dblEl,1,validated_unprescaled_partial_ls_union,True,2e-12
2024,2024,380348,Trigger_dblMu,1,full_unprescaled_member_covers_run,True,2e-12
2024,2024,380348,Trigger_sngEl,1,validated_unprescaled_partial_ls_union,True,2e-12
2024,2024,380348,Trigger_sngMu,1,full_unprescaled_member_covers_run,True,2e-12
2024,2024,380348,Trigger_Muon,2,full_unprescaled_member_covers_run,True,2e-12
2024,2024,380348,Trigger_EGamma,2,validated_unprescaled_partial_ls_union,True,2e-12
2024,2024,380348,Trigger_Any,7,full_unprescaled_member_covers_run,True,2e-12
2024,2024,380349,Trigger_ElMu,3,validated_unprescaled_partial_ls_union,True,2e-12
2024,2024,380349,Trigger_dblEl,1,full_unprescaled_member_covers_run,True,2e-12
2024,2024,380349,Trigger_dblMu,1,validated_unprescaled_partial_ls_union,True,2e-12
2024,2024,380349,Trigger_sngEl,1,full_unprescaled_member_covers_run,True,2e-12
2024,2024,380349,Trigger_sngMu,1,validated_unprescaled_partial_ls_union,True,2e-12
2024,2024,380349,Trigger_Muon,2,validated_unprescaled_partial_ls_union,True,2e-12
2024,2024,380349,Trigger_EGamma,2,full_unprescaled_member_covers_run,True,2e-12
2024,2024,380349,Trigger_Any,7,full_unprescaled_member_covers_run,True,2e-12
2024,2024,380360,Trigger_ElMu,3,validated_unprescaled_partial_ls_union,True,2e-12
2024,2024,380360,Trigger_dblEl,1,full_unprescaled_member_covers_run,True,2e-12
2024,2024,380360,Trigger_dblMu,1,full_unprescaled_member_covers_run,True,2e-12
2024,2024,380360,Trigger_sngEl,1,full_unprescaled_member_covers_run,True,2e-12
2024,2024,380360,Trigger_sngMu,1,full_unprescaled_member_covers_run,True,2e-12
2024,2024,380360,Trigger_Muon,2,full_unprescaled_member_covers_run,True,2e-12
2024,2024,380360,Trigger_EGamma,2,full_unprescaled_member_covers_run,True,2e-12
2024,2024,380360,Trigger_Any,7,full_unprescaled_member_covers_run,True,2e-12
2024,2024,380377,Trigger_ElMu,3,full_unprescaled_member_covers_run,True,2e-12
2024,2024,380377,Trigger_dblEl,1,full_unprescaled_member_covers_run,True,2e-12
2024,2024,380377,Trigger_dblMu,1,full_unprescaled_member_covers_run,True,2e-12
2024,2024,380377,Trigger_sngEl,1,full_unprescaled_member_covers_run,True,2e-12
2024,2024,380377,Trigger_sngMu,1,full_unprescaled_member_covers_run,True,2e-12
2024,2024,380377,Trigger_Muon,2,full_unprescaled_member_covers_run,True,2e-12
2024,2024,380377,Trigger_EGamma,2,full_unprescaled_member_covers_run,True,2e-12
2024,2024,380377,Trigger_Any,7,full_unprescaled_member_covers_run,True,2e-12
2024,2024,380384,Trigger_ElMu,3,validated_unprescaled_partial_ls_union,True,2e-12
2024,2024,380384,Trigger_dblEl,1,validated_unprescaled_partial_ls_union,True,2e-12
2024,2024,380384,Trigger_dblMu,1,full_unprescaled_member_covers_run,True,2e-12
2024,2024,380384,Trigger_sngEl,1,validated_unprescaled_partial_ls_union,True,2e-12
2024,2024,380384,Trigger_sngMu,1,full_unprescaled_member_covers_run,True,2e-12
2024,2024,380384,Trigger_Muon,2,full_unprescaled_member_covers_run,True,2e-12
2024,2024,380384,Trigger_EGamma,2,validated_unprescaled_partial_ls_union,True,2e-12
2024,2024,380384,Trigger_Any,7,full_unprescaled_member_covers_run,True,2e-12
2024,2024,380385,Trigger_ElMu,3,validated_unprescaled_partial_ls_union,True,2e-12
2024,2024,380385,Trigger_dblEl,1,full_unprescaled_member_covers_run,True,2e-12
2024,2024,380385,Trigger_dblMu,1,full_unprescaled_member_covers_run,True,2e-12
2024,2024,380385,Trigger_sngEl,1,full_unprescaled_member_covers_run,True,2e-12
2024,2024,380385,Trigger_sngMu,1,full_unprescaled_member_covers_run,True,2e-12
2024,2024,380385,Trigger_Muon,2,full_unprescaled_member_covers_run,True,2e-12
2024,2024,380385,Trigger_EGamma,2,full_unprescaled_member_covers_run,True,2e-12
2024,2024,380385,Trigger_Any,7,full_unprescaled_member_covers_run,True,2e-12
2024,2024,380399,Trigger_ElMu,3,full_unprescaled_member_covers_run,True,2e-12
2024,2024,380399,Trigger_dblEl,1,full_unprescaled_member_covers_run,True,2e-12
2024,2024,380399,Trigger_dblMu,1,full_unprescaled_member_covers_run,True,2e-12
2024,2024,380399,Trigger_sngEl,1,full_unprescaled_member_covers_run,True,2e-12
2024,2024,380399,Trigger_sngMu,1,full_unprescaled_member_covers_run,True,2e-12
2024,2024,380399,Trigger_Muon,2,full_unprescaled_member_covers_run,True,2e-12
2024,2024,380399,Trigger_EGamma,2,full_unprescaled_member_covers_run,True,2e-12
2024,2024,380399,Trigger_Any,7,full_unprescaled_member_covers_run,True,2e-12
2024,2024,380403,Trigger_ElMu,3,full_unprescaled_member_covers_run,True,2e-12
2024,2024,380403,Trigger_dblEl,1,full_unprescaled_member_covers_run,True,2e-12
2024,2024,380403,Trigger_dblMu,1,full_unprescaled_member_covers_run,True,2e-12
2024,2024,380403,Trigger_sngEl,1,full_unprescaled_member_covers_run,True,2e-12
2024,2024,380403,Trigger_sngMu,1,full_unprescaled_member_covers_run,True,2e-12
2024,2024,380403,Trigger_Muon,2,full_unprescaled_member_covers_run,True,2e-12
2024,2024,380403,Trigger_EGamma,2,full_unprescaled_member_covers_run,True,2e-12
2024,2024,380403,Trigger_Any,7,full_unprescaled_member_covers_run,True,2e-12
2024,2024,380444,Trigger_ElMu,3,validated_unprescaled_partial_ls_union,True,2e-12
2024,2024,380444,Trigger_dblEl,1,validated_unprescaled_partial_ls_union,True,2e-12
2024,2024,380444,Trigger_dblMu,1,validated_unprescaled_partial_ls_union,True,2e-12
2024,2024,380444,Trigger_sngEl,1,validated_unprescaled_partial_ls_union,True,2e-12
2024,2024,380444,Trigger_sngMu,1,validated_unprescaled_partial_ls_union,True,2e-12
2024,2024,380444,Trigger_Muon,2,validated_unprescaled_partial_ls_union,True,2e-12
2024,2024,380444,Trigger_EGamma,2,validated_unprescaled_partial_ls_union,True,2e-12
2024,2024,380444,Trigger_Any,7,validated_unprescaled_partial_ls_union,True,2e-12
2024,2024,380446,Trigger_ElMu,3,validated_unprescaled_partial_ls_union,True,2e-12
2024,2024,380446,Trigger_dblEl,1,full_unprescaled_member_covers_run,True,2e-12
2024,2024,380446,Trigger_dblMu,1,full_unprescaled_member_covers_run,True,2e-12
2024,2024,380446,Trigger_sngEl,1,full_unprescaled_member_covers_run,True,2e-12
2024,2024,380446,Trigger_sngMu,1,full_unprescaled_member_covers_run,True,2e-12
2024,2024,380446,Trigger_Muon,2,full_unprescaled_member_covers_run,True,2e-12
2024,2024,380446,Trigger_EGamma,2,full_unprescaled_member_covers_run,True,2e-12
2024,2024,380446,Trigger_Any,7,full_unprescaled_member_covers_run,True,2e-12
2024,2024,380447,Trigger_ElMu,3,full_unprescaled_member_covers_run,True,2e-12
2024,2024,380447,Trigger_dblEl,1,full_unprescaled_member_covers_run,True,2e-12
2024,2024,380447,Trigger_dblMu,1,full_unprescaled_member_covers_run,True,2e-12
2024,2024,380447,Trigger_sngEl,1,full_unprescaled_member_covers_run,True,2e-12
2024,2024,380447,Trigger_sngMu,1,full_unprescaled_member_covers_run,True,2e-12
2024,2024,380447,Trigger_Muon,2,full_unprescaled_member_covers_run,True,2e-12
2024,2024,380447,Trigger_EGamma,2,full_unprescaled_member_covers_run,True,2e-12
2024,2024,380447,Trigger_Any,7,full_unprescaled_member_covers_run,True,2e-12
2024,2024,380466,Trigger_ElMu,3,validated_unprescaled_partial_ls_union,True,2e-12
2024,2024,380466,Trigger_dblEl,1,validated_unprescaled_partial_ls_union,True,2e-12
2024,2024,380466,Trigger_dblMu,1,full_unprescaled_member_covers_run,True,2e-12
2024,2024,380466,Trigger_sngEl,1,validated_unprescaled_partial_ls_union,True,2e-12
2024,2024,380466,Trigger_sngMu,1,full_unprescaled_member_covers_run,True,2e-12
2024,2024,380466,Trigger_Muon,2,full_unprescaled_member_covers_run,True,2e-12
2024,2024,380466,Trigger_EGamma,2,validated_unprescaled_partial_ls_union,True,2e-12
2024,2024,380466,Trigger_Any,7,full_unprescaled_member_covers_run,True,2e-12
2024,2024,380470,Trigger_ElMu,3,full_unprescaled_member_covers_run,True,2e-12
2024,2024,380470,Trigger_dblEl,1,full_unprescaled_member_covers_run,True,2e-12
2024,2024,380470,Trigger_dblMu,1,full_unprescaled_member_covers_run,True,2e-12
2024,2024,380470,Trigger_sngEl,1,full_unprescaled_member_covers_run,True,2e-12
2024,2024,380470,Trigger_sngMu,1,full_unprescaled_member_covers_run,True,2e-12
2024,2024,380470,Trigger_Muon,2,full_unprescaled_member_covers_run,True,2e-12
2024,2024,380470,Trigger_EGamma,2,full_unprescaled_member_covers_run,True,2e-12
2024,2024,380470,Trigger_Any,7,full_unprescaled_member_covers_run,True,2e-12
2024,2024,380481,Trigger_ElMu,3,full_unprescaled_member_covers_run,True,2e-12
2024,2024,380481,Trigger_dblEl,1,full_unprescaled_member_covers_run,True,2e-12
2024,2024,380481,Trigger_dblMu,1,full_unprescaled_member_covers_run,True,2e-12
2024,2024,380481,Trigger_sngEl,1,full_unprescaled_member_covers_run,True,2e-12
2024,2024,380481,Trigger_sngMu,1,full_unprescaled_member_covers_run,True,2e-12
2024,2024,380481,Trigger_Muon,2,full_unprescaled_member_covers_run,True,2e-12
2024,2024,380481,Trigger_EGamma,2,full_unprescaled_member_covers_run,True,2e-12
2024,2024,380481,Trigger_Any,7,full_unprescaled_member_covers_run,True,2e-12
2024,2024,380513,Trigger_ElMu,3,full_unprescaled_member_covers_run,True,2e-12
2024,2024,380513,Trigger_dblEl,1,full_unprescaled_member_covers_run,True,2e-12
2024,2024,380513,Trigger_dblMu,1,full_unprescaled_member_covers_run,True,2e-12
2024,2024,380513,Trigger_sngEl,1,full_unprescaled_member_covers_run,True,2e-12
2024,2024,380513,Trigger_sngMu,1,full_unprescaled_member_covers_run,True,2e-12
2024,2024,380513,Trigger_Muon,2,full_unprescaled_member_covers_run,True,2e-12
2024,2024,380513,Trigger_EGamma,2,full_unprescaled_member_covers_run,True,2e-12
2024,2024,380513,Trigger_Any,7,full_unprescaled_member_covers_run,True,2e-12
2024,2024,380517,Trigger_ElMu,3,full_unprescaled_member_covers_run,True,2e-12
2024,2024,380517,Trigger_dblEl,1,full_unprescaled_member_covers_run,True,2e-12
2024,2024,380517,Trigger_dblMu,1,full_unprescaled_member_covers_run,True,2e-12
2024,2024,380517,Trigger_sngEl,1,full_unprescaled_member_covers_run,True,2e-12
2024,2024,380517,Trigger_sngMu,1,full_unprescaled_member_covers_run,True,2e-12
2024,2024,380517,Trigger_Muon,2,full_unprescaled_member_covers_run,True,2e-12
2024,2024,380517,Trigger_EGamma,2,full_unprescaled_member_covers_run,True,2e-12
2024,2024,380517,Trigger_Any,7,full_unprescaled_member_covers_run,True,2e-12
2024,2024,380531,Trigger_ElMu,3,validated_unprescaled_partial_ls_union,True,2e-12
2024,2024,380531,Trigger_dblEl,1,full_unprescaled_member_covers_run,True,2e-12
2024,2024,380531,Trigger_dblMu,1,validated_unprescaled_partial_ls_union,True,2e-12
2024,2024,380531,Trigger_sngEl,1,full_unprescaled_member_covers_run,True,2e-12
2024,2024,380531,Trigger_sngMu,1,validated_unprescaled_partial_ls_union,True,2e-12
2024,2024,380531,Trigger_Muon,2,validated_unprescaled_partial_ls_union,True,2e-12
2024,2024,380531,Trigger_EGamma,2,full_unprescaled_member_covers_run,True,2e-12
2024,2024,380531,Trigger_Any,7,full_unprescaled_member_covers_run,True,2e-12
2024,2024,380534,Trigger_ElMu,3,full_unprescaled_member_covers_run,True,2e-12
2024,2024,380534,Trigger_dblEl,1,full_unprescaled_member_covers_run,True,2e-12
2024,2024,380534,Trigger_dblMu,1,full_unprescaled_member_covers_run,True,2e-12
2024,2024,380534,Trigger_sngEl,1,full_unprescaled_member_covers_run,True,2e-12
2024,2024,380534,Trigger_sngMu,1,full_unprescaled_member_covers_run,True,2e-12
2024,2024,380534,Trigger_Muon,2,full_unprescaled_member_covers_run,True,2e-12
2024,2024,380534,Trigger_EGamma,2,full_unprescaled_member_covers_run,True,2e-12
2024,2024,380534,Trigger_Any,7,full_unprescaled_member_covers_run,True,2e-12
2024,2024,380537,Trigger_ElMu,3,full_unprescaled_member_covers_run,True,2e-12
2024,2024,380537,Trigger_dblEl,1,full_unprescaled_member_covers_run,True,2e-12
2024,2024,380537,Trigger_dblMu,1,full_unprescaled_member_covers_run,True,2e-12
2024,2024,380537,Trigger_sngEl,1,full_unprescaled_member_covers_run,True,2e-12
2024,2024,380537,Trigger_sngMu,1,full_unprescaled_member_covers_run,True,2e-12
2024,2024,380537,Trigger_Muon,2,full_unprescaled_member_covers_run,True,2e-12
2024,2024,380537,Trigger_EGamma,2,full_unprescaled_member_covers_run,True,2e-12
2024,2024,380537,Trigger_Any,7,full_unprescaled_member_covers_run,True,2e-12
2024,2024,380538,Trigger_ElMu,3,full_unprescaled_member_covers_run,True,2e-12
2024,2024,380538,Trigger_dblEl,1,full_unprescaled_member_covers_run,True,2e-12
2024,2024,380538,Trigger_dblMu,1,full_unprescaled_member_covers_run,True,2e-12
2024,2024,380538,Trigger_sngEl,1,full_unprescaled_member_covers_run,True,2e-12
2024,2024,380538,Trigger_sngMu,1,full_unprescaled_member_covers_run,True,2e-12
2024,2024,380538,Trigger_Muon,2,full_unprescaled_member_covers_run,True,2e-12
2024,2024,380538,Trigger_EGamma,2,full_unprescaled_member_covers_run,True,2e-12
2024,2024,380538,Trigger_Any,7,full_unprescaled_member_covers_run,True,2e-12
2024,2024,380564,Trigger_ElMu,3,full_unprescaled_member_covers_run,True,2e-12
2024,2024,380564,Trigger_dblEl,1,full_unprescaled_member_covers_run,True,2e-12
2024,2024,380564,Trigger_dblMu,1,full_unprescaled_member_covers_run,True,2e-12
2024,2024,380564,Trigger_sngEl,1,full_unprescaled_member_covers_run,True,2e-12
2024,2024,380564,Trigger_sngMu,1,full_unprescaled_member_covers_run,True,2e-12
2024,2024,380564,Trigger_Muon,2,full_unprescaled_member_covers_run,True,2e-12
2024,2024,380564,Trigger_EGamma,2,full_unprescaled_member_covers_run,True,2e-12
2024,2024,380564,Trigger_Any,7,full_unprescaled_member_covers_run,True,2e-12
2024,2024,380567,Trigger_ElMu,3,full_unprescaled_member_covers_run,True,2e-12
2024,2024,380567,Trigger_dblEl,1,full_unprescaled_member_covers_run,True,2e-12
2024,2024,380567,Trigger_dblMu,1,full_unprescaled_member_covers_run,True,2e-12
2024,2024,380567,Trigger_sngEl,1,full_unprescaled_member_covers_run,True,2e-12
2024,2024,380567,Trigger_sngMu,1,full_unprescaled_member_covers_run,True,2e-12
2024,2024,380567,Trigger_Muon,2,full_unprescaled_member_covers_run,True,2e-12
2024,2024,380567,Trigger_EGamma,2,full_unprescaled_member_covers_run,True,2e-12
2024,2024,380567,Trigger_Any,7,full_unprescaled_member_covers_run,True,2e-12
2024,2024,380623,Trigger_ElMu,3,full_unprescaled_member_covers_run,True,2e-12
2024,2024,380623,Trigger_dblEl,1,full_unprescaled_member_covers_run,True,2e-12
2024,2024,380623,Trigger_dblMu,1,full_unprescaled_member_covers_run,True,2e-12
2024,2024,380623,Trigger_sngEl,1,full_unprescaled_member_covers_run,True,2e-12
2024,2024,380623,Trigger_sngMu,1,full_unprescaled_member_covers_run,True,2e-12
2024,2024,380623,Trigger_Muon,2,full_unprescaled_member_covers_run,True,2e-12
2024,2024,380623,Trigger_EGamma,2,full_unprescaled_member_covers_run,True,2e-12
2024,2024,380623,Trigger_Any,7,full_unprescaled_member_covers_run,True,2e-12
2024,2024,380624,Trigger_ElMu,3,full_unprescaled_member_covers_run,True,2e-12
2024,2024,380624,Trigger_dblEl,1,full_unprescaled_member_covers_run,True,2e-12
2024,2024,380624,Trigger_dblMu,1,full_unprescaled_member_covers_run,True,2e-12
2024,2024,380624,Trigger_sngEl,1,full_unprescaled_member_covers_run,True,2e-12
2024,2024,380624,Trigger_sngMu,1,full_unprescaled_member_covers_run,True,2e-12
2024,2024,380624,Trigger_Muon,2,full_unprescaled_member_covers_run,True,2e-12
2024,2024,380624,Trigger_EGamma,2,full_unprescaled_member_covers_run,True,2e-12
2024,2024,380624,Trigger_Any,7,full_unprescaled_member_covers_run,True,2e-12
2024,2024,380625,Trigger_ElMu,3,full_unprescaled_member_covers_run,True,2e-12
2024,2024,380625,Trigger_dblEl,1,full_unprescaled_member_covers_run,True,2e-12
2024,2024,380625,Trigger_dblMu,1,full_unprescaled_member_covers_run,True,2e-12
2024,2024,380625,Trigger_sngEl,1,full_unprescaled_member_covers_run,True,2e-12
2024,2024,380625,Trigger_sngMu,1,full_unprescaled_member_covers_run,True,2e-12
2024,2024,380625,Trigger_Muon,2,full_unprescaled_member_covers_run,True,2e-12
2024,2024,380625,Trigger_EGamma,2,full_unprescaled_member_covers_run,True,2e-12
2024,2024,380625,Trigger_Any,7,full_unprescaled_member_covers_run,True,2e-12
2024,2024,380626,Trigger_ElMu,3,full_unprescaled_member_covers_run,True,2e-12
2024,2024,380626,Trigger_dblEl,1,full_unprescaled_member_covers_run,True,2e-12
2024,2024,380626,Trigger_dblMu,1,full_unprescaled_member_covers_run,True,2e-12
2024,2024,380626,Trigger_sngEl,1,full_unprescaled_member_covers_run,True,2e-12
2024,2024,380626,Trigger_sngMu,1,full_unprescaled_member_covers_run,True,2e-12
2024,2024,380626,Trigger_Muon,2,full_unprescaled_member_covers_run,True,2e-12
2024,2024,380626,Trigger_EGamma,2,full_unprescaled_member_covers_run,True,2e-12
2024,2024,380626,Trigger_Any,7,full_unprescaled_member_covers_run,True,2e-12
2024,2024,380627,Trigger_ElMu,3,full_unprescaled_member_covers_run,True,2e-12
2024,2024,380627,Trigger_dblEl,1,full_unprescaled_member_covers_run,True,2e-12
2024,2024,380627,Trigger_dblMu,1,full_unprescaled_member_covers_run,True,2e-12
2024,2024,380627,Trigger_sngEl,1,full_unprescaled_member_covers_run,True,2e-12
2024,2024,380627,Trigger_sngMu,1,full_unprescaled_member_covers_run,True,2e-12
2024,2024,380627,Trigger_Muon,2,full_unprescaled_member_covers_run,True,2e-12
2024,2024,380627,Trigger_EGamma,2,full_unprescaled_member_covers_run,True,2e-12
2024,2024,380627,Trigger_Any,7,full_unprescaled_member_covers_run,True,2e-12
2024,2024,380647,Trigger_ElMu,3,full_unprescaled_member_covers_run,True,2e-12
2024,2024,380647,Trigger_dblEl,1,full_unprescaled_member_covers_run,True,2e-12
2024,2024,380647,Trigger_dblMu,1,full_unprescaled_member_covers_run,True,2e-12
2024,2024,380647,Trigger_sngEl,1,full_unprescaled_member_covers_run,True,2e-12
2024,2024,380647,Trigger_sngMu,1,full_unprescaled_member_covers_run,True,2e-12
2024,2024,380647,Trigger_Muon,2,full_unprescaled_member_covers_run,True,2e-12
2024,2024,380647,Trigger_EGamma,2,full_unprescaled_member_covers_run,True,2e-12
2024,2024,380647,Trigger_Any,7,full_unprescaled_member_covers_run,True,2e-12
2024,2024,380649,Trigger_ElMu,3,validated_unprescaled_partial_ls_union,True,2e-12
2024,2024,380649,Trigger_dblEl,1,full_unprescaled_member_covers_run,True,2e-12
2024,2024,380649,Trigger_dblMu,1,validated_unprescaled_partial_ls_union,True,2e-12
2024,2024,380649,Trigger_sngEl,1,full_unprescaled_member_covers_run,True,2e-12
2024,2024,380649,Trigger_sngMu,1,validated_unprescaled_partial_ls_union,True,2e-12
2024,2024,380649,Trigger_Muon,2,validated_unprescaled_partial_ls_union,True,2e-12
2024,2024,380649,Trigger_EGamma,2,full_unprescaled_member_covers_run,True,2e-12
2024,2024,380649,Trigger_Any,7,full_unprescaled_member_covers_run,True,2e-12
2024,2024,380933,Trigger_ElMu,3,full_unprescaled_member_covers_run,True,2e-12
2024,2024,380933,Trigger_dblEl,1,full_unprescaled_member_covers_run,True,2e-12
2024,2024,380933,Trigger_dblMu,1,full_unprescaled_member_covers_run,True,2e-12
2024,2024,380933,Trigger_sngEl,1,full_unprescaled_member_covers_run,True,2e-12
2024,2024,380933,Trigger_sngMu,1,full_unprescaled_member_covers_run,True,2e-12
2024,2024,380933,Trigger_Muon,2,full_unprescaled_member_covers_run,True,2e-12
2024,2024,380933,Trigger_EGamma,2,full_unprescaled_member_covers_run,True,2e-12
2024,2024,380933,Trigger_Any,7,full_unprescaled_member_covers_run,True,2e-12
2024,2024,380945,Trigger_ElMu,3,full_unprescaled_member_covers_run,True,2e-12
2024,2024,380945,Trigger_dblEl,1,full_unprescaled_member_covers_run,True,2e-12
2024,2024,380945,Trigger_dblMu,1,full_unprescaled_member_covers_run,True,2e-12
2024,2024,380945,Trigger_sngEl,1,full_unprescaled_member_covers_run,True,2e-12
2024,2024,380945,Trigger_sngMu,1,full_unprescaled_member_covers_run,True,2e-12
2024,2024,380945,Trigger_Muon,2,full_unprescaled_member_covers_run,True,2e-12
2024,2024,380945,Trigger_EGamma,2,full_unprescaled_member_covers_run,True,2e-12
2024,2024,380945,Trigger_Any,7,full_unprescaled_member_covers_run,True,2e-12
2024,2024,380947,Trigger_ElMu,3,full_unprescaled_member_covers_run,True,2e-12
2024,2024,380947,Trigger_dblEl,1,full_unprescaled_member_covers_run,True,2e-12
2024,2024,380947,Trigger_dblMu,1,full_unprescaled_member_covers_run,True,2e-12
2024,2024,380947,Trigger_sngEl,1,full_unprescaled_member_covers_run,True,2e-12
2024,2024,380947,Trigger_sngMu,1,full_unprescaled_member_covers_run,True,2e-12
2024,2024,380947,Trigger_Muon,2,full_unprescaled_member_covers_run,True,2e-12
2024,2024,380947,Trigger_EGamma,2,full_unprescaled_member_covers_run,True,2e-12
2024,2024,380947,Trigger_Any,7,full_unprescaled_member_covers_run,True,2e-12
2024,2024,380963,Trigger_ElMu,3,full_unprescaled_member_covers_run,True,2e-12
2024,2024,380963,Trigger_dblEl,1,full_unprescaled_member_covers_run,True,2e-12
2024,2024,380963,Trigger_dblMu,1,full_unprescaled_member_covers_run,True,2e-12
2024,2024,380963,Trigger_sngEl,1,full_unprescaled_member_covers_run,True,2e-12
2024,2024,380963,Trigger_sngMu,1,full_unprescaled_member_covers_run,True,2e-12
2024,2024,380963,Trigger_Muon,2,full_unprescaled_member_covers_run,True,2e-12
2024,2024,380963,Trigger_EGamma,2,full_unprescaled_member_covers_run,True,2e-12
2024,2024,380963,Trigger_Any,7,full_unprescaled_member_covers_run,True,2e-12
2024,2024,381022,Trigger_ElMu,3,full_unprescaled_member_covers_run,True,2e-12
2024,2024,381022,Trigger_dblEl,1,full_unprescaled_member_covers_run,True,2e-12
2024,2024,381022,Trigger_dblMu,1,full_unprescaled_member_covers_run,True,2e-12
2024,2024,381022,Trigger_sngEl,1,full_unprescaled_member_covers_run,True,2e-12
2024,2024,381022,Trigger_sngMu,1,full_unprescaled_member_covers_run,True,2e-12
2024,2024,381022,Trigger_Muon,2,full_unprescaled_member_covers_run,True,2e-12
2024,2024,381022,Trigger_EGamma,2,full_unprescaled_member_covers_run,True,2e-12
2024,2024,381022,Trigger_Any,7,full_unprescaled_member_covers_run,True,2e-12
2024,2024,381053,Trigger_ElMu,3,full_unprescaled_member_covers_run,True,2e-12
2024,2024,381053,Trigger_dblEl,1,full_unprescaled_member_covers_run,True,2e-12
2024,2024,381053,Trigger_dblMu,1,full_unprescaled_member_covers_run,True,2e-12
2024,2024,381053,Trigger_sngEl,1,full_unprescaled_member_covers_run,True,2e-12
2024,2024,381053,Trigger_sngMu,1,full_unprescaled_member_covers_run,True,2e-12
2024,2024,381053,Trigger_Muon,2,full_unprescaled_member_covers_run,True,2e-12
2024,2024,381053,Trigger_EGamma,2,full_unprescaled_member_covers_run,True,2e-12
2024,2024,381053,Trigger_Any,7,full_unprescaled_member_covers_run,True,2e-12
2024,2024,381065,Trigger_ElMu,3,full_unprescaled_member_covers_run,True,2e-12
2024,2024,381065,Trigger_dblEl,1,full_unprescaled_member_covers_run,True,2e-12
2024,2024,381065,Trigger_dblMu,1,full_unprescaled_member_covers_run,True,2e-12
2024,2024,381065,Trigger_sngEl,1,full_unprescaled_member_covers_run,True,2e-12
2024,2024,381065,Trigger_sngMu,1,full_unprescaled_member_covers_run,True,2e-12
2024,2024,381065,Trigger_Muon,2,full_unprescaled_member_covers_run,True,2e-12
2024,2024,381065,Trigger_EGamma,2,full_unprescaled_member_covers_run,True,2e-12
2024,2024,381065,Trigger_Any,7,full_unprescaled_member_covers_run,True,2e-12
2024,2024,381067,Trigger_ElMu,3,full_unprescaled_member_covers_run,True,2e-12
2024,2024,381067,Trigger_dblEl,1,full_unprescaled_member_covers_run,True,2e-12
2024,2024,381067,Trigger_dblMu,1,full_unprescaled_member_covers_run,True,2e-12
2024,2024,381067,Trigger_sngEl,1,full_unprescaled_member_covers_run,True,2e-12
2024,2024,381067,Trigger_sngMu,1,full_unprescaled_member_covers_run,True,2e-12
2024,2024,381067,Trigger_Muon,2,full_unprescaled_member_covers_run,True,2e-12
2024,2024,381067,Trigger_EGamma,2,full_unprescaled_member_covers_run,True,2e-12
2024,2024,381067,Trigger_Any,7,full_unprescaled_member_covers_run,True,2e-12
2024,2024,381069,Trigger_ElMu,3,full_unprescaled_member_covers_run,True,2e-12
2024,2024,381069,Trigger_dblEl,1,full_unprescaled_member_covers_run,True,2e-12
2024,2024,381069,Trigger_dblMu,1,full_unprescaled_member_covers_run,True,2e-12
2024,2024,381069,Trigger_sngEl,1,full_unprescaled_member_covers_run,True,2e-12
2024,2024,381069,Trigger_sngMu,1,full_unprescaled_member_covers_run,True,2e-12
2024,2024,381069,Trigger_Muon,2,full_unprescaled_member_covers_run,True,2e-12
2024,2024,381069,Trigger_EGamma,2,full_unprescaled_member_covers_run,True,2e-12
2024,2024,381069,Trigger_Any,7,full_unprescaled_member_covers_run,True,2e-12
2024,2024,381070,Trigger_ElMu,3,full_unprescaled_member_covers_run,True,2e-12
2024,2024,381070,Trigger_dblEl,1,full_unprescaled_member_covers_run,True,2e-12
2024,2024,381070,Trigger_dblMu,1,full_unprescaled_member_covers_run,True,2e-12
2024,2024,381070,Trigger_sngEl,1,full_unprescaled_member_covers_run,True,2e-12
2024,2024,381070,Trigger_sngMu,1,full_unprescaled_member_covers_run,True,2e-12
2024,2024,381070,Trigger_Muon,2,full_unprescaled_member_covers_run,True,2e-12
2024,2024,381070,Trigger_EGamma,2,full_unprescaled_member_covers_run,True,2e-12
2024,2024,381070,Trigger_Any,7,full_unprescaled_member_covers_run,True,2e-12
2024,2024,381075,Trigger_ElMu,3,full_unprescaled_member_covers_run,True,2e-12
2024,2024,381075,Trigger_dblEl,1,full_unprescaled_member_covers_run,True,2e-12
2024,2024,381075,Trigger_dblMu,1,full_unprescaled_member_covers_run,True,2e-12
2024,2024,381075,Trigger_sngEl,1,full_unprescaled_member_covers_run,True,2e-12
2024,2024,381075,Trigger_sngMu,1,full_unprescaled_member_covers_run,True,2e-12
2024,2024,381075,Trigger_Muon,2,full_unprescaled_member_covers_run,True,2e-12
2024,2024,381075,Trigger_EGamma,2,full_unprescaled_member_covers_run,True,2e-12
2024,2024,381075,Trigger_Any,7,full_unprescaled_member_covers_run,True,2e-12
2024,2024,381078,Trigger_ElMu,3,full_unprescaled_member_covers_run,True,2e-12
2024,2024,381078,Trigger_dblEl,1,full_unprescaled_member_covers_run,True,2e-12
2024,2024,381078,Trigger_dblMu,1,full_unprescaled_member_covers_run,True,2e-12
2024,2024,381078,Trigger_sngEl,1,full_unprescaled_member_covers_run,True,2e-12
2024,2024,381078,Trigger_sngMu,1,full_unprescaled_member_covers_run,True,2e-12
2024,2024,381078,Trigger_Muon,2,full_unprescaled_member_covers_run,True,2e-12
2024,2024,381078,Trigger_EGamma,2,full_unprescaled_member_covers_run,True,2e-12
2024,2024,381078,Trigger_Any,7,full_unprescaled_member_covers_run,True,2e-12
2024,2024,381079,Trigger_ElMu,3,validated_unprescaled_partial_ls_union,True,2e-12
2024,2024,381079,Trigger_dblEl,1,full_unprescaled_member_covers_run,True,2e-12
2024,2024,381079,Trigger_dblMu,1,full_unprescaled_member_covers_run,True,2e-12
2024,2024,381079,Trigger_sngEl,1,full_unprescaled_member_covers_run,True,2e-12
2024,2024,381079,Trigger_sngMu,1,full_unprescaled_member_covers_run,True,2e-12
2024,2024,381079,Trigger_Muon,2,full_unprescaled_member_covers_run,True,2e-12
2024,2024,381079,Trigger_EGamma,2,full_unprescaled_member_covers_run,True,2e-12
2024,2024,381079,Trigger_Any,7,full_unprescaled_member_covers_run,True,2e-12
2024,2024,381080,Trigger_ElMu,3,validated_unprescaled_partial_ls_union,True,2e-12
2024,2024,381080,Trigger_dblEl,1,full_unprescaled_member_covers_run,True,2e-12
2024,2024,381080,Trigger_dblMu,1,full_unprescaled_member_covers_run,True,2e-12
2024,2024,381080,Trigger_sngEl,1,full_unprescaled_member_covers_run,True,2e-12
2024,2024,381080,Trigger_sngMu,1,full_unprescaled_member_covers_run,True,2e-12
2024,2024,381080,Trigger_Muon,2,full_unprescaled_member_covers_run,True,2e-12
2024,2024,381080,Trigger_EGamma,2,full_unprescaled_member_covers_run,True,2e-12
2024,2024,381080,Trigger_Any,7,full_unprescaled_member_covers_run,True,2e-12
2024,2024,381113,Trigger_ElMu,3,validated_unprescaled_partial_ls_union,True,2e-12
2024,2024,381113,Trigger_dblEl,1,validated_unprescaled_partial_ls_union,True,2e-12
2024,2024,381113,Trigger_dblMu,1,validated_unprescaled_partial_ls_union,True,2e-12
2024,2024,381113,Trigger_sngEl,1,validated_unprescaled_partial_ls_union,True,2e-12
2024,2024,381113,Trigger_sngMu,1,validated_unprescaled_partial_ls_union,True,2e-12
2024,2024,381113,Trigger_Muon,2,validated_unprescaled_partial_ls_union,True,2e-12
2024,2024,381113,Trigger_EGamma,2,validated_unprescaled_partial_ls_union,True,2e-12
2024,2024,381113,Trigger_Any,7,validated_unprescaled_partial_ls_union,True,2e-12
2024,2024,381114,Trigger_ElMu,3,full_unprescaled_member_covers_run,True,2e-12
2024,2024,381114,Trigger_dblEl,1,full_unprescaled_member_covers_run,True,2e-12
2024,2024,381114,Trigger_dblMu,1,full_unprescaled_member_covers_run,True,2e-12
2024,2024,381114,Trigger_sngEl,1,full_unprescaled_member_covers_run,True,2e-12
2024,2024,381114,Trigger_sngMu,1,full_unprescaled_member_covers_run,True,2e-12
2024,2024,381114,Trigger_Muon,2,full_unprescaled_member_covers_run,True,2e-12
2024,2024,381114,Trigger_EGamma,2,full_unprescaled_member_covers_run,True,2e-12
2024,2024,381114,Trigger_Any,7,full_unprescaled_member_covers_run,True,2e-12
2024,2024,381115,Trigger_ElMu,3,full_unprescaled_member_covers_run,True,2e-12
2024,2024,381115,Trigger_dblEl,1,full_unprescaled_member_covers_run,True,2e-12
2024,2024,381115,Trigger_dblMu,1,full_unprescaled_member_covers_run,True,2e-12
2024,2024,381115,Trigger_sngEl,1,full_unprescaled_member_covers_run,True,2e-12
2024,2024,381115,Trigger_sngMu,1,full_unprescaled_member_covers_run,True,2e-12
2024,2024,381115,Trigger_Muon,2,full_unprescaled_member_covers_run,True,2e-12
2024,2024,381115,Trigger_EGamma,2,full_unprescaled_member_covers_run,True,2e-12
2024,2024,381115,Trigger_Any,7,full_unprescaled_member_covers_run,True,2e-12
2024,2024,381147,Trigger_ElMu,3,full_unprescaled_member_covers_run,True,2e-12
2024,2024,381147,Trigger_dblEl,1,full_unprescaled_member_covers_run,True,2e-12
2024,2024,381147,Trigger_dblMu,1,full_unprescaled_member_covers_run,True,2e-12
2024,2024,381147,Trigger_sngEl,1,full_unprescaled_member_covers_run,True,2e-12
2024,2024,381147,Trigger_sngMu,1,full_unprescaled_member_covers_run,True,2e-12
2024,2024,381147,Trigger_Muon,2,full_unprescaled_member_covers_run,True,2e-12
2024,2024,381147,Trigger_EGamma,2,full_unprescaled_member_covers_run,True,2e-12
2024,2024,381147,Trigger_Any,7,full_unprescaled_member_covers_run,True,2e-12
2024,2024,381148,Trigger_ElMu,3,full_unprescaled_member_covers_run,True,2e-12
2024,2024,381148,Trigger_dblEl,1,full_unprescaled_member_covers_run,True,2e-12
2024,2024,381148,Trigger_dblMu,1,full_unprescaled_member_covers_run,True,2e-12
2024,2024,381148,Trigger_sngEl,1,full_unprescaled_member_covers_run,True,2e-12
2024,2024,381148,Trigger_sngMu,1,full_unprescaled_member_covers_run,True,2e-12
2024,2024,381148,Trigger_Muon,2,full_unprescaled_member_covers_run,True,2e-12
2024,2024,381148,Trigger_EGamma,2,full_unprescaled_member_covers_run,True,2e-12
2024,2024,381148,Trigger_Any,7,full_unprescaled_member_covers_run,True,2e-12
2024,2024,381149,Trigger_ElMu,3,full_unprescaled_member_covers_run,True,2e-12
2024,2024,381149,Trigger_dblEl,1,full_unprescaled_member_covers_run,True,2e-12
2024,2024,381149,Trigger_dblMu,1,full_unprescaled_member_covers_run,True,2e-12
2024,2024,381149,Trigger_sngEl,1,full_unprescaled_member_covers_run,True,2e-12
2024,2024,381149,Trigger_sngMu,1,full_unprescaled_member_covers_run,True,2e-12
2024,2024,381149,Trigger_Muon,2,full_unprescaled_member_covers_run,True,2e-12
2024,2024,381149,Trigger_EGamma,2,full_unprescaled_member_covers_run,True,2e-12
2024,2024,381149,Trigger_Any,7,full_unprescaled_member_covers_run,True,2e-12
2024,2024,381150,Trigger_ElMu,3,full_unprescaled_member_covers_run,True,2e-12
2024,2024,381150,Trigger_dblEl,1,full_unprescaled_member_covers_run,True,2e-12
2024,2024,381150,Trigger_dblMu,1,full_unprescaled_member_covers_run,True,2e-12
2024,2024,381150,Trigger_sngEl,1,full_unprescaled_member_covers_run,True,2e-12
2024,2024,381150,Trigger_sngMu,1,full_unprescaled_member_covers_run,True,2e-12
2024,2024,381150,Trigger_Muon,2,full_unprescaled_member_covers_run,True,2e-12
2024,2024,381150,Trigger_EGamma,2,full_unprescaled_member_covers_run,True,2e-12
2024,2024,381150,Trigger_Any,7,full_unprescaled_member_covers_run,True,2e-12
2024,2024,381151,Trigger_ElMu,3,validated_unprescaled_partial_ls_union,True,2e-12
2024,2024,381151,Trigger_dblEl,1,validated_unprescaled_partial_ls_union,True,2e-12
2024,2024,381151,Trigger_dblMu,1,validated_unprescaled_partial_ls_union,True,2e-12
2024,2024,381151,Trigger_sngEl,1,validated_unprescaled_partial_ls_union,True,2e-12
2024,2024,381151,Trigger_sngMu,1,validated_unprescaled_partial_ls_union,True,2e-12
2024,2024,381151,Trigger_Muon,2,validated_unprescaled_partial_ls_union,True,2e-12
2024,2024,381151,Trigger_EGamma,2,validated_unprescaled_partial_ls_union,True,2e-12
2024,2024,381151,Trigger_Any,7,validated_unprescaled_partial_ls_union,True,2e-12
2024,2024,381152,Trigger_ElMu,3,full_unprescaled_member_covers_run,True,2e-12
2024,2024,381152,Trigger_dblEl,1,full_unprescaled_member_covers_run,True,2e-12
2024,2024,381152,Trigger_dblMu,1,full_unprescaled_member_covers_run,True,2e-12
2024,2024,381152,Trigger_sngEl,1,full_unprescaled_member_covers_run,True,2e-12
2024,2024,381152,Trigger_sngMu,1,full_unprescaled_member_covers_run,True,2e-12
2024,2024,381152,Trigger_Muon,2,full_unprescaled_member_covers_run,True,2e-12
2024,2024,381152,Trigger_EGamma,2,full_unprescaled_member_covers_run,True,2e-12
2024,2024,381152,Trigger_Any,7,full_unprescaled_member_covers_run,True,2e-12
2024,2024,381164,Trigger_ElMu,3,full_unprescaled_member_covers_run,True,2e-12
2024,2024,381164,Trigger_dblEl,1,full_unprescaled_member_covers_run,True,2e-12
2024,2024,381164,Trigger_dblMu,1,full_unprescaled_member_covers_run,True,2e-12
2024,2024,381164,Trigger_sngEl,1,full_unprescaled_member_covers_run,True,2e-12
2024,2024,381164,Trigger_sngMu,1,full_unprescaled_member_covers_run,True,2e-12
2024,2024,381164,Trigger_Muon,2,full_unprescaled_member_covers_run,True,2e-12
2024,2024,381164,Trigger_EGamma,2,full_unprescaled_member_covers_run,True,2e-12
2024,2024,381164,Trigger_Any,7,full_unprescaled_member_covers_run,True,2e-12
2024,2024,381190,Trigger_ElMu,3,full_unprescaled_member_covers_run,True,2e-12
2024,2024,381190,Trigger_dblEl,1,full_unprescaled_member_covers_run,True,2e-12
2024,2024,381190,Trigger_dblMu,1,full_unprescaled_member_covers_run,True,2e-12
2024,2024,381190,Trigger_sngEl,1,full_unprescaled_member_covers_run,True,2e-12
2024,2024,381190,Trigger_sngMu,1,full_unprescaled_member_covers_run,True,2e-12
2024,2024,381190,Trigger_Muon,2,full_unprescaled_member_covers_run,True,2e-12
2024,2024,381190,Trigger_EGamma,2,full_unprescaled_member_covers_run,True,2e-12
2024,2024,381190,Trigger_Any,7,full_unprescaled_member_covers_run,True,2e-12
2024,2024,381191,Trigger_ElMu,3,full_unprescaled_member_covers_run,True,2e-12
2024,2024,381191,Trigger_dblEl,1,full_unprescaled_member_covers_run,True,2e-12
2024,2024,381191,Trigger_dblMu,1,full_unprescaled_member_covers_run,True,2e-12
2024,2024,381191,Trigger_sngEl,1,full_unprescaled_member_covers_run,True,2e-12
2024,2024,381191,Trigger_sngMu,1,full_unprescaled_member_covers_run,True,2e-12
2024,2024,381191,Trigger_Muon,2,full_unprescaled_member_covers_run,True,2e-12
2024,2024,381191,Trigger_EGamma,2,full_unprescaled_member_covers_run,True,2e-12
2024,2024,381191,Trigger_Any,7,full_unprescaled_member_covers_run,True,2e-12
2024,2024,381199,Trigger_ElMu,3,full_unprescaled_member_covers_run,True,2e-12
2024,2024,381199,Trigger_dblEl,1,full_unprescaled_member_covers_run,True,2e-12
2024,2024,381199,Trigger_dblMu,1,full_unprescaled_member_covers_run,True,2e-12
2024,2024,381199,Trigger_sngEl,1,full_unprescaled_member_covers_run,True,2e-12
2024,2024,381199,Trigger_sngMu,1,full_unprescaled_member_covers_run,True,2e-12
2024,2024,381199,Trigger_Muon,2,full_unprescaled_member_covers_run,True,2e-12
2024,2024,381199,Trigger_EGamma,2,full_unprescaled_member_covers_run,True,2e-12
2024,2024,381199,Trigger_Any,7,full_unprescaled_member_covers_run,True,2e-12
2024,2024,381212,Trigger_ElMu,3,full_unprescaled_member_covers_run,True,2e-12
2024,2024,381212,Trigger_dblEl,1,full_unprescaled_member_covers_run,True,2e-12
2024,2024,381212,Trigger_dblMu,1,full_unprescaled_member_covers_run,True,2e-12
2024,2024,381212,Trigger_sngEl,1,full_unprescaled_member_covers_run,True,2e-12
2024,2024,381212,Trigger_sngMu,1,full_unprescaled_member_covers_run,True,2e-12
2024,2024,381212,Trigger_Muon,2,full_unprescaled_member_covers_run,True,2e-12
2024,2024,381212,Trigger_EGamma,2,full_unprescaled_member_covers_run,True,2e-12
2024,2024,381212,Trigger_Any,7,full_unprescaled_member_covers_run,True,2e-12
2024,2024,381286,Trigger_ElMu,3,full_unprescaled_member_covers_run,True,2e-12
2024,2024,381286,Trigger_dblEl,1,full_unprescaled_member_covers_run,True,2e-12
2024,2024,381286,Trigger_dblMu,1,full_unprescaled_member_covers_run,True,2e-12
2024,2024,381286,Trigger_sngEl,1,full_unprescaled_member_covers_run,True,2e-12
2024,2024,381286,Trigger_sngMu,1,full_unprescaled_member_covers_run,True,2e-12
2024,2024,381286,Trigger_Muon,2,full_unprescaled_member_covers_run,True,2e-12
2024,2024,381286,Trigger_EGamma,2,full_unprescaled_member_covers_run,True,2e-12
2024,2024,381286,Trigger_Any,7,full_unprescaled_member_covers_run,True,2e-12
2024,2024,381309,Trigger_ElMu,3,full_unprescaled_member_covers_run,True,2e-12
2024,2024,381309,Trigger_dblEl,1,full_unprescaled_member_covers_run,True,2e-12
2024,2024,381309,Trigger_dblMu,1,full_unprescaled_member_covers_run,True,2e-12
2024,2024,381309,Trigger_sngEl,1,full_unprescaled_member_covers_run,True,2e-12
2024,2024,381309,Trigger_sngMu,1,full_unprescaled_member_covers_run,True,2e-12
2024,2024,381309,Trigger_Muon,2,full_unprescaled_member_covers_run,True,2e-12
2024,2024,381309,Trigger_EGamma,2,full_unprescaled_member_covers_run,True,2e-12
2024,2024,381309,Trigger_Any,7,full_unprescaled_member_covers_run,True,2e-12
2024,2024,381358,Trigger_ElMu,3,full_unprescaled_member_covers_run,True,2e-12
2024,2024,381358,Trigger_dblEl,1,full_unprescaled_member_covers_run,True,2e-12
2024,2024,381358,Trigger_dblMu,1,full_unprescaled_member_covers_run,True,2e-12
2024,2024,381358,Trigger_sngEl,1,full_unprescaled_member_covers_run,True,2e-12
2024,2024,381358,Trigger_sngMu,1,full_unprescaled_member_covers_run,True,2e-12
2024,2024,381358,Trigger_Muon,2,full_unprescaled_member_covers_run,True,2e-12
2024,2024,381358,Trigger_EGamma,2,full_unprescaled_member_covers_run,True,2e-12
2024,2024,381358,Trigger_Any,7,full_unprescaled_member_covers_run,True,2e-12
2024,2024,381364,Trigger_ElMu,3,full_unprescaled_member_covers_run,True,2e-12
2024,2024,381364,Trigger_dblEl,1,full_unprescaled_member_covers_run,True,2e-12
2024,2024,381364,Trigger_dblMu,1,full_unprescaled_member_covers_run,True,2e-12
2024,2024,381364,Trigger_sngEl,1,full_unprescaled_member_covers_run,True,2e-12
2024,2024,381364,Trigger_sngMu,1,full_unprescaled_member_covers_run,True,2e-12
2024,2024,381364,Trigger_Muon,2,full_unprescaled_member_covers_run,True,2e-12
2024,2024,381364,Trigger_EGamma,2,full_unprescaled_member_covers_run,True,2e-12
2024,2024,381364,Trigger_Any,7,full_unprescaled_member_covers_run,True,2e-12
2024,2024,381365,Trigger_ElMu,3,full_unprescaled_member_covers_run,True,2e-12
2024,2024,381365,Trigger_dblEl,1,validated_unprescaled_partial_ls_union,True,2e-12
2024,2024,381365,Trigger_dblMu,1,validated_unprescaled_partial_ls_union,True,2e-12
2024,2024,381365,Trigger_sngEl,1,validated_unprescaled_partial_ls_union,True,2e-12
2024,2024,381365,Trigger_sngMu,1,validated_unprescaled_partial_ls_union,True,2e-12
2024,2024,381365,Trigger_Muon,2,validated_unprescaled_partial_ls_union,True,2e-12
2024,2024,381365,Trigger_EGamma,2,validated_unprescaled_partial_ls_union,True,2e-12
2024,2024,381365,Trigger_Any,7,full_unprescaled_member_covers_run,True,2e-12
2024,2024,381371,Trigger_ElMu,3,full_unprescaled_member_covers_run,True,2e-12
2024,2024,381371,Trigger_dblEl,1,full_unprescaled_member_covers_run,True,2e-12
2024,2024,381371,Trigger_dblMu,1,full_unprescaled_member_covers_run,True,2e-12
2024,2024,381371,Trigger_sngEl,1,full_unprescaled_member_covers_run,True,2e-12
2024,2024,381371,Trigger_sngMu,1,full_unprescaled_member_covers_run,True,2e-12
2024,2024,381371,Trigger_Muon,2,full_unprescaled_member_covers_run,True,2e-12
2024,2024,381371,Trigger_EGamma,2,full_unprescaled_member_covers_run,True,2e-12
2024,2024,381371,Trigger_Any,7,full_unprescaled_member_covers_run,True,2e-12
2024,2024,381379,Trigger_ElMu,3,full_unprescaled_member_covers_run,True,2e-12
2024,2024,381379,Trigger_dblEl,1,full_unprescaled_member_covers_run,True,2e-12
2024,2024,381379,Trigger_dblMu,1,full_unprescaled_member_covers_run,True,2e-12
2024,2024,381379,Trigger_sngEl,1,full_unprescaled_member_covers_run,True,2e-12
2024,2024,381379,Trigger_sngMu,1,full_unprescaled_member_covers_run,True,2e-12
2024,2024,381379,Trigger_Muon,2,full_unprescaled_member_covers_run,True,2e-12
2024,2024,381379,Trigger_EGamma,2,full_unprescaled_member_covers_run,True,2e-12
2024,2024,381379,Trigger_Any,7,full_unprescaled_member_covers_run,True,2e-12
2024,2024,381380,Trigger_ElMu,3,validated_unprescaled_partial_ls_union,True,2e-12
2024,2024,381380,Trigger_dblEl,1,full_unprescaled_member_covers_run,True,2e-12
2024,2024,381380,Trigger_dblMu,1,full_unprescaled_member_covers_run,True,2e-12
2024,2024,381380,Trigger_sngEl,1,full_unprescaled_member_covers_run,True,2e-12
2024,2024,381380,Trigger_sngMu,1,full_unprescaled_member_covers_run,True,2e-12
2024,2024,381380,Trigger_Muon,2,full_unprescaled_member_covers_run,True,2e-12
2024,2024,381380,Trigger_EGamma,2,full_unprescaled_member_covers_run,True,2e-12
2024,2024,381380,Trigger_Any,7,full_unprescaled_member_covers_run,True,2e-12
2024,2024,381384,Trigger_ElMu,3,validated_unprescaled_partial_ls_union,True,2e-12
2024,2024,381384,Trigger_dblEl,1,full_unprescaled_member_covers_run,True,2e-12
2024,2024,381384,Trigger_dblMu,1,validated_unprescaled_partial_ls_union,True,2e-12
2024,2024,381384,Trigger_sngEl,1,full_unprescaled_member_covers_run,True,2e-12
2024,2024,381384,Trigger_sngMu,1,validated_unprescaled_partial_ls_union,True,2e-12
2024,2024,381384,Trigger_Muon,2,validated_unprescaled_partial_ls_union,True,2e-12
2024,2024,381384,Trigger_EGamma,2,full_unprescaled_member_covers_run,True,2e-12
2024,2024,381384,Trigger_Any,7,full_unprescaled_member_covers_run,True,2e-12
2024,2024,381417,Trigger_ElMu,3,validated_unprescaled_partial_ls_union,True,2e-12
2024,2024,381417,Trigger_dblEl,1,full_unprescaled_member_covers_run,True,2e-12
2024,2024,381417,Trigger_dblMu,1,full_unprescaled_member_covers_run,True,2e-12
2024,2024,381417,Trigger_sngEl,1,full_unprescaled_member_covers_run,True,2e-12
2024,2024,381417,Trigger_sngMu,1,full_unprescaled_member_covers_run,True,2e-12
2024,2024,381417,Trigger_Muon,2,full_unprescaled_member_covers_run,True,2e-12
2024,2024,381417,Trigger_EGamma,2,full_unprescaled_member_covers_run,True,2e-12
2024,2024,381417,Trigger_Any,7,full_unprescaled_member_covers_run,True,2e-12
2024,2024,381443,Trigger_ElMu,3,full_unprescaled_member_covers_run,True,2e-12
2024,2024,381443,Trigger_dblEl,1,full_unprescaled_member_covers_run,True,2e-12
2024,2024,381443,Trigger_dblMu,1,full_unprescaled_member_covers_run,True,2e-12
2024,2024,381443,Trigger_sngEl,1,full_unprescaled_member_covers_run,True,2e-12
2024,2024,381443,Trigger_sngMu,1,full_unprescaled_member_covers_run,True,2e-12
2024,2024,381443,Trigger_Muon,2,full_unprescaled_member_covers_run,True,2e-12
2024,2024,381443,Trigger_EGamma,2,full_unprescaled_member_covers_run,True,2e-12
2024,2024,381443,Trigger_Any,7,full_unprescaled_member_covers_run,True,2e-12
2024,2024,381477,Trigger_ElMu,3,full_unprescaled_member_covers_run,True,2e-12
2024,2024,381477,Trigger_dblEl,1,full_unprescaled_member_covers_run,True,2e-12
2024,2024,381477,Trigger_dblMu,1,full_unprescaled_member_covers_run,True,2e-12
2024,2024,381477,Trigger_sngEl,1,full_unprescaled_member_covers_run,True,2e-12
2024,2024,381477,Trigger_sngMu,1,full_unprescaled_member_covers_run,True,2e-12
2024,2024,381477,Trigger_Muon,2,full_unprescaled_member_covers_run,True,2e-12
2024,2024,381477,Trigger_EGamma,2,full_unprescaled_member_covers_run,True,2e-12
2024,2024,381477,Trigger_Any,7,full_unprescaled_member_covers_run,True,2e-12
2024,2024,381479,Trigger_ElMu,3,full_unprescaled_member_covers_run,True,2e-12
2024,2024,381479,Trigger_dblEl,1,full_unprescaled_member_covers_run,True,2e-12
2024,2024,381479,Trigger_dblMu,1,full_unprescaled_member_covers_run,True,2e-12
2024,2024,381479,Trigger_sngEl,1,full_unprescaled_member_covers_run,True,2e-12
2024,2024,381479,Trigger_sngMu,1,full_unprescaled_member_covers_run,True,2e-12
2024,2024,381479,Trigger_Muon,2,full_unprescaled_member_covers_run,True,2e-12
2024,2024,381479,Trigger_EGamma,2,full_unprescaled_member_covers_run,True,2e-12
2024,2024,381479,Trigger_Any,7,full_unprescaled_member_covers_run,True,2e-12
2024,2024,381480,Trigger_ElMu,3,full_unprescaled_member_covers_run,True,2e-12
2024,2024,381480,Trigger_dblEl,1,full_unprescaled_member_covers_run,True,2e-12
2024,2024,381480,Trigger_dblMu,1,full_unprescaled_member_covers_run,True,2e-12
2024,2024,381480,Trigger_sngEl,1,full_unprescaled_member_covers_run,True,2e-12
2024,2024,381480,Trigger_sngMu,1,full_unprescaled_member_covers_run,True,2e-12
2024,2024,381480,Trigger_Muon,2,full_unprescaled_member_covers_run,True,2e-12
2024,2024,381480,Trigger_EGamma,2,full_unprescaled_member_covers_run,True,2e-12
2024,2024,381480,Trigger_Any,7,full_unprescaled_member_covers_run,True,2e-12
2024,2024,381484,Trigger_ElMu,3,full_unprescaled_member_covers_run,True,2e-12
2024,2024,381484,Trigger_dblEl,1,full_unprescaled_member_covers_run,True,2e-12
2024,2024,381484,Trigger_dblMu,1,full_unprescaled_member_covers_run,True,2e-12
2024,2024,381484,Trigger_sngEl,1,full_unprescaled_member_covers_run,True,2e-12
2024,2024,381484,Trigger_sngMu,1,full_unprescaled_member_covers_run,True,2e-12
2024,2024,381484,Trigger_Muon,2,full_unprescaled_member_covers_run,True,2e-12
2024,2024,381484,Trigger_EGamma,2,full_unprescaled_member_covers_run,True,2e-12
2024,2024,381484,Trigger_Any,7,full_unprescaled_member_covers_run,True,2e-12
2024,2024,381499,Trigger_ElMu,3,full_unprescaled_member_covers_run,True,2e-12
2024,2024,381499,Trigger_dblEl,1,full_unprescaled_member_covers_run,True,2e-12
2024,2024,381499,Trigger_dblMu,1,full_unprescaled_member_covers_run,True,2e-12
2024,2024,381499,Trigger_sngEl,1,full_unprescaled_member_covers_run,True,2e-12
2024,2024,381499,Trigger_sngMu,1,full_unprescaled_member_covers_run,True,2e-12
2024,2024,381499,Trigger_Muon,2,full_unprescaled_member_covers_run,True,2e-12
2024,2024,381499,Trigger_EGamma,2,full_unprescaled_member_covers_run,True,2e-12
2024,2024,381499,Trigger_Any,7,full_unprescaled_member_covers_run,True,2e-12
2024,2024,381500,Trigger_ElMu,3,full_unprescaled_member_covers_run,True,2e-12
2024,2024,381500,Trigger_dblEl,1,full_unprescaled_member_covers_run,True,2e-12
2024,2024,381500,Trigger_dblMu,1,full_unprescaled_member_covers_run,True,2e-12
2024,2024,381500,Trigger_sngEl,1,full_unprescaled_member_covers_run,True,2e-12
2024,2024,381500,Trigger_sngMu,1,full_unprescaled_member_covers_run,True,2e-12
2024,2024,381500,Trigger_Muon,2,full_unprescaled_member_covers_run,True,2e-12
2024,2024,381500,Trigger_EGamma,2,full_unprescaled_member_covers_run,True,2e-12
2024,2024,381500,Trigger_Any,7,full_unprescaled_member_covers_run,True,2e-12
2024,2024,381515,Trigger_ElMu,3,full_unprescaled_member_covers_run,True,2e-12
2024,2024,381515,Trigger_dblEl,1,full_unprescaled_member_covers_run,True,2e-12
2024,2024,381515,Trigger_dblMu,1,full_unprescaled_member_covers_run,True,2e-12
2024,2024,381515,Trigger_sngEl,1,full_unprescaled_member_covers_run,True,2e-12
2024,2024,381515,Trigger_sngMu,1,full_unprescaled_member_covers_run,True,2e-12
2024,2024,381515,Trigger_Muon,2,full_unprescaled_member_covers_run,True,2e-12
2024,2024,381515,Trigger_EGamma,2,full_unprescaled_member_covers_run,True,2e-12
2024,2024,381515,Trigger_Any,7,full_unprescaled_member_covers_run,True,2e-12
2024,2024,381516,Trigger_ElMu,3,validated_unprescaled_partial_ls_union,True,2e-12
2024,2024,381516,Trigger_dblEl,1,full_unprescaled_member_covers_run,True,2e-12
2024,2024,381516,Trigger_dblMu,1,validated_unprescaled_partial_ls_union,True,2e-12
2024,2024,381516,Trigger_sngEl,1,full_unprescaled_member_covers_run,True,2e-12
2024,2024,381516,Trigger_sngMu,1,validated_unprescaled_partial_ls_union,True,2e-12
2024,2024,381516,Trigger_Muon,2,validated_unprescaled_partial_ls_union,True,2e-12
2024,2024,381516,Trigger_EGamma,2,full_unprescaled_member_covers_run,True,2e-12
2024,2024,381516,Trigger_Any,7,full_unprescaled_member_covers_run,True,2e-12
2024,2024,381543,Trigger_ElMu,3,full_unprescaled_member_covers_run,True,2e-12
2024,2024,381543,Trigger_dblEl,1,full_unprescaled_member_covers_run,True,2e-12
2024,2024,381543,Trigger_dblMu,1,full_unprescaled_member_covers_run,True,2e-12
2024,2024,381543,Trigger_sngEl,1,full_unprescaled_member_covers_run,True,2e-12
2024,2024,381543,Trigger_sngMu,1,full_unprescaled_member_covers_run,True,2e-12
2024,2024,381543,Trigger_Muon,2,full_unprescaled_member_covers_run,True,2e-12
2024,2024,381543,Trigger_EGamma,2,full_unprescaled_member_covers_run,True,2e-12
2024,2024,381543,Trigger_Any,7,full_unprescaled_member_covers_run,True,2e-12
2024,2024,381544,Trigger_ElMu,3,full_unprescaled_member_covers_run,True,2e-12
2024,2024,381544,Trigger_dblEl,1,full_unprescaled_member_covers_run,True,2e-12
2024,2024,381544,Trigger_dblMu,1,full_unprescaled_member_covers_run,True,2e-12
2024,2024,381544,Trigger_sngEl,1,full_unprescaled_member_covers_run,True,2e-12
2024,2024,381544,Trigger_sngMu,1,full_unprescaled_member_covers_run,True,2e-12
2024,2024,381544,Trigger_Muon,2,full_unprescaled_member_covers_run,True,2e-12
2024,2024,381544,Trigger_EGamma,2,full_unprescaled_member_covers_run,True,2e-12
2024,2024,381544,Trigger_Any,7,full_unprescaled_member_covers_run,True,2e-12
2024,2024,382229,Trigger_ElMu,3,full_unprescaled_member_covers_run,True,2e-12
2024,2024,382229,Trigger_dblEl,1,full_unprescaled_member_covers_run,True,2e-12
2024,2024,382229,Trigger_dblMu,1,full_unprescaled_member_covers_run,True,2e-12
2024,2024,382229,Trigger_sngEl,1,full_unprescaled_member_covers_run,True,2e-12
2024,2024,382229,Trigger_sngMu,1,full_unprescaled_member_covers_run,True,2e-12
2024,2024,382229,Trigger_Muon,2,full_unprescaled_member_covers_run,True,2e-12
2024,2024,382229,Trigger_EGamma,2,full_unprescaled_member_covers_run,True,2e-12
2024,2024,382229,Trigger_Any,7,full_unprescaled_member_covers_run,True,2e-12
2024,2024,382250,Trigger_ElMu,3,full_unprescaled_member_covers_run,True,2e-12
2024,2024,382250,Trigger_dblEl,1,full_unprescaled_member_covers_run,True,2e-12
2024,2024,382250,Trigger_dblMu,1,full_unprescaled_member_covers_run,True,2e-12
2024,2024,382250,Trigger_sngEl,1,full_unprescaled_member_covers_run,True,2e-12
2024,2024,382250,Trigger_sngMu,1,full_unprescaled_member_covers_run,True,2e-12
2024,2024,382250,Trigger_Muon,2,full_unprescaled_member_covers_run,True,2e-12
2024,2024,382250,Trigger_EGamma,2,full_unprescaled_member_covers_run,True,2e-12
2024,2024,382250,Trigger_Any,7,full_unprescaled_member_covers_run,True,2e-12
2024,2024,382255,Trigger_ElMu,3,full_unprescaled_member_covers_run,True,2e-12
2024,2024,382255,Trigger_dblEl,1,full_unprescaled_member_covers_run,True,2e-12
2024,2024,382255,Trigger_dblMu,1,full_unprescaled_member_covers_run,True,2e-12
2024,2024,382255,Trigger_sngEl,1,full_unprescaled_member_covers_run,True,2e-12
2024,2024,382255,Trigger_sngMu,1,full_unprescaled_member_covers_run,True,2e-12
2024,2024,382255,Trigger_Muon,2,full_unprescaled_member_covers_run,True,2e-12
2024,2024,382255,Trigger_EGamma,2,full_unprescaled_member_covers_run,True,2e-12
2024,2024,382255,Trigger_Any,7,full_unprescaled_member_covers_run,True,2e-12
2024,2024,382256,Trigger_ElMu,3,full_unprescaled_member_covers_run,True,2e-12
2024,2024,382256,Trigger_dblEl,1,full_unprescaled_member_covers_run,True,2e-12
2024,2024,382256,Trigger_dblMu,1,full_unprescaled_member_covers_run,True,2e-12
2024,2024,382256,Trigger_sngEl,1,full_unprescaled_member_covers_run,True,2e-12
2024,2024,382256,Trigger_sngMu,1,full_unprescaled_member_covers_run,True,2e-12
2024,2024,382256,Trigger_Muon,2,full_unprescaled_member_covers_run,True,2e-12
2024,2024,382256,Trigger_EGamma,2,full_unprescaled_member_covers_run,True,2e-12
2024,2024,382256,Trigger_Any,7,full_unprescaled_member_covers_run,True,2e-12
2024,2024,382257,Trigger_ElMu,3,full_unprescaled_member_covers_run,True,2e-12
2024,2024,382257,Trigger_dblEl,1,full_unprescaled_member_covers_run,True,2e-12
2024,2024,382257,Trigger_dblMu,1,full_unprescaled_member_covers_run,True,2e-12
2024,2024,382257,Trigger_sngEl,1,full_unprescaled_member_covers_run,True,2e-12
2024,2024,382257,Trigger_sngMu,1,full_unprescaled_member_covers_run,True,2e-12
2024,2024,382257,Trigger_Muon,2,full_unprescaled_member_covers_run,True,2e-12
2024,2024,382257,Trigger_EGamma,2,full_unprescaled_member_covers_run,True,2e-12
2024,2024,382257,Trigger_Any,7,full_unprescaled_member_covers_run,True,2e-12
2024,2024,382258,Trigger_ElMu,3,full_unprescaled_member_covers_run,True,2e-12
2024,2024,382258,Trigger_dblEl,1,full_unprescaled_member_covers_run,True,2e-12
2024,2024,382258,Trigger_dblMu,1,full_unprescaled_member_covers_run,True,2e-12
2024,2024,382258,Trigger_sngEl,1,full_unprescaled_member_covers_run,True,2e-12
2024,2024,382258,Trigger_sngMu,1,full_unprescaled_member_covers_run,True,2e-12
2024,2024,382258,Trigger_Muon,2,full_unprescaled_member_covers_run,True,2e-12
2024,2024,382258,Trigger_EGamma,2,full_unprescaled_member_covers_run,True,2e-12
2024,2024,382258,Trigger_Any,7,full_unprescaled_member_covers_run,True,2e-12
2024,2024,382262,Trigger_ElMu,3,full_unprescaled_member_covers_run,True,2e-12
2024,2024,382262,Trigger_dblEl,1,full_unprescaled_member_covers_run,True,2e-12
2024,2024,382262,Trigger_dblMu,1,full_unprescaled_member_covers_run,True,2e-12
2024,2024,382262,Trigger_sngEl,1,full_unprescaled_member_covers_run,True,2e-12
2024,2024,382262,Trigger_sngMu,1,full_unprescaled_member_covers_run,True,2e-12
2024,2024,382262,Trigger_Muon,2,full_unprescaled_member_covers_run,True,2e-12
2024,2024,382262,Trigger_EGamma,2,full_unprescaled_member_covers_run,True,2e-12
2024,2024,382262,Trigger_Any,7,full_unprescaled_member_covers_run,True,2e-12
2024,2024,382298,Trigger_ElMu,3,full_unprescaled_member_covers_run,True,2e-12
2024,2024,382298,Trigger_dblEl,1,full_unprescaled_member_covers_run,True,2e-12
2024,2024,382298,Trigger_dblMu,1,full_unprescaled_member_covers_run,True,2e-12
2024,2024,382298,Trigger_sngEl,1,full_unprescaled_member_covers_run,True,2e-12
2024,2024,382298,Trigger_sngMu,1,full_unprescaled_member_covers_run,True,2e-12
2024,2024,382298,Trigger_Muon,2,full_unprescaled_member_covers_run,True,2e-12
2024,2024,382298,Trigger_EGamma,2,full_unprescaled_member_covers_run,True,2e-12
2024,2024,382298,Trigger_Any,7,full_unprescaled_member_covers_run,True,2e-12
2024,2024,382299,Trigger_ElMu,3,full_unprescaled_member_covers_run,True,2e-12
2024,2024,382299,Trigger_dblEl,1,full_unprescaled_member_covers_run,True,2e-12
2024,2024,382299,Trigger_dblMu,1,full_unprescaled_member_covers_run,True,2e-12
2024,2024,382299,Trigger_sngEl,1,full_unprescaled_member_covers_run,True,2e-12
2024,2024,382299,Trigger_sngMu,1,full_unprescaled_member_covers_run,True,2e-12
2024,2024,382299,Trigger_Muon,2,full_unprescaled_member_covers_run,True,2e-12
2024,2024,382299,Trigger_EGamma,2,full_unprescaled_member_covers_run,True,2e-12
2024,2024,382299,Trigger_Any,7,full_unprescaled_member_covers_run,True,2e-12
2024,2024,382300,Trigger_ElMu,3,full_unprescaled_member_covers_run,True,2e-12
2024,2024,382300,Trigger_dblEl,1,full_unprescaled_member_covers_run,True,2e-12
2024,2024,382300,Trigger_dblMu,1,full_unprescaled_member_covers_run,True,2e-12
2024,2024,382300,Trigger_sngEl,1,full_unprescaled_member_covers_run,True,2e-12
2024,2024,382300,Trigger_sngMu,1,full_unprescaled_member_covers_run,True,2e-12
2024,2024,382300,Trigger_Muon,2,full_unprescaled_member_covers_run,True,2e-12
2024,2024,382300,Trigger_EGamma,2,full_unprescaled_member_covers_run,True,2e-12
2024,2024,382300,Trigger_Any,7,full_unprescaled_member_covers_run,True,2e-12
2024,2024,382313,Trigger_ElMu,3,full_unprescaled_member_covers_run,True,2e-12
2024,2024,382313,Trigger_dblEl,1,full_unprescaled_member_covers_run,True,2e-12
2024,2024,382313,Trigger_dblMu,1,full_unprescaled_member_covers_run,True,2e-12
2024,2024,382313,Trigger_sngEl,1,full_unprescaled_member_covers_run,True,2e-12
2024,2024,382313,Trigger_sngMu,1,full_unprescaled_member_covers_run,True,2e-12
2024,2024,382313,Trigger_Muon,2,full_unprescaled_member_covers_run,True,2e-12
2024,2024,382313,Trigger_EGamma,2,full_unprescaled_member_covers_run,True,2e-12
2024,2024,382313,Trigger_Any,7,full_unprescaled_member_covers_run,True,2e-12
2024,2024,382314,Trigger_ElMu,3,full_unprescaled_member_covers_run,True,2e-12
2024,2024,382314,Trigger_dblEl,1,full_unprescaled_member_covers_run,True,2e-12
2024,2024,382314,Trigger_dblMu,1,full_unprescaled_member_covers_run,True,2e-12
2024,2024,382314,Trigger_sngEl,1,full_unprescaled_member_covers_run,True,2e-12
2024,2024,382314,Trigger_sngMu,1,full_unprescaled_member_covers_run,True,2e-12
2024,2024,382314,Trigger_Muon,2,full_unprescaled_member_covers_run,True,2e-12
2024,2024,382314,Trigger_EGamma,2,full_unprescaled_member_covers_run,True,2e-12
2024,2024,382314,Trigger_Any,7,full_unprescaled_member_covers_run,True,2e-12
2024,2024,382328,Trigger_ElMu,3,full_unprescaled_member_covers_run,True,2e-12
2024,2024,382328,Trigger_dblEl,1,full_unprescaled_member_covers_run,True,2e-12
2024,2024,382328,Trigger_dblMu,1,full_unprescaled_member_covers_run,True,2e-12
2024,2024,382328,Trigger_sngEl,1,full_unprescaled_member_covers_run,True,2e-12
2024,2024,382328,Trigger_sngMu,1,full_unprescaled_member_covers_run,True,2e-12
2024,2024,382328,Trigger_Muon,2,full_unprescaled_member_covers_run,True,2e-12
2024,2024,382328,Trigger_EGamma,2,full_unprescaled_member_covers_run,True,2e-12
2024,2024,382328,Trigger_Any,7,full_unprescaled_member_covers_run,True,2e-12
2024,2024,382329,Trigger_ElMu,3,full_unprescaled_member_covers_run,True,2e-12
2024,2024,382329,Trigger_dblEl,1,full_unprescaled_member_covers_run,True,2e-12
2024,2024,382329,Trigger_dblMu,1,full_unprescaled_member_covers_run,True,2e-12
2024,2024,382329,Trigger_sngEl,1,full_unprescaled_member_covers_run,True,2e-12
2024,2024,382329,Trigger_sngMu,1,full_unprescaled_member_covers_run,True,2e-12
2024,2024,382329,Trigger_Muon,2,full_unprescaled_member_covers_run,True,2e-12
2024,2024,382329,Trigger_EGamma,2,full_unprescaled_member_covers_run,True,2e-12
2024,2024,382329,Trigger_Any,7,full_unprescaled_member_covers_run,True,2e-12
2024,2024,382343,Trigger_ElMu,3,validated_unprescaled_partial_ls_union,True,2e-12
2024,2024,382343,Trigger_dblEl,1,full_unprescaled_member_covers_run,True,2e-12
2024,2024,382343,Trigger_dblMu,1,full_unprescaled_member_covers_run,True,2e-12
2024,2024,382343,Trigger_sngEl,1,full_unprescaled_member_covers_run,True,2e-12
2024,2024,382343,Trigger_sngMu,1,full_unprescaled_member_covers_run,True,2e-12
2024,2024,382343,Trigger_Muon,2,full_unprescaled_member_covers_run,True,2e-12
2024,2024,382343,Trigger_EGamma,2,full_unprescaled_member_covers_run,True,2e-12
2024,2024,382343,Trigger_Any,7,full_unprescaled_member_covers_run,True,2e-12
2024,2024,382344,Trigger_ElMu,3,full_unprescaled_member_covers_run,True,2e-12
2024,2024,382344,Trigger_dblEl,1,full_unprescaled_member_covers_run,True,2e-12
2024,2024,382344,Trigger_dblMu,1,full_unprescaled_member_covers_run,True,2e-12
2024,2024,382344,Trigger_sngEl,1,full_unprescaled_member_covers_run,True,2e-12
2024,2024,382344,Trigger_sngMu,1,full_unprescaled_member_covers_run,True,2e-12
2024,2024,382344,Trigger_Muon,2,full_unprescaled_member_covers_run,True,2e-12
2024,2024,382344,Trigger_EGamma,2,full_unprescaled_member_covers_run,True,2e-12
2024,2024,382344,Trigger_Any,7,full_unprescaled_member_covers_run,True,2e-12
2024,2024,382504,Trigger_ElMu,3,full_unprescaled_member_covers_run,True,2e-12
2024,2024,382504,Trigger_dblEl,1,full_unprescaled_member_covers_run,True,2e-12
2024,2024,382504,Trigger_dblMu,1,full_unprescaled_member_covers_run,True,2e-12
2024,2024,382504,Trigger_sngEl,1,full_unprescaled_member_covers_run,True,2e-12
2024,2024,382504,Trigger_sngMu,1,full_unprescaled_member_covers_run,True,2e-12
2024,2024,382504,Trigger_Muon,2,full_unprescaled_member_covers_run,True,2e-12
2024,2024,382504,Trigger_EGamma,2,full_unprescaled_member_covers_run,True,2e-12
2024,2024,382504,Trigger_Any,7,full_unprescaled_member_covers_run,True,2e-12
2024,2024,382568,Trigger_ElMu,3,full_unprescaled_member_covers_run,True,2e-12
2024,2024,382568,Trigger_dblEl,1,full_unprescaled_member_covers_run,True,2e-12
2024,2024,382568,Trigger_dblMu,1,validated_unprescaled_partial_ls_union,True,2e-12
2024,2024,382568,Trigger_sngEl,1,full_unprescaled_member_covers_run,True,2e-12
2024,2024,382568,Trigger_sngMu,1,validated_unprescaled_partial_ls_union,True,2e-12
2024,2024,382568,Trigger_Muon,2,validated_unprescaled_partial_ls_union,True,2e-12
2024,2024,382568,Trigger_EGamma,2,full_unprescaled_member_covers_run,True,2e-12
2024,2024,382568,Trigger_Any,7,full_unprescaled_member_covers_run,True,2e-12
2024,2024,382580,Trigger_ElMu,3,full_unprescaled_member_covers_run,True,2e-12
2024,2024,382580,Trigger_dblEl,1,full_unprescaled_member_covers_run,True,2e-12
2024,2024,382580,Trigger_dblMu,1,full_unprescaled_member_covers_run,True,2e-12
2024,2024,382580,Trigger_sngEl,1,full_unprescaled_member_covers_run,True,2e-12
2024,2024,382580,Trigger_sngMu,1,full_unprescaled_member_covers_run,True,2e-12
2024,2024,382580,Trigger_Muon,2,full_unprescaled_member_covers_run,True,2e-12
2024,2024,382580,Trigger_EGamma,2,full_unprescaled_member_covers_run,True,2e-12
2024,2024,382580,Trigger_Any,7,full_unprescaled_member_covers_run,True,2e-12
2024,2024,382594,Trigger_ElMu,3,full_unprescaled_member_covers_run,True,2e-12
2024,2024,382594,Trigger_dblEl,1,full_unprescaled_member_covers_run,True,2e-12
2024,2024,382594,Trigger_dblMu,1,full_unprescaled_member_covers_run,True,2e-12
2024,2024,382594,Trigger_sngEl,1,full_unprescaled_member_covers_run,True,2e-12
2024,2024,382594,Trigger_sngMu,1,full_unprescaled_member_covers_run,True,2e-12
2024,2024,382594,Trigger_Muon,2,full_unprescaled_member_covers_run,True,2e-12
2024,2024,382594,Trigger_EGamma,2,full_unprescaled_member_covers_run,True,2e-12
2024,2024,382594,Trigger_Any,7,full_unprescaled_member_covers_run,True,2e-12
2024,2024,382595,Trigger_ElMu,3,full_unprescaled_member_covers_run,True,2e-12
2024,2024,382595,Trigger_dblEl,1,full_unprescaled_member_covers_run,True,2e-12
2024,2024,382595,Trigger_dblMu,1,full_unprescaled_member_covers_run,True,2e-12
2024,2024,382595,Trigger_sngEl,1,full_unprescaled_member_covers_run,True,2e-12
2024,2024,382595,Trigger_sngMu,1,full_unprescaled_member_covers_run,True,2e-12
2024,2024,382595,Trigger_Muon,2,full_unprescaled_member_covers_run,True,2e-12
2024,2024,382595,Trigger_EGamma,2,full_unprescaled_member_covers_run,True,2e-12
2024,2024,382595,Trigger_Any,7,full_unprescaled_member_covers_run,True,2e-12
2024,2024,382617,Trigger_ElMu,3,full_unprescaled_member_covers_run,True,2e-12
2024,2024,382617,Trigger_dblEl,1,full_unprescaled_member_covers_run,True,2e-12
2024,2024,382617,Trigger_dblMu,1,full_unprescaled_member_covers_run,True,2e-12
2024,2024,382617,Trigger_sngEl,1,full_unprescaled_member_covers_run,True,2e-12
2024,2024,382617,Trigger_sngMu,1,full_unprescaled_member_covers_run,True,2e-12
2024,2024,382617,Trigger_Muon,2,full_unprescaled_member_covers_run,True,2e-12
2024,2024,382617,Trigger_EGamma,2,full_unprescaled_member_covers_run,True,2e-12
2024,2024,382617,Trigger_Any,7,full_unprescaled_member_covers_run,True,2e-12
2024,2024,382626,Trigger_ElMu,3,full_unprescaled_member_covers_run,True,2e-12
2024,2024,382626,Trigger_dblEl,1,full_unprescaled_member_covers_run,True,2e-12
2024,2024,382626,Trigger_dblMu,1,full_unprescaled_member_covers_run,True,2e-12
2024,2024,382626,Trigger_sngEl,1,full_unprescaled_member_covers_run,True,2e-12
2024,2024,382626,Trigger_sngMu,1,full_unprescaled_member_covers_run,True,2e-12
2024,2024,382626,Trigger_Muon,2,full_unprescaled_member_covers_run,True,2e-12
2024,2024,382626,Trigger_EGamma,2,full_unprescaled_member_covers_run,True,2e-12
2024,2024,382626,Trigger_Any,7,full_unprescaled_member_covers_run,True,2e-12
2024,2024,382649,Trigger_ElMu,3,full_unprescaled_member_covers_run,True,2e-12
2024,2024,382649,Trigger_dblEl,1,full_unprescaled_member_covers_run,True,2e-12
2024,2024,382649,Trigger_dblMu,1,full_unprescaled_member_covers_run,True,2e-12
2024,2024,382649,Trigger_sngEl,1,full_unprescaled_member_covers_run,True,2e-12
2024,2024,382649,Trigger_sngMu,1,full_unprescaled_member_covers_run,True,2e-12
2024,2024,382649,Trigger_Muon,2,full_unprescaled_member_covers_run,True,2e-12
2024,2024,382649,Trigger_EGamma,2,full_unprescaled_member_covers_run,True,2e-12
2024,2024,382649,Trigger_Any,7,full_unprescaled_member_covers_run,True,2e-12
2024,2024,382650,Trigger_ElMu,3,full_unprescaled_member_covers_run,True,2e-12
2024,2024,382650,Trigger_dblEl,1,full_unprescaled_member_covers_run,True,2e-12
2024,2024,382650,Trigger_dblMu,1,full_unprescaled_member_covers_run,True,2e-12
2024,2024,382650,Trigger_sngEl,1,full_unprescaled_member_covers_run,True,2e-12
2024,2024,382650,Trigger_sngMu,1,full_unprescaled_member_covers_run,True,2e-12
2024,2024,382650,Trigger_Muon,2,full_unprescaled_member_covers_run,True,2e-12
2024,2024,382650,Trigger_EGamma,2,full_unprescaled_member_covers_run,True,2e-12
2024,2024,382650,Trigger_Any,7,full_unprescaled_member_covers_run,True,2e-12
2024,2024,382654,Trigger_ElMu,3,validated_unprescaled_partial_ls_union,True,2e-12
2024,2024,382654,Trigger_dblEl,1,full_unprescaled_member_covers_run,True,2e-12
2024,2024,382654,Trigger_dblMu,1,validated_unprescaled_partial_ls_union,True,2e-12
2024,2024,382654,Trigger_sngEl,1,full_unprescaled_member_covers_run,True,2e-12
2024,2024,382654,Trigger_sngMu,1,validated_unprescaled_partial_ls_union,True,2e-12
2024,2024,382654,Trigger_Muon,2,validated_unprescaled_partial_ls_union,True,2e-12
2024,2024,382654,Trigger_EGamma,2,full_unprescaled_member_covers_run,True,2e-12
2024,2024,382654,Trigger_Any,7,full_unprescaled_member_covers_run,True,2e-12
2024,2024,382655,Trigger_ElMu,3,full_unprescaled_member_covers_run,True,2e-12
2024,2024,382655,Trigger_dblEl,1,full_unprescaled_member_covers_run,True,2e-12
2024,2024,382655,Trigger_dblMu,1,full_unprescaled_member_covers_run,True,2e-12
2024,2024,382655,Trigger_sngEl,1,full_unprescaled_member_covers_run,True,2e-12
2024,2024,382655,Trigger_sngMu,1,full_unprescaled_member_covers_run,True,2e-12
2024,2024,382655,Trigger_Muon,2,full_unprescaled_member_covers_run,True,2e-12
2024,2024,382655,Trigger_EGamma,2,full_unprescaled_member_covers_run,True,2e-12
2024,2024,382655,Trigger_Any,7,full_unprescaled_member_covers_run,True,2e-12
2024,2024,382656,Trigger_ElMu,3,full_unprescaled_member_covers_run,True,2e-12
2024,2024,382656,Trigger_dblEl,1,full_unprescaled_member_covers_run,True,2e-12
2024,2024,382656,Trigger_dblMu,1,full_unprescaled_member_covers_run,True,2e-12
2024,2024,382656,Trigger_sngEl,1,full_unprescaled_member_covers_run,True,2e-12
2024,2024,382656,Trigger_sngMu,1,full_unprescaled_member_covers_run,True,2e-12
2024,2024,382656,Trigger_Muon,2,full_unprescaled_member_covers_run,True,2e-12
2024,2024,382656,Trigger_EGamma,2,full_unprescaled_member_covers_run,True,2e-12
2024,2024,382656,Trigger_Any,7,full_unprescaled_member_covers_run,True,2e-12
2024,2024,382679,Trigger_ElMu,3,full_unprescaled_member_covers_run,True,2e-12
2024,2024,382679,Trigger_dblEl,1,full_unprescaled_member_covers_run,True,2e-12
2024,2024,382679,Trigger_dblMu,1,full_unprescaled_member_covers_run,True,2e-12
2024,2024,382679,Trigger_sngEl,1,full_unprescaled_member_covers_run,True,2e-12
2024,2024,382679,Trigger_sngMu,1,full_unprescaled_member_covers_run,True,2e-12
2024,2024,382679,Trigger_Muon,2,full_unprescaled_member_covers_run,True,2e-12
2024,2024,382679,Trigger_EGamma,2,full_unprescaled_member_covers_run,True,2e-12
2024,2024,382679,Trigger_Any,7,full_unprescaled_member_covers_run,True,2e-12
2024,2024,382684,Trigger_ElMu,3,full_unprescaled_member_covers_run,True,2e-12
2024,2024,382684,Trigger_dblEl,1,full_unprescaled_member_covers_run,True,2e-12
2024,2024,382684,Trigger_dblMu,1,full_unprescaled_member_covers_run,True,2e-12
2024,2024,382684,Trigger_sngEl,1,full_unprescaled_member_covers_run,True,2e-12
2024,2024,382684,Trigger_sngMu,1,full_unprescaled_member_covers_run,True,2e-12
2024,2024,382684,Trigger_Muon,2,full_unprescaled_member_covers_run,True,2e-12
2024,2024,382684,Trigger_EGamma,2,full_unprescaled_member_covers_run,True,2e-12
2024,2024,382684,Trigger_Any,7,full_unprescaled_member_covers_run,True,2e-12
2024,2024,382685,Trigger_ElMu,3,validated_unprescaled_partial_ls_union,True,2e-12
2024,2024,382685,Trigger_dblEl,1,validated_unprescaled_partial_ls_union,True,2e-12
2024,2024,382685,Trigger_dblMu,1,validated_unprescaled_partial_ls_union,True,2e-12
2024,2024,382685,Trigger_sngEl,1,validated_unprescaled_partial_ls_union,True,2e-12
2024,2024,382685,Trigger_sngMu,1,validated_unprescaled_partial_ls_union,True,2e-12
2024,2024,382685,Trigger_Muon,2,validated_unprescaled_partial_ls_union,True,2e-12
2024,2024,382685,Trigger_EGamma,2,validated_unprescaled_partial_ls_union,True,2e-12
2024,2024,382685,Trigger_Any,7,validated_unprescaled_partial_ls_union,True,2e-12
2024,2024,382686,Trigger_ElMu,3,full_unprescaled_member_covers_run,True,2e-12
2024,2024,382686,Trigger_dblEl,1,full_unprescaled_member_covers_run,True,2e-12
2024,2024,382686,Trigger_dblMu,1,full_unprescaled_member_covers_run,True,2e-12
2024,2024,382686,Trigger_sngEl,1,full_unprescaled_member_covers_run,True,2e-12
2024,2024,382686,Trigger_sngMu,1,full_unprescaled_member_covers_run,True,2e-12
2024,2024,382686,Trigger_Muon,2,full_unprescaled_member_covers_run,True,2e-12
2024,2024,382686,Trigger_EGamma,2,full_unprescaled_member_covers_run,True,2e-12
2024,2024,382686,Trigger_Any,7,full_unprescaled_member_covers_run,True,2e-12
2024,2024,382725,Trigger_ElMu,3,full_unprescaled_member_covers_run,True,2e-12
2024,2024,382725,Trigger_dblEl,1,full_unprescaled_member_covers_run,True,2e-12
2024,2024,382725,Trigger_dblMu,1,full_unprescaled_member_covers_run,True,2e-12
2024,2024,382725,Trigger_sngEl,1,full_unprescaled_member_covers_run,True,2e-12
2024,2024,382725,Trigger_sngMu,1,full_unprescaled_member_covers_run,True,2e-12
2024,2024,382725,Trigger_Muon,2,full_unprescaled_member_covers_run,True,2e-12
2024,2024,382725,Trigger_EGamma,2,full_unprescaled_member_covers_run,True,2e-12
2024,2024,382725,Trigger_Any,7,full_unprescaled_member_covers_run,True,2e-12
2024,2024,382729,Trigger_ElMu,3,full_unprescaled_member_covers_run,True,2e-12
2024,2024,382729,Trigger_dblEl,1,full_unprescaled_member_covers_run,True,2e-12
2024,2024,382729,Trigger_dblMu,1,full_unprescaled_member_covers_run,True,2e-12
2024,2024,382729,Trigger_sngEl,1,full_unprescaled_member_covers_run,True,2e-12
2024,2024,382729,Trigger_sngMu,1,full_unprescaled_member_covers_run,True,2e-12
2024,2024,382729,Trigger_Muon,2,full_unprescaled_member_covers_run,True,2e-12
2024,2024,382729,Trigger_EGamma,2,full_unprescaled_member_covers_run,True,2e-12
2024,2024,382729,Trigger_Any,7,full_unprescaled_member_covers_run,True,2e-12
2024,2024,382730,Trigger_ElMu,3,full_unprescaled_member_covers_run,True,2e-12
2024,2024,382730,Trigger_dblEl,1,full_unprescaled_member_covers_run,True,2e-12
2024,2024,382730,Trigger_dblMu,1,full_unprescaled_member_covers_run,True,2e-12
2024,2024,382730,Trigger_sngEl,1,full_unprescaled_member_covers_run,True,2e-12
2024,2024,382730,Trigger_sngMu,1,full_unprescaled_member_covers_run,True,2e-12
2024,2024,382730,Trigger_Muon,2,full_unprescaled_member_covers_run,True,2e-12
2024,2024,382730,Trigger_EGamma,2,full_unprescaled_member_covers_run,True,2e-12
2024,2024,382730,Trigger_Any,7,full_unprescaled_member_covers_run,True,2e-12
2024,2024,382750,Trigger_ElMu,3,full_unprescaled_member_covers_run,True,2e-12
2024,2024,382750,Trigger_dblEl,1,full_unprescaled_member_covers_run,True,2e-12
2024,2024,382750,Trigger_dblMu,1,full_unprescaled_member_covers_run,True,2e-12
2024,2024,382750,Trigger_sngEl,1,full_unprescaled_member_covers_run,True,2e-12
2024,2024,382750,Trigger_sngMu,1,full_unprescaled_member_covers_run,True,2e-12
2024,2024,382750,Trigger_Muon,2,full_unprescaled_member_covers_run,True,2e-12
2024,2024,382750,Trigger_EGamma,2,full_unprescaled_member_covers_run,True,2e-12
2024,2024,382750,Trigger_Any,7,full_unprescaled_member_covers_run,True,2e-12
2024,2024,382752,Trigger_ElMu,3,full_unprescaled_member_covers_run,True,2e-12
2024,2024,382752,Trigger_dblEl,1,full_unprescaled_member_covers_run,True,2e-12
2024,2024,382752,Trigger_dblMu,1,full_unprescaled_member_covers_run,True,2e-12
2024,2024,382752,Trigger_sngEl,1,full_unprescaled_member_covers_run,True,2e-12
2024,2024,382752,Trigger_sngMu,1,full_unprescaled_member_covers_run,True,2e-12
2024,2024,382752,Trigger_Muon,2,full_unprescaled_member_covers_run,True,2e-12
2024,2024,382752,Trigger_EGamma,2,full_unprescaled_member_covers_run,True,2e-12
2024,2024,382752,Trigger_Any,7,full_unprescaled_member_covers_run,True,2e-12
2024,2024,382769,Trigger_ElMu,3,validated_unprescaled_partial_ls_union,True,2e-12
2024,2024,382769,Trigger_dblEl,1,full_unprescaled_member_covers_run,True,2e-12
2024,2024,382769,Trigger_dblMu,1,validated_unprescaled_partial_ls_union,True,2e-12
2024,2024,382769,Trigger_sngEl,1,full_unprescaled_member_covers_run,True,2e-12
2024,2024,382769,Trigger_sngMu,1,validated_unprescaled_partial_ls_union,True,2e-12
2024,2024,382769,Trigger_Muon,2,validated_unprescaled_partial_ls_union,True,2e-12
2024,2024,382769,Trigger_EGamma,2,full_unprescaled_member_covers_run,True,2e-12
2024,2024,382769,Trigger_Any,7,full_unprescaled_member_covers_run,True,2e-12
2024,2024,382770,Trigger_ElMu,3,full_unprescaled_member_covers_run,True,2e-12
2024,2024,382770,Trigger_dblEl,1,full_unprescaled_member_covers_run,True,2e-12
2024,2024,382770,Trigger_dblMu,1,full_unprescaled_member_covers_run,True,2e-12
2024,2024,382770,Trigger_sngEl,1,full_unprescaled_member_covers_run,True,2e-12
2024,2024,382770,Trigger_sngMu,1,full_unprescaled_member_covers_run,True,2e-12
2024,2024,382770,Trigger_Muon,2,full_unprescaled_member_covers_run,True,2e-12
2024,2024,382770,Trigger_EGamma,2,full_unprescaled_member_covers_run,True,2e-12
2024,2024,382770,Trigger_Any,7,full_unprescaled_member_covers_run,True,2e-12
2024,2024,382791,Trigger_ElMu,3,full_unprescaled_member_covers_run,True,2e-12
2024,2024,382791,Trigger_dblEl,1,full_unprescaled_member_covers_run,True,2e-12
2024,2024,382791,Trigger_dblMu,1,full_unprescaled_member_covers_run,True,2e-12
2024,2024,382791,Trigger_sngEl,1,full_unprescaled_member_covers_run,True,2e-12
2024,2024,382791,Trigger_sngMu,1,full_unprescaled_member_covers_run,True,2e-12
2024,2024,382791,Trigger_Muon,2,full_unprescaled_member_covers_run,True,2e-12
2024,2024,382791,Trigger_EGamma,2,full_unprescaled_member_covers_run,True,2e-12
2024,2024,382791,Trigger_Any,7,full_unprescaled_member_covers_run,True,2e-12
2024,2024,382792,Trigger_ElMu,3,full_unprescaled_member_covers_run,True,2e-12
2024,2024,382792,Trigger_dblEl,1,full_unprescaled_member_covers_run,True,2e-12
2024,2024,382792,Trigger_dblMu,1,full_unprescaled_member_covers_run,True,2e-12
2024,2024,382792,Trigger_sngEl,1,full_unprescaled_member_covers_run,True,2e-12
2024,2024,382792,Trigger_sngMu,1,full_unprescaled_member_covers_run,True,2e-12
2024,2024,382792,Trigger_Muon,2,full_unprescaled_member_covers_run,True,2e-12
2024,2024,382792,Trigger_EGamma,2,full_unprescaled_member_covers_run,True,2e-12
2024,2024,382792,Trigger_Any,7,full_unprescaled_member_covers_run,True,2e-12
2024,2024,382794,Trigger_ElMu,3,full_unprescaled_member_covers_run,True,2e-12
2024,2024,382794,Trigger_dblEl,1,full_unprescaled_member_covers_run,True,2e-12
2024,2024,382794,Trigger_dblMu,1,full_unprescaled_member_covers_run,True,2e-12
2024,2024,382794,Trigger_sngEl,1,full_unprescaled_member_covers_run,True,2e-12
2024,2024,382794,Trigger_sngMu,1,full_unprescaled_member_covers_run,True,2e-12
2024,2024,382794,Trigger_Muon,2,full_unprescaled_member_covers_run,True,2e-12
2024,2024,382794,Trigger_EGamma,2,full_unprescaled_member_covers_run,True,2e-12
2024,2024,382794,Trigger_Any,7,full_unprescaled_member_covers_run,True,2e-12
2024,2024,382795,Trigger_ElMu,3,full_unprescaled_member_covers_run,True,2e-12
2024,2024,382795,Trigger_dblEl,1,full_unprescaled_member_covers_run,True,2e-12
2024,2024,382795,Trigger_dblMu,1,full_unprescaled_member_covers_run,True,2e-12
2024,2024,382795,Trigger_sngEl,1,full_unprescaled_member_covers_run,True,2e-12
2024,2024,382795,Trigger_sngMu,1,full_unprescaled_member_covers_run,True,2e-12
2024,2024,382795,Trigger_Muon,2,full_unprescaled_member_covers_run,True,2e-12
2024,2024,382795,Trigger_EGamma,2,full_unprescaled_member_covers_run,True,2e-12
2024,2024,382795,Trigger_Any,7,full_unprescaled_member_covers_run,True,2e-12
2024,2024,382799,Trigger_ElMu,3,full_unprescaled_member_covers_run,True,2e-12
2024,2024,382799,Trigger_dblEl,1,full_unprescaled_member_covers_run,True,2e-12
2024,2024,382799,Trigger_dblMu,1,full_unprescaled_member_covers_run,True,2e-12
2024,2024,382799,Trigger_sngEl,1,full_unprescaled_member_covers_run,True,2e-12
2024,2024,382799,Trigger_sngMu,1,full_unprescaled_member_covers_run,True,2e-12
2024,2024,382799,Trigger_Muon,2,full_unprescaled_member_covers_run,True,2e-12
2024,2024,382799,Trigger_EGamma,2,full_unprescaled_member_covers_run,True,2e-12
2024,2024,382799,Trigger_Any,7,full_unprescaled_member_covers_run,True,2e-12
2024,2024,382810,Trigger_ElMu,3,full_unprescaled_member_covers_run,True,2e-12
2024,2024,382810,Trigger_dblEl,1,full_unprescaled_member_covers_run,True,2e-12
2024,2024,382810,Trigger_dblMu,1,full_unprescaled_member_covers_run,True,2e-12
2024,2024,382810,Trigger_sngEl,1,full_unprescaled_member_covers_run,True,2e-12
2024,2024,382810,Trigger_sngMu,1,full_unprescaled_member_covers_run,True,2e-12
2024,2024,382810,Trigger_Muon,2,full_unprescaled_member_covers_run,True,2e-12
2024,2024,382810,Trigger_EGamma,2,full_unprescaled_member_covers_run,True,2e-12
2024,2024,382810,Trigger_Any,7,full_unprescaled_member_covers_run,True,2e-12
2024,2024,382811,Trigger_ElMu,3,full_unprescaled_member_covers_run,True,2e-12
2024,2024,382811,Trigger_dblEl,1,full_unprescaled_member_covers_run,True,2e-12
2024,2024,382811,Trigger_dblMu,1,full_unprescaled_member_covers_run,True,2e-12
2024,2024,382811,Trigger_sngEl,1,full_unprescaled_member_covers_run,True,2e-12
2024,2024,382811,Trigger_sngMu,1,full_unprescaled_member_covers_run,True,2e-12
2024,2024,382811,Trigger_Muon,2,full_unprescaled_member_covers_run,True,2e-12
2024,2024,382811,Trigger_EGamma,2,full_unprescaled_member_covers_run,True,2e-12
2024,2024,382811,Trigger_Any,7,full_unprescaled_member_covers_run,True,2e-12
2024,2024,382830,Trigger_ElMu,3,full_unprescaled_member_covers_run,True,2e-12
2024,2024,382830,Trigger_dblEl,1,full_unprescaled_member_covers_run,True,2e-12
2024,2024,382830,Trigger_dblMu,1,full_unprescaled_member_covers_run,True,2e-12
2024,2024,382830,Trigger_sngEl,1,full_unprescaled_member_covers_run,True,2e-12
2024,2024,382830,Trigger_sngMu,1,full_unprescaled_member_covers_run,True,2e-12
2024,2024,382830,Trigger_Muon,2,full_unprescaled_member_covers_run,True,2e-12
2024,2024,382830,Trigger_EGamma,2,full_unprescaled_member_covers_run,True,2e-12
2024,2024,382830,Trigger_Any,7,full_unprescaled_member_covers_run,True,2e-12
2024,2024,382834,Trigger_ElMu,3,full_unprescaled_member_covers_run,True,2e-12
2024,2024,382834,Trigger_dblEl,1,full_unprescaled_member_covers_run,True,2e-12
2024,2024,382834,Trigger_dblMu,1,full_unprescaled_member_covers_run,True,2e-12
2024,2024,382834,Trigger_sngEl,1,full_unprescaled_member_covers_run,True,2e-12
2024,2024,382834,Trigger_sngMu,1,full_unprescaled_member_covers_run,True,2e-12
2024,2024,382834,Trigger_Muon,2,full_unprescaled_member_covers_run,True,2e-12
2024,2024,382834,Trigger_EGamma,2,full_unprescaled_member_covers_run,True,2e-12
2024,2024,382834,Trigger_Any,7,full_unprescaled_member_covers_run,True,2e-12
2024,2024,382856,Trigger_ElMu,3,full_unprescaled_member_covers_run,True,2e-12
2024,2024,382856,Trigger_dblEl,1,full_unprescaled_member_covers_run,True,2e-12
2024,2024,382856,Trigger_dblMu,1,full_unprescaled_member_covers_run,True,2e-12
2024,2024,382856,Trigger_sngEl,1,full_unprescaled_member_covers_run,True,2e-12
2024,2024,382856,Trigger_sngMu,1,full_unprescaled_member_covers_run,True,2e-12
2024,2024,382856,Trigger_Muon,2,full_unprescaled_member_covers_run,True,2e-12
2024,2024,382856,Trigger_EGamma,2,full_unprescaled_member_covers_run,True,2e-12
2024,2024,382856,Trigger_Any,7,full_unprescaled_member_covers_run,True,2e-12
2024,2024,382878,Trigger_ElMu,3,full_unprescaled_member_covers_run,True,2e-12
2024,2024,382878,Trigger_dblEl,1,full_unprescaled_member_covers_run,True,2e-12
2024,2024,382878,Trigger_dblMu,1,full_unprescaled_member_covers_run,True,2e-12
2024,2024,382878,Trigger_sngEl,1,full_unprescaled_member_covers_run,True,2e-12
2024,2024,382878,Trigger_sngMu,1,full_unprescaled_member_covers_run,True,2e-12
2024,2024,382878,Trigger_Muon,2,full_unprescaled_member_covers_run,True,2e-12
2024,2024,382878,Trigger_EGamma,2,full_unprescaled_member_covers_run,True,2e-12
2024,2024,382878,Trigger_Any,7,full_unprescaled_member_covers_run,True,2e-12
2024,2024,382913,Trigger_ElMu,3,full_unprescaled_member_covers_run,True,2e-12
2024,2024,382913,Trigger_dblEl,1,full_unprescaled_member_covers_run,True,2e-12
2024,2024,382913,Trigger_dblMu,1,full_unprescaled_member_covers_run,True,2e-12
2024,2024,382913,Trigger_sngEl,1,full_unprescaled_member_covers_run,True,2e-12
2024,2024,382913,Trigger_sngMu,1,full_unprescaled_member_covers_run,True,2e-12
2024,2024,382913,Trigger_Muon,2,full_unprescaled_member_covers_run,True,2e-12
2024,2024,382913,Trigger_EGamma,2,full_unprescaled_member_covers_run,True,2e-12
2024,2024,382913,Trigger_Any,7,full_unprescaled_member_covers_run,True,2e-12
2024,2024,382921,Trigger_ElMu,3,full_unprescaled_member_covers_run,True,2e-12
2024,2024,382921,Trigger_dblEl,1,full_unprescaled_member_covers_run,True,2e-12
2024,2024,382921,Trigger_dblMu,1,full_unprescaled_member_covers_run,True,2e-12
2024,2024,382921,Trigger_sngEl,1,full_unprescaled_member_covers_run,True,2e-12
2024,2024,382921,Trigger_sngMu,1,full_unprescaled_member_covers_run,True,2e-12
2024,2024,382921,Trigger_Muon,2,full_unprescaled_member_covers_run,True,2e-12
2024,2024,382921,Trigger_EGamma,2,full_unprescaled_member_covers_run,True,2e-12
2024,2024,382921,Trigger_Any,7,full_unprescaled_member_covers_run,True,2e-12
2024,2024,382922,Trigger_ElMu,3,validated_unprescaled_partial_ls_union,True,2e-12
2024,2024,382922,Trigger_dblEl,1,validated_unprescaled_partial_ls_union,True,2e-12
2024,2024,382922,Trigger_dblMu,1,validated_unprescaled_partial_ls_union,True,2e-12
2024,2024,382922,Trigger_sngEl,1,validated_unprescaled_partial_ls_union,True,2e-12
2024,2024,382922,Trigger_sngMu,1,validated_unprescaled_partial_ls_union,True,2e-12
2024,2024,382922,Trigger_Muon,2,validated_unprescaled_partial_ls_union,True,2e-12
2024,2024,382922,Trigger_EGamma,2,validated_unprescaled_partial_ls_union,True,2e-12
2024,2024,382922,Trigger_Any,7,validated_unprescaled_partial_ls_union,True,2e-12
2024,2024,382924,Trigger_ElMu,3,full_unprescaled_member_covers_run,True,2e-12
2024,2024,382924,Trigger_dblEl,1,full_unprescaled_member_covers_run,True,2e-12
2024,2024,382924,Trigger_dblMu,1,full_unprescaled_member_covers_run,True,2e-12
2024,2024,382924,Trigger_sngEl,1,full_unprescaled_member_covers_run,True,2e-12
2024,2024,382924,Trigger_sngMu,1,full_unprescaled_member_covers_run,True,2e-12
2024,2024,382924,Trigger_Muon,2,full_unprescaled_member_covers_run,True,2e-12
2024,2024,382924,Trigger_EGamma,2,full_unprescaled_member_covers_run,True,2e-12
2024,2024,382924,Trigger_Any,7,full_unprescaled_member_covers_run,True,2e-12
2024,2024,382937,Trigger_ElMu,3,full_unprescaled_member_covers_run,True,2e-12
2024,2024,382937,Trigger_dblEl,1,full_unprescaled_member_covers_run,True,2e-12
2024,2024,382937,Trigger_dblMu,1,full_unprescaled_member_covers_run,True,2e-12
2024,2024,382937,Trigger_sngEl,1,full_unprescaled_member_covers_run,True,2e-12
2024,2024,382937,Trigger_sngMu,1,full_unprescaled_member_covers_run,True,2e-12
2024,2024,382937,Trigger_Muon,2,full_unprescaled_member_covers_run,True,2e-12
2024,2024,382937,Trigger_EGamma,2,full_unprescaled_member_covers_run,True,2e-12
2024,2024,382937,Trigger_Any,7,full_unprescaled_member_covers_run,True,2e-12
2024,2024,382960,Trigger_ElMu,3,full_unprescaled_member_covers_run,True,2e-12
2024,2024,382960,Trigger_dblEl,1,full_unprescaled_member_covers_run,True,2e-12
2024,2024,382960,Trigger_dblMu,1,full_unprescaled_member_covers_run,True,2e-12
2024,2024,382960,Trigger_sngEl,1,full_unprescaled_member_covers_run,True,2e-12
2024,2024,382960,Trigger_sngMu,1,full_unprescaled_member_covers_run,True,2e-12
2024,2024,382960,Trigger_Muon,2,full_unprescaled_member_covers_run,True,2e-12
2024,2024,382960,Trigger_EGamma,2,full_unprescaled_member_covers_run,True,2e-12
2024,2024,382960,Trigger_Any,7,full_unprescaled_member_covers_run,True,2e-12
2024,2024,383028,Trigger_ElMu,3,full_unprescaled_member_covers_run,True,2e-12
2024,2024,383028,Trigger_dblEl,1,full_unprescaled_member_covers_run,True,2e-12
2024,2024,383028,Trigger_dblMu,1,full_unprescaled_member_covers_run,True,2e-12
2024,2024,383028,Trigger_sngEl,1,full_unprescaled_member_covers_run,True,2e-12
2024,2024,383028,Trigger_sngMu,1,full_unprescaled_member_covers_run,True,2e-12
2024,2024,383028,Trigger_Muon,2,full_unprescaled_member_covers_run,True,2e-12
2024,2024,383028,Trigger_EGamma,2,full_unprescaled_member_covers_run,True,2e-12
2024,2024,383028,Trigger_Any,7,full_unprescaled_member_covers_run,True,2e-12
2024,2024,383034,Trigger_ElMu,3,full_unprescaled_member_covers_run,True,2e-12
2024,2024,383034,Trigger_dblEl,1,full_unprescaled_member_covers_run,True,2e-12
2024,2024,383034,Trigger_dblMu,1,validated_unprescaled_partial_ls_union,True,2e-12
2024,2024,383034,Trigger_sngEl,1,full_unprescaled_member_covers_run,True,2e-12
2024,2024,383034,Trigger_sngMu,1,validated_unprescaled_partial_ls_union,True,2e-12
2024,2024,383034,Trigger_Muon,2,validated_unprescaled_partial_ls_union,True,2e-12
2024,2024,383034,Trigger_EGamma,2,full_unprescaled_member_covers_run,True,2e-12
2024,2024,383034,Trigger_Any,7,full_unprescaled_member_covers_run,True,2e-12
2024,2024,383036,Trigger_ElMu,3,full_unprescaled_member_covers_run,True,2e-12
2024,2024,383036,Trigger_dblEl,1,full_unprescaled_member_covers_run,True,2e-12
2024,2024,383036,Trigger_dblMu,1,full_unprescaled_member_covers_run,True,2e-12
2024,2024,383036,Trigger_sngEl,1,full_unprescaled_member_covers_run,True,2e-12
2024,2024,383036,Trigger_sngMu,1,full_unprescaled_member_covers_run,True,2e-12
2024,2024,383036,Trigger_Muon,2,full_unprescaled_member_covers_run,True,2e-12
2024,2024,383036,Trigger_EGamma,2,full_unprescaled_member_covers_run,True,2e-12
2024,2024,383036,Trigger_Any,7,full_unprescaled_member_covers_run,True,2e-12
2024,2024,383134,Trigger_ElMu,3,full_unprescaled_member_covers_run,True,2e-12
2024,2024,383134,Trigger_dblEl,1,full_unprescaled_member_covers_run,True,2e-12
2024,2024,383134,Trigger_dblMu,1,full_unprescaled_member_covers_run,True,2e-12
2024,2024,383134,Trigger_sngEl,1,full_unprescaled_member_covers_run,True,2e-12
2024,2024,383134,Trigger_sngMu,1,full_unprescaled_member_covers_run,True,2e-12
2024,2024,383134,Trigger_Muon,2,full_unprescaled_member_covers_run,True,2e-12
2024,2024,383134,Trigger_EGamma,2,full_unprescaled_member_covers_run,True,2e-12
2024,2024,383134,Trigger_Any,7,full_unprescaled_member_covers_run,True,2e-12
2024,2024,383148,Trigger_ElMu,3,full_unprescaled_member_covers_run,True,2e-12
2024,2024,383148,Trigger_dblEl,1,full_unprescaled_member_covers_run,True,2e-12
2024,2024,383148,Trigger_dblMu,1,full_unprescaled_member_covers_run,True,2e-12
2024,2024,383148,Trigger_sngEl,1,full_unprescaled_member_covers_run,True,2e-12
2024,2024,383148,Trigger_sngMu,1,full_unprescaled_member_covers_run,True,2e-12
2024,2024,383148,Trigger_Muon,2,full_unprescaled_member_covers_run,True,2e-12
2024,2024,383148,Trigger_EGamma,2,full_unprescaled_member_covers_run,True,2e-12
2024,2024,383148,Trigger_Any,7,full_unprescaled_member_covers_run,True,2e-12
2024,2024,383153,Trigger_ElMu,3,full_unprescaled_member_covers_run,True,2e-12
2024,2024,383153,Trigger_dblEl,1,full_unprescaled_member_covers_run,True,2e-12
2024,2024,383153,Trigger_dblMu,1,full_unprescaled_member_covers_run,True,2e-12
2024,2024,383153,Trigger_sngEl,1,full_unprescaled_member_covers_run,True,2e-12
2024,2024,383153,Trigger_sngMu,1,full_unprescaled_member_covers_run,True,2e-12
2024,2024,383153,Trigger_Muon,2,full_unprescaled_member_covers_run,True,2e-12
2024,2024,383153,Trigger_EGamma,2,full_unprescaled_member_covers_run,True,2e-12
2024,2024,383153,Trigger_Any,7,full_unprescaled_member_covers_run,True,2e-12
2024,2024,383155,Trigger_ElMu,3,full_unprescaled_member_covers_run,True,2e-12
2024,2024,383155,Trigger_dblEl,1,full_unprescaled_member_covers_run,True,2e-12
2024,2024,383155,Trigger_dblMu,1,full_unprescaled_member_covers_run,True,2e-12
2024,2024,383155,Trigger_sngEl,1,full_unprescaled_member_covers_run,True,2e-12
2024,2024,383155,Trigger_sngMu,1,full_unprescaled_member_covers_run,True,2e-12
2024,2024,383155,Trigger_Muon,2,full_unprescaled_member_covers_run,True,2e-12
2024,2024,383155,Trigger_EGamma,2,full_unprescaled_member_covers_run,True,2e-12
2024,2024,383155,Trigger_Any,7,full_unprescaled_member_covers_run,True,2e-12
2024,2024,383162,Trigger_ElMu,3,validated_unprescaled_partial_ls_union,True,2e-12
2024,2024,383162,Trigger_dblEl,1,validated_unprescaled_partial_ls_union,True,2e-12
2024,2024,383162,Trigger_dblMu,1,validated_unprescaled_partial_ls_union,True,2e-12
2024,2024,383162,Trigger_sngEl,1,validated_unprescaled_partial_ls_union,True,2e-12
2024,2024,383162,Trigger_sngMu,1,validated_unprescaled_partial_ls_union,True,2e-12
2024,2024,383162,Trigger_Muon,2,validated_unprescaled_partial_ls_union,True,2e-12
2024,2024,383162,Trigger_EGamma,2,validated_unprescaled_partial_ls_union,True,2e-12
2024,2024,383162,Trigger_Any,7,validated_unprescaled_partial_ls_union,True,2e-12
2024,2024,383163,Trigger_ElMu,3,full_unprescaled_member_covers_run,True,2e-12
2024,2024,383163,Trigger_dblEl,1,full_unprescaled_member_covers_run,True,2e-12
2024,2024,383163,Trigger_dblMu,1,validated_unprescaled_partial_ls_union,True,2e-12
2024,2024,383163,Trigger_sngEl,1,full_unprescaled_member_covers_run,True,2e-12
2024,2024,383163,Trigger_sngMu,1,validated_unprescaled_partial_ls_union,True,2e-12
2024,2024,383163,Trigger_Muon,2,validated_unprescaled_partial_ls_union,True,2e-12
2024,2024,383163,Trigger_EGamma,2,full_unprescaled_member_covers_run,True,2e-12
2024,2024,383163,Trigger_Any,7,full_unprescaled_member_covers_run,True,2e-12
2024,2024,383173,Trigger_ElMu,3,validated_unprescaled_partial_ls_union,True,2e-12
2024,2024,383173,Trigger_dblEl,1,full_unprescaled_member_covers_run,True,2e-12
2024,2024,383173,Trigger_dblMu,1,full_unprescaled_member_covers_run,True,2e-12
2024,2024,383173,Trigger_sngEl,1,full_unprescaled_member_covers_run,True,2e-12
2024,2024,383173,Trigger_sngMu,1,full_unprescaled_member_covers_run,True,2e-12
2024,2024,383173,Trigger_Muon,2,full_unprescaled_member_covers_run,True,2e-12
2024,2024,383173,Trigger_EGamma,2,full_unprescaled_member_covers_run,True,2e-12
2024,2024,383173,Trigger_Any,7,full_unprescaled_member_covers_run,True,2e-12
2024,2024,383174,Trigger_ElMu,3,validated_unprescaled_partial_ls_union,True,2e-12
2024,2024,383174,Trigger_dblEl,1,validated_unprescaled_partial_ls_union,True,2e-12
2024,2024,383174,Trigger_dblMu,1,validated_unprescaled_partial_ls_union,True,2e-12
2024,2024,383174,Trigger_sngEl,1,validated_unprescaled_partial_ls_union,True,2e-12
2024,2024,383174,Trigger_sngMu,1,validated_unprescaled_partial_ls_union,True,2e-12
2024,2024,383174,Trigger_Muon,2,validated_unprescaled_partial_ls_union,True,2e-12
2024,2024,383174,Trigger_EGamma,2,validated_unprescaled_partial_ls_union,True,2e-12
2024,2024,383174,Trigger_Any,7,validated_unprescaled_partial_ls_union,True,2e-12
2024,2024,383175,Trigger_ElMu,3,full_unprescaled_member_covers_run,True,2e-12
2024,2024,383175,Trigger_dblEl,1,full_unprescaled_member_covers_run,True,2e-12
2024,2024,383175,Trigger_dblMu,1,full_unprescaled_member_covers_run,True,2e-12
2024,2024,383175,Trigger_sngEl,1,full_unprescaled_member_covers_run,True,2e-12
2024,2024,383175,Trigger_sngMu,1,full_unprescaled_member_covers_run,True,2e-12
2024,2024,383175,Trigger_Muon,2,full_unprescaled_member_covers_run,True,2e-12
2024,2024,383175,Trigger_EGamma,2,full_unprescaled_member_covers_run,True,2e-12
2024,2024,383175,Trigger_Any,7,full_unprescaled_member_covers_run,True,2e-12
2024,2024,383247,Trigger_ElMu,3,full_unprescaled_member_covers_run,True,2e-12
2024,2024,383247,Trigger_dblEl,1,full_unprescaled_member_covers_run,True,2e-12
2024,2024,383247,Trigger_dblMu,1,full_unprescaled_member_covers_run,True,2e-12
2024,2024,383247,Trigger_sngEl,1,full_unprescaled_member_covers_run,True,2e-12
2024,2024,383247,Trigger_sngMu,1,full_unprescaled_member_covers_run,True,2e-12
2024,2024,383247,Trigger_Muon,2,full_unprescaled_member_covers_run,True,2e-12
2024,2024,383247,Trigger_EGamma,2,full_unprescaled_member_covers_run,True,2e-12
2024,2024,383247,Trigger_Any,7,full_unprescaled_member_covers_run,True,2e-12
2024,2024,383254,Trigger_ElMu,3,validated_unprescaled_partial_ls_union,True,2e-12
2024,2024,383254,Trigger_dblEl,1,validated_unprescaled_partial_ls_union,True,2e-12
2024,2024,383254,Trigger_dblMu,1,full_unprescaled_member_covers_run,True,2e-12
2024,2024,383254,Trigger_sngEl,1,validated_unprescaled_partial_ls_union,True,2e-12
2024,2024,383254,Trigger_sngMu,1,full_unprescaled_member_covers_run,True,2e-12
2024,2024,383254,Trigger_Muon,2,full_unprescaled_member_covers_run,True,2e-12
2024,2024,383254,Trigger_EGamma,2,validated_unprescaled_partial_ls_union,True,2e-12
2024,2024,383254,Trigger_Any,7,full_unprescaled_member_covers_run,True,2e-12
2024,2024,383255,Trigger_ElMu,3,validated_unprescaled_partial_ls_union,True,2e-12
2024,2024,383255,Trigger_dblEl,1,full_unprescaled_member_covers_run,True,2e-12
2024,2024,383255,Trigger_dblMu,1,full_unprescaled_member_covers_run,True,2e-12
2024,2024,383255,Trigger_sngEl,1,full_unprescaled_member_covers_run,True,2e-12
2024,2024,383255,Trigger_sngMu,1,full_unprescaled_member_covers_run,True,2e-12
2024,2024,383255,Trigger_Muon,2,full_unprescaled_member_covers_run,True,2e-12
2024,2024,383255,Trigger_EGamma,2,full_unprescaled_member_covers_run,True,2e-12
2024,2024,383255,Trigger_Any,7,full_unprescaled_member_covers_run,True,2e-12
2024,2024,383275,Trigger_ElMu,3,validated_unprescaled_partial_ls_union,True,2e-12
2024,2024,383275,Trigger_dblEl,1,full_unprescaled_member_covers_run,True,2e-12
2024,2024,383275,Trigger_dblMu,1,full_unprescaled_member_covers_run,True,2e-12
2024,2024,383275,Trigger_sngEl,1,full_unprescaled_member_covers_run,True,2e-12
2024,2024,383275,Trigger_sngMu,1,full_unprescaled_member_covers_run,True,2e-12
2024,2024,383275,Trigger_Muon,2,full_unprescaled_member_covers_run,True,2e-12
2024,2024,383275,Trigger_EGamma,2,full_unprescaled_member_covers_run,True,2e-12
2024,2024,383275,Trigger_Any,7,full_unprescaled_member_covers_run,True,2e-12
2024,2024,383276,Trigger_ElMu,3,full_unprescaled_member_covers_run,True,2e-12
2024,2024,383276,Trigger_dblEl,1,full_unprescaled_member_covers_run,True,2e-12
2024,2024,383276,Trigger_dblMu,1,full_unprescaled_member_covers_run,True,2e-12
2024,2024,383276,Trigger_sngEl,1,full_unprescaled_member_covers_run,True,2e-12
2024,2024,383276,Trigger_sngMu,1,full_unprescaled_member_covers_run,True,2e-12
2024,2024,383276,Trigger_Muon,2,full_unprescaled_member_covers_run,True,2e-12
2024,2024,383276,Trigger_EGamma,2,full_unprescaled_member_covers_run,True,2e-12
2024,2024,383276,Trigger_Any,7,full_unprescaled_member_covers_run,True,2e-12
2024,2024,383277,Trigger_ElMu,3,full_unprescaled_member_covers_run,True,2e-12
2024,2024,383277,Trigger_dblEl,1,full_unprescaled_member_covers_run,True,2e-12
2024,2024,383277,Trigger_dblMu,1,full_unprescaled_member_covers_run,True,2e-12
2024,2024,383277,Trigger_sngEl,1,full_unprescaled_member_covers_run,True,2e-12
2024,2024,383277,Trigger_sngMu,1,full_unprescaled_member_covers_run,True,2e-12
2024,2024,383277,Trigger_Muon,2,full_unprescaled_member_covers_run,True,2e-12
2024,2024,383277,Trigger_EGamma,2,full_unprescaled_member_covers_run,True,2e-12
2024,2024,383277,Trigger_Any,7,full_unprescaled_member_covers_run,True,2e-12
2024,2024,383323,Trigger_ElMu,3,full_unprescaled_member_covers_run,True,2e-12
2024,2024,383323,Trigger_dblEl,1,full_unprescaled_member_covers_run,True,2e-12
2024,2024,383323,Trigger_dblMu,1,full_unprescaled_member_covers_run,True,2e-12
2024,2024,383323,Trigger_sngEl,1,full_unprescaled_member_covers_run,True,2e-12
2024,2024,383323,Trigger_sngMu,1,full_unprescaled_member_covers_run,True,2e-12
2024,2024,383323,Trigger_Muon,2,full_unprescaled_member_covers_run,True,2e-12
2024,2024,383323,Trigger_EGamma,2,full_unprescaled_member_covers_run,True,2e-12
2024,2024,383323,Trigger_Any,7,full_unprescaled_member_covers_run,True,2e-12
2024,2024,383326,Trigger_ElMu,3,validated_unprescaled_partial_ls_union,True,2e-12
2024,2024,383326,Trigger_dblEl,1,validated_unprescaled_partial_ls_union,True,2e-12
2024,2024,383326,Trigger_dblMu,1,validated_unprescaled_partial_ls_union,True,2e-12
2024,2024,383326,Trigger_sngEl,1,validated_unprescaled_partial_ls_union,True,2e-12
2024,2024,383326,Trigger_sngMu,1,validated_unprescaled_partial_ls_union,True,2e-12
2024,2024,383326,Trigger_Muon,2,validated_unprescaled_partial_ls_union,True,2e-12
2024,2024,383326,Trigger_EGamma,2,validated_unprescaled_partial_ls_union,True,2e-12
2024,2024,383326,Trigger_Any,7,validated_unprescaled_partial_ls_union,True,2e-12
2024,2024,383363,Trigger_ElMu,3,full_unprescaled_member_covers_run,True,2e-12
2024,2024,383363,Trigger_dblEl,1,full_unprescaled_member_covers_run,True,2e-12
2024,2024,383363,Trigger_dblMu,1,full_unprescaled_member_covers_run,True,2e-12
2024,2024,383363,Trigger_sngEl,1,full_unprescaled_member_covers_run,True,2e-12
2024,2024,383363,Trigger_sngMu,1,full_unprescaled_member_covers_run,True,2e-12
2024,2024,383363,Trigger_Muon,2,full_unprescaled_member_covers_run,True,2e-12
2024,2024,383363,Trigger_EGamma,2,full_unprescaled_member_covers_run,True,2e-12
2024,2024,383363,Trigger_Any,7,full_unprescaled_member_covers_run,True,2e-12
2024,2024,383365,Trigger_ElMu,3,full_unprescaled_member_covers_run,True,2e-12
2024,2024,383365,Trigger_dblEl,1,full_unprescaled_member_covers_run,True,2e-12
2024,2024,383365,Trigger_dblMu,1,full_unprescaled_member_covers_run,True,2e-12
2024,2024,383365,Trigger_sngEl,1,full_unprescaled_member_covers_run,True,2e-12
2024,2024,383365,Trigger_sngMu,1,full_unprescaled_member_covers_run,True,2e-12
2024,2024,383365,Trigger_Muon,2,full_unprescaled_member_covers_run,True,2e-12
2024,2024,383365,Trigger_EGamma,2,full_unprescaled_member_covers_run,True,2e-12
2024,2024,383365,Trigger_Any,7,full_unprescaled_member_covers_run,True,2e-12
2024,2024,383366,Trigger_ElMu,3,full_unprescaled_member_covers_run,True,2e-12
2024,2024,383366,Trigger_dblEl,1,full_unprescaled_member_covers_run,True,2e-12
2024,2024,383366,Trigger_dblMu,1,full_unprescaled_member_covers_run,True,2e-12
2024,2024,383366,Trigger_sngEl,1,full_unprescaled_member_covers_run,True,2e-12
2024,2024,383366,Trigger_sngMu,1,full_unprescaled_member_covers_run,True,2e-12
2024,2024,383366,Trigger_Muon,2,full_unprescaled_member_covers_run,True,2e-12
2024,2024,383366,Trigger_EGamma,2,full_unprescaled_member_covers_run,True,2e-12
2024,2024,383366,Trigger_Any,7,full_unprescaled_member_covers_run,True,2e-12
2024,2024,383367,Trigger_ElMu,3,full_unprescaled_member_covers_run,True,2e-12
2024,2024,383367,Trigger_dblEl,1,full_unprescaled_member_covers_run,True,2e-12
2024,2024,383367,Trigger_dblMu,1,full_unprescaled_member_covers_run,True,2e-12
2024,2024,383367,Trigger_sngEl,1,full_unprescaled_member_covers_run,True,2e-12
2024,2024,383367,Trigger_sngMu,1,full_unprescaled_member_covers_run,True,2e-12
2024,2024,383367,Trigger_Muon,2,full_unprescaled_member_covers_run,True,2e-12
2024,2024,383367,Trigger_EGamma,2,full_unprescaled_member_covers_run,True,2e-12
2024,2024,383367,Trigger_Any,7,full_unprescaled_member_covers_run,True,2e-12
2024,2024,383368,Trigger_ElMu,3,full_unprescaled_member_covers_run,True,2e-12
2024,2024,383368,Trigger_dblEl,1,full_unprescaled_member_covers_run,True,2e-12
2024,2024,383368,Trigger_dblMu,1,full_unprescaled_member_covers_run,True,2e-12
2024,2024,383368,Trigger_sngEl,1,full_unprescaled_member_covers_run,True,2e-12
2024,2024,383368,Trigger_sngMu,1,full_unprescaled_member_covers_run,True,2e-12
2024,2024,383368,Trigger_Muon,2,full_unprescaled_member_covers_run,True,2e-12
2024,2024,383368,Trigger_EGamma,2,full_unprescaled_member_covers_run,True,2e-12
2024,2024,383368,Trigger_Any,7,full_unprescaled_member_covers_run,True,2e-12
2024,2024,383377,Trigger_ElMu,3,full_unprescaled_member_covers_run,True,2e-12
2024,2024,383377,Trigger_dblEl,1,full_unprescaled_member_covers_run,True,2e-12
2024,2024,383377,Trigger_dblMu,1,full_unprescaled_member_covers_run,True,2e-12
2024,2024,383377,Trigger_sngEl,1,full_unprescaled_member_covers_run,True,2e-12
2024,2024,383377,Trigger_sngMu,1,full_unprescaled_member_covers_run,True,2e-12
2024,2024,383377,Trigger_Muon,2,full_unprescaled_member_covers_run,True,2e-12
2024,2024,383377,Trigger_EGamma,2,full_unprescaled_member_covers_run,True,2e-12
2024,2024,383377,Trigger_Any,7,full_unprescaled_member_covers_run,True,2e-12
2024,2024,383417,Trigger_ElMu,3,full_unprescaled_member_covers_run,True,2e-12
2024,2024,383417,Trigger_dblEl,1,full_unprescaled_member_covers_run,True,2e-12
2024,2024,383417,Trigger_dblMu,1,full_unprescaled_member_covers_run,True,2e-12
2024,2024,383417,Trigger_sngEl,1,full_unprescaled_member_covers_run,True,2e-12
2024,2024,383417,Trigger_sngMu,1,full_unprescaled_member_covers_run,True,2e-12
2024,2024,383417,Trigger_Muon,2,full_unprescaled_member_covers_run,True,2e-12
2024,2024,383417,Trigger_EGamma,2,full_unprescaled_member_covers_run,True,2e-12
2024,2024,383417,Trigger_Any,7,full_unprescaled_member_covers_run,True,2e-12
2024,2024,383418,Trigger_ElMu,3,full_unprescaled_member_covers_run,True,2e-12
2024,2024,383418,Trigger_dblEl,1,full_unprescaled_member_covers_run,True,2e-12
2024,2024,383418,Trigger_dblMu,1,full_unprescaled_member_covers_run,True,2e-12
2024,2024,383418,Trigger_sngEl,1,full_unprescaled_member_covers_run,True,2e-12
2024,2024,383418,Trigger_sngMu,1,full_unprescaled_member_covers_run,True,2e-12
2024,2024,383418,Trigger_Muon,2,full_unprescaled_member_covers_run,True,2e-12
2024,2024,383418,Trigger_EGamma,2,full_unprescaled_member_covers_run,True,2e-12
2024,2024,383418,Trigger_Any,7,full_unprescaled_member_covers_run,True,2e-12
2024,2024,383447,Trigger_ElMu,3,full_unprescaled_member_covers_run,True,2e-12
2024,2024,383447,Trigger_dblEl,1,full_unprescaled_member_covers_run,True,2e-12
2024,2024,383447,Trigger_dblMu,1,full_unprescaled_member_covers_run,True,2e-12
2024,2024,383447,Trigger_sngEl,1,full_unprescaled_member_covers_run,True,2e-12
2024,2024,383447,Trigger_sngMu,1,full_unprescaled_member_covers_run,True,2e-12
2024,2024,383447,Trigger_Muon,2,full_unprescaled_member_covers_run,True,2e-12
2024,2024,383447,Trigger_EGamma,2,full_unprescaled_member_covers_run,True,2e-12
2024,2024,383447,Trigger_Any,7,full_unprescaled_member_covers_run,True,2e-12
2024,2024,383448,Trigger_ElMu,3,full_unprescaled_member_covers_run,True,2e-12
2024,2024,383448,Trigger_dblEl,1,full_unprescaled_member_covers_run,True,2e-12
2024,2024,383448,Trigger_dblMu,1,full_unprescaled_member_covers_run,True,2e-12
2024,2024,383448,Trigger_sngEl,1,full_unprescaled_member_covers_run,True,2e-12
2024,2024,383448,Trigger_sngMu,1,full_unprescaled_member_covers_run,True,2e-12
2024,2024,383448,Trigger_Muon,2,full_unprescaled_member_covers_run,True,2e-12
2024,2024,383448,Trigger_EGamma,2,full_unprescaled_member_covers_run,True,2e-12
2024,2024,383448,Trigger_Any,7,full_unprescaled_member_covers_run,True,2e-12
2024,2024,383449,Trigger_ElMu,3,validated_unprescaled_partial_ls_union,True,2e-12
2024,2024,383449,Trigger_dblEl,1,full_unprescaled_member_covers_run,True,2e-12
2024,2024,383449,Trigger_dblMu,1,full_unprescaled_member_covers_run,True,2e-12
2024,2024,383449,Trigger_sngEl,1,full_unprescaled_member_covers_run,True,2e-12
2024,2024,383449,Trigger_sngMu,1,full_unprescaled_member_covers_run,True,2e-12
2024,2024,383449,Trigger_Muon,2,full_unprescaled_member_covers_run,True,2e-12
2024,2024,383449,Trigger_EGamma,2,full_unprescaled_member_covers_run,True,2e-12
2024,2024,383449,Trigger_Any,7,full_unprescaled_member_covers_run,True,2e-12
2024,2024,383467,Trigger_ElMu,3,full_unprescaled_member_covers_run,True,2e-12
2024,2024,383467,Trigger_dblEl,1,full_unprescaled_member_covers_run,True,2e-12
2024,2024,383467,Trigger_dblMu,1,full_unprescaled_member_covers_run,True,2e-12
2024,2024,383467,Trigger_sngEl,1,full_unprescaled_member_covers_run,True,2e-12
2024,2024,383467,Trigger_sngMu,1,full_unprescaled_member_covers_run,True,2e-12
2024,2024,383467,Trigger_Muon,2,full_unprescaled_member_covers_run,True,2e-12
2024,2024,383467,Trigger_EGamma,2,full_unprescaled_member_covers_run,True,2e-12
2024,2024,383467,Trigger_Any,7,full_unprescaled_member_covers_run,True,2e-12
2024,2024,383468,Trigger_ElMu,3,validated_unprescaled_partial_ls_union,True,2e-12
2024,2024,383468,Trigger_dblEl,1,full_unprescaled_member_covers_run,True,2e-12
2024,2024,383468,Trigger_dblMu,1,full_unprescaled_member_covers_run,True,2e-12
2024,2024,383468,Trigger_sngEl,1,full_unprescaled_member_covers_run,True,2e-12
2024,2024,383468,Trigger_sngMu,1,full_unprescaled_member_covers_run,True,2e-12
2024,2024,383468,Trigger_Muon,2,full_unprescaled_member_covers_run,True,2e-12
2024,2024,383468,Trigger_EGamma,2,full_unprescaled_member_covers_run,True,2e-12
2024,2024,383468,Trigger_Any,7,full_unprescaled_member_covers_run,True,2e-12
2024,2024,383485,Trigger_ElMu,3,full_unprescaled_member_covers_run,True,2e-12
2024,2024,383485,Trigger_dblEl,1,full_unprescaled_member_covers_run,True,2e-12
2024,2024,383485,Trigger_dblMu,1,full_unprescaled_member_covers_run,True,2e-12
2024,2024,383485,Trigger_sngEl,1,full_unprescaled_member_covers_run,True,2e-12
2024,2024,383485,Trigger_sngMu,1,full_unprescaled_member_covers_run,True,2e-12
2024,2024,383485,Trigger_Muon,2,full_unprescaled_member_covers_run,True,2e-12
2024,2024,383485,Trigger_EGamma,2,full_unprescaled_member_covers_run,True,2e-12
2024,2024,383485,Trigger_Any,7,full_unprescaled_member_covers_run,True,2e-12
2024,2024,383486,Trigger_ElMu,3,full_unprescaled_member_covers_run,True,2e-12
2024,2024,383486,Trigger_dblEl,1,full_unprescaled_member_covers_run,True,2e-12
2024,2024,383486,Trigger_dblMu,1,full_unprescaled_member_covers_run,True,2e-12
2024,2024,383486,Trigger_sngEl,1,full_unprescaled_member_covers_run,True,2e-12
2024,2024,383486,Trigger_sngMu,1,full_unprescaled_member_covers_run,True,2e-12
2024,2024,383486,Trigger_Muon,2,full_unprescaled_member_covers_run,True,2e-12
2024,2024,383486,Trigger_EGamma,2,full_unprescaled_member_covers_run,True,2e-12
2024,2024,383486,Trigger_Any,7,full_unprescaled_member_covers_run,True,2e-12
2024,2024,383487,Trigger_ElMu,3,validated_unprescaled_partial_ls_union,True,2e-12
2024,2024,383487,Trigger_dblEl,1,validated_unprescaled_partial_ls_union,True,2e-12
2024,2024,383487,Trigger_dblMu,1,full_unprescaled_member_covers_run,True,2e-12
2024,2024,383487,Trigger_sngEl,1,validated_unprescaled_partial_ls_union,True,2e-12
2024,2024,383487,Trigger_sngMu,1,full_unprescaled_member_covers_run,True,2e-12
2024,2024,383487,Trigger_Muon,2,full_unprescaled_member_covers_run,True,2e-12
2024,2024,383487,Trigger_EGamma,2,validated_unprescaled_partial_ls_union,True,2e-12
2024,2024,383487,Trigger_Any,7,full_unprescaled_member_covers_run,True,2e-12
2024,2024,383496,Trigger_ElMu,3,full_unprescaled_member_covers_run,True,2e-12
2024,2024,383496,Trigger_dblEl,1,full_unprescaled_member_covers_run,True,2e-12
2024,2024,383496,Trigger_dblMu,1,full_unprescaled_member_covers_run,True,2e-12
2024,2024,383496,Trigger_sngEl,1,full_unprescaled_member_covers_run,True,2e-12
2024,2024,383496,Trigger_sngMu,1,full_unprescaled_member_covers_run,True,2e-12
2024,2024,383496,Trigger_Muon,2,full_unprescaled_member_covers_run,True,2e-12
2024,2024,383496,Trigger_EGamma,2,full_unprescaled_member_covers_run,True,2e-12
2024,2024,383496,Trigger_Any,7,full_unprescaled_member_covers_run,True,2e-12
2024,2024,383512,Trigger_ElMu,3,full_unprescaled_member_covers_run,True,2e-12
2024,2024,383512,Trigger_dblEl,1,full_unprescaled_member_covers_run,True,2e-12
2024,2024,383512,Trigger_dblMu,1,full_unprescaled_member_covers_run,True,2e-12
2024,2024,383512,Trigger_sngEl,1,full_unprescaled_member_covers_run,True,2e-12
2024,2024,383512,Trigger_sngMu,1,full_unprescaled_member_covers_run,True,2e-12
2024,2024,383512,Trigger_Muon,2,full_unprescaled_member_covers_run,True,2e-12
2024,2024,383512,Trigger_EGamma,2,full_unprescaled_member_covers_run,True,2e-12
2024,2024,383512,Trigger_Any,7,full_unprescaled_member_covers_run,True,2e-12
2024,2024,383514,Trigger_ElMu,3,full_unprescaled_member_covers_run,True,2e-12
2024,2024,383514,Trigger_dblEl,1,full_unprescaled_member_covers_run,True,2e-12
2024,2024,383514,Trigger_dblMu,1,full_unprescaled_member_covers_run,True,2e-12
2024,2024,383514,Trigger_sngEl,1,full_unprescaled_member_covers_run,True,2e-12
2024,2024,383514,Trigger_sngMu,1,full_unprescaled_member_covers_run,True,2e-12
2024,2024,383514,Trigger_Muon,2,full_unprescaled_member_covers_run,True,2e-12
2024,2024,383514,Trigger_EGamma,2,full_unprescaled_member_covers_run,True,2e-12
2024,2024,383514,Trigger_Any,7,full_unprescaled_member_covers_run,True,2e-12
2024,2024,383536,Trigger_ElMu,3,full_unprescaled_member_covers_run,True,2e-12
2024,2024,383536,Trigger_dblEl,1,full_unprescaled_member_covers_run,True,2e-12
2024,2024,383536,Trigger_dblMu,1,full_unprescaled_member_covers_run,True,2e-12
2024,2024,383536,Trigger_sngEl,1,full_unprescaled_member_covers_run,True,2e-12
2024,2024,383536,Trigger_sngMu,1,full_unprescaled_member_covers_run,True,2e-12
2024,2024,383536,Trigger_Muon,2,full_unprescaled_member_covers_run,True,2e-12
2024,2024,383536,Trigger_EGamma,2,full_unprescaled_member_covers_run,True,2e-12
2024,2024,383536,Trigger_Any,7,full_unprescaled_member_covers_run,True,2e-12
2024,2024,383537,Trigger_ElMu,3,full_unprescaled_member_covers_run,True,2e-12
2024,2024,383537,Trigger_dblEl,1,full_unprescaled_member_covers_run,True,2e-12
2024,2024,383537,Trigger_dblMu,1,full_unprescaled_member_covers_run,True,2e-12
2024,2024,383537,Trigger_sngEl,1,full_unprescaled_member_covers_run,True,2e-12
2024,2024,383537,Trigger_sngMu,1,full_unprescaled_member_covers_run,True,2e-12
2024,2024,383537,Trigger_Muon,2,full_unprescaled_member_covers_run,True,2e-12
2024,2024,383537,Trigger_EGamma,2,full_unprescaled_member_covers_run,True,2e-12
2024,2024,383537,Trigger_Any,7,full_unprescaled_member_covers_run,True,2e-12
2024,2024,383541,Trigger_ElMu,3,full_unprescaled_member_covers_run,True,2e-12
2024,2024,383541,Trigger_dblEl,1,full_unprescaled_member_covers_run,True,2e-12
2024,2024,383541,Trigger_dblMu,1,full_unprescaled_member_covers_run,True,2e-12
2024,2024,383541,Trigger_sngEl,1,full_unprescaled_member_covers_run,True,2e-12
2024,2024,383541,Trigger_sngMu,1,full_unprescaled_member_covers_run,True,2e-12
2024,2024,383541,Trigger_Muon,2,full_unprescaled_member_covers_run,True,2e-12
2024,2024,383541,Trigger_EGamma,2,full_unprescaled_member_covers_run,True,2e-12
2024,2024,383541,Trigger_Any,7,full_unprescaled_member_covers_run,True,2e-12
2024,2024,383629,Trigger_ElMu,3,full_unprescaled_member_covers_run,True,2e-12
2024,2024,383629,Trigger_dblEl,1,full_unprescaled_member_covers_run,True,2e-12
2024,2024,383629,Trigger_dblMu,1,full_unprescaled_member_covers_run,True,2e-12
2024,2024,383629,Trigger_sngEl,1,full_unprescaled_member_covers_run,True,2e-12
2024,2024,383629,Trigger_sngMu,1,full_unprescaled_member_covers_run,True,2e-12
2024,2024,383629,Trigger_Muon,2,full_unprescaled_member_covers_run,True,2e-12
2024,2024,383629,Trigger_EGamma,2,full_unprescaled_member_covers_run,True,2e-12
2024,2024,383629,Trigger_Any,7,full_unprescaled_member_covers_run,True,2e-12
2024,2024,383630,Trigger_ElMu,3,full_unprescaled_member_covers_run,True,2e-12
2024,2024,383630,Trigger_dblEl,1,full_unprescaled_member_covers_run,True,2e-12
2024,2024,383630,Trigger_dblMu,1,full_unprescaled_member_covers_run,True,2e-12
2024,2024,383630,Trigger_sngEl,1,full_unprescaled_member_covers_run,True,2e-12
2024,2024,383630,Trigger_sngMu,1,full_unprescaled_member_covers_run,True,2e-12
2024,2024,383630,Trigger_Muon,2,full_unprescaled_member_covers_run,True,2e-12
2024,2024,383630,Trigger_EGamma,2,full_unprescaled_member_covers_run,True,2e-12
2024,2024,383630,Trigger_Any,7,full_unprescaled_member_covers_run,True,2e-12
2024,2024,383631,Trigger_ElMu,3,full_unprescaled_member_covers_run,True,2e-12
2024,2024,383631,Trigger_dblEl,1,full_unprescaled_member_covers_run,True,2e-12
2024,2024,383631,Trigger_dblMu,1,full_unprescaled_member_covers_run,True,2e-12
2024,2024,383631,Trigger_sngEl,1,full_unprescaled_member_covers_run,True,2e-12
2024,2024,383631,Trigger_sngMu,1,full_unprescaled_member_covers_run,True,2e-12
2024,2024,383631,Trigger_Muon,2,full_unprescaled_member_covers_run,True,2e-12
2024,2024,383631,Trigger_EGamma,2,full_unprescaled_member_covers_run,True,2e-12
2024,2024,383631,Trigger_Any,7,full_unprescaled_member_covers_run,True,2e-12
2024,2024,383647,Trigger_ElMu,3,full_unprescaled_member_covers_run,True,2e-12
2024,2024,383647,Trigger_dblEl,1,full_unprescaled_member_covers_run,True,2e-12
2024,2024,383647,Trigger_dblMu,1,full_unprescaled_member_covers_run,True,2e-12
2024,2024,383647,Trigger_sngEl,1,full_unprescaled_member_covers_run,True,2e-12
2024,2024,383647,Trigger_sngMu,1,full_unprescaled_member_covers_run,True,2e-12
2024,2024,383647,Trigger_Muon,2,full_unprescaled_member_covers_run,True,2e-12
2024,2024,383647,Trigger_EGamma,2,full_unprescaled_member_covers_run,True,2e-12
2024,2024,383647,Trigger_Any,7,full_unprescaled_member_covers_run,True,2e-12
2024,2024,383648,Trigger_ElMu,3,full_unprescaled_member_covers_run,True,2e-12
2024,2024,383648,Trigger_dblEl,1,full_unprescaled_member_covers_run,True,2e-12
2024,2024,383648,Trigger_dblMu,1,full_unprescaled_member_covers_run,True,2e-12
2024,2024,383648,Trigger_sngEl,1,full_unprescaled_member_covers_run,True,2e-12
2024,2024,383648,Trigger_sngMu,1,full_unprescaled_member_covers_run,True,2e-12
2024,2024,383648,Trigger_Muon,2,full_unprescaled_member_covers_run,True,2e-12
2024,2024,383648,Trigger_EGamma,2,full_unprescaled_member_covers_run,True,2e-12
2024,2024,383648,Trigger_Any,7,full_unprescaled_member_covers_run,True,2e-12
2024,2024,383649,Trigger_ElMu,3,full_unprescaled_member_covers_run,True,2e-12
2024,2024,383649,Trigger_dblEl,1,full_unprescaled_member_covers_run,True,2e-12
2024,2024,383649,Trigger_dblMu,1,full_unprescaled_member_covers_run,True,2e-12
2024,2024,383649,Trigger_sngEl,1,full_unprescaled_member_covers_run,True,2e-12
2024,2024,383649,Trigger_sngMu,1,full_unprescaled_member_covers_run,True,2e-12
2024,2024,383649,Trigger_Muon,2,full_unprescaled_member_covers_run,True,2e-12
2024,2024,383649,Trigger_EGamma,2,full_unprescaled_member_covers_run,True,2e-12
2024,2024,383649,Trigger_Any,7,full_unprescaled_member_covers_run,True,2e-12
2024,2024,383650,Trigger_ElMu,3,full_unprescaled_member_covers_run,True,2e-12
2024,2024,383650,Trigger_dblEl,1,full_unprescaled_member_covers_run,True,2e-12
2024,2024,383650,Trigger_dblMu,1,full_unprescaled_member_covers_run,True,2e-12
2024,2024,383650,Trigger_sngEl,1,full_unprescaled_member_covers_run,True,2e-12
2024,2024,383650,Trigger_sngMu,1,full_unprescaled_member_covers_run,True,2e-12
2024,2024,383650,Trigger_Muon,2,full_unprescaled_member_covers_run,True,2e-12
2024,2024,383650,Trigger_EGamma,2,full_unprescaled_member_covers_run,True,2e-12
2024,2024,383650,Trigger_Any,7,full_unprescaled_member_covers_run,True,2e-12
2024,2024,383661,Trigger_ElMu,3,full_unprescaled_member_covers_run,True,2e-12
2024,2024,383661,Trigger_dblEl,1,full_unprescaled_member_covers_run,True,2e-12
2024,2024,383661,Trigger_dblMu,1,full_unprescaled_member_covers_run,True,2e-12
2024,2024,383661,Trigger_sngEl,1,full_unprescaled_member_covers_run,True,2e-12
2024,2024,383661,Trigger_sngMu,1,full_unprescaled_member_covers_run,True,2e-12
2024,2024,383661,Trigger_Muon,2,full_unprescaled_member_covers_run,True,2e-12
2024,2024,383661,Trigger_EGamma,2,full_unprescaled_member_covers_run,True,2e-12
2024,2024,383661,Trigger_Any,7,full_unprescaled_member_covers_run,True,2e-12
2024,2024,383662,Trigger_ElMu,3,full_unprescaled_member_covers_run,True,2e-12
2024,2024,383662,Trigger_dblEl,1,full_unprescaled_member_covers_run,True,2e-12
2024,2024,383662,Trigger_dblMu,1,full_unprescaled_member_covers_run,True,2e-12
2024,2024,383662,Trigger_sngEl,1,full_unprescaled_member_covers_run,True,2e-12
2024,2024,383662,Trigger_sngMu,1,full_unprescaled_member_covers_run,True,2e-12
2024,2024,383662,Trigger_Muon,2,full_unprescaled_member_covers_run,True,2e-12
2024,2024,383662,Trigger_EGamma,2,full_unprescaled_member_covers_run,True,2e-12
2024,2024,383662,Trigger_Any,7,full_unprescaled_member_covers_run,True,2e-12
2024,2024,383669,Trigger_ElMu,3,full_unprescaled_member_covers_run,True,2e-12
2024,2024,383669,Trigger_dblEl,1,full_unprescaled_member_covers_run,True,2e-12
2024,2024,383669,Trigger_dblMu,1,full_unprescaled_member_covers_run,True,2e-12
2024,2024,383669,Trigger_sngEl,1,full_unprescaled_member_covers_run,True,2e-12
2024,2024,383669,Trigger_sngMu,1,full_unprescaled_member_covers_run,True,2e-12
2024,2024,383669,Trigger_Muon,2,full_unprescaled_member_covers_run,True,2e-12
2024,2024,383669,Trigger_EGamma,2,full_unprescaled_member_covers_run,True,2e-12
2024,2024,383669,Trigger_Any,7,full_unprescaled_member_covers_run,True,2e-12
2024,2024,383687,Trigger_ElMu,3,full_unprescaled_member_covers_run,True,2e-12
2024,2024,383687,Trigger_dblEl,1,full_unprescaled_member_covers_run,True,2e-12
2024,2024,383687,Trigger_dblMu,1,full_unprescaled_member_covers_run,True,2e-12
2024,2024,383687,Trigger_sngEl,1,full_unprescaled_member_covers_run,True,2e-12
2024,2024,383687,Trigger_sngMu,1,full_unprescaled_member_covers_run,True,2e-12
2024,2024,383687,Trigger_Muon,2,full_unprescaled_member_covers_run,True,2e-12
2024,2024,383687,Trigger_EGamma,2,full_unprescaled_member_covers_run,True,2e-12
2024,2024,383687,Trigger_Any,7,full_unprescaled_member_covers_run,True,2e-12
2024,2024,383692,Trigger_ElMu,3,full_unprescaled_member_covers_run,True,2e-12
2024,2024,383692,Trigger_dblEl,1,full_unprescaled_member_covers_run,True,2e-12
2024,2024,383692,Trigger_dblMu,1,full_unprescaled_member_covers_run,True,2e-12
2024,2024,383692,Trigger_sngEl,1,full_unprescaled_member_covers_run,True,2e-12
2024,2024,383692,Trigger_sngMu,1,full_unprescaled_member_covers_run,True,2e-12
2024,2024,383692,Trigger_Muon,2,full_unprescaled_member_covers_run,True,2e-12
2024,2024,383692,Trigger_EGamma,2,full_unprescaled_member_covers_run,True,2e-12
2024,2024,383692,Trigger_Any,7,full_unprescaled_member_covers_run,True,2e-12
2024,2024,383693,Trigger_ElMu,3,full_unprescaled_member_covers_run,True,2e-12
2024,2024,383693,Trigger_dblEl,1,full_unprescaled_member_covers_run,True,2e-12
2024,2024,383693,Trigger_dblMu,1,full_unprescaled_member_covers_run,True,2e-12
2024,2024,383693,Trigger_sngEl,1,full_unprescaled_member_covers_run,True,2e-12
2024,2024,383693,Trigger_sngMu,1,full_unprescaled_member_covers_run,True,2e-12
2024,2024,383693,Trigger_Muon,2,full_unprescaled_member_covers_run,True,2e-12
2024,2024,383693,Trigger_EGamma,2,full_unprescaled_member_covers_run,True,2e-12
2024,2024,383693,Trigger_Any,7,full_unprescaled_member_covers_run,True,2e-12
2024,2024,383694,Trigger_ElMu,3,validated_unprescaled_partial_ls_union,True,2e-12
2024,2024,383694,Trigger_dblEl,1,full_unprescaled_member_covers_run,True,2e-12
2024,2024,383694,Trigger_dblMu,1,full_unprescaled_member_covers_run,True,2e-12
2024,2024,383694,Trigger_sngEl,1,full_unprescaled_member_covers_run,True,2e-12
2024,2024,383694,Trigger_sngMu,1,full_unprescaled_member_covers_run,True,2e-12
2024,2024,383694,Trigger_Muon,2,full_unprescaled_member_covers_run,True,2e-12
2024,2024,383694,Trigger_EGamma,2,full_unprescaled_member_covers_run,True,2e-12
2024,2024,383694,Trigger_Any,7,full_unprescaled_member_covers_run,True,2e-12
2024,2024,383695,Trigger_ElMu,3,validated_unprescaled_partial_ls_union,True,2e-12
2024,2024,383695,Trigger_dblEl,1,full_unprescaled_member_covers_run,True,2e-12
2024,2024,383695,Trigger_dblMu,1,full_unprescaled_member_covers_run,True,2e-12
2024,2024,383695,Trigger_sngEl,1,full_unprescaled_member_covers_run,True,2e-12
2024,2024,383695,Trigger_sngMu,1,full_unprescaled_member_covers_run,True,2e-12
2024,2024,383695,Trigger_Muon,2,full_unprescaled_member_covers_run,True,2e-12
2024,2024,383695,Trigger_EGamma,2,full_unprescaled_member_covers_run,True,2e-12
2024,2024,383695,Trigger_Any,7,full_unprescaled_member_covers_run,True,2e-12
2024,2024,383712,Trigger_ElMu,3,validated_unprescaled_partial_ls_union,True,2e-12
2024,2024,383712,Trigger_dblEl,1,full_unprescaled_member_covers_run,True,2e-12
2024,2024,383712,Trigger_dblMu,1,validated_unprescaled_partial_ls_union,True,2e-12
2024,2024,383712,Trigger_sngEl,1,full_unprescaled_member_covers_run,True,2e-12
2024,2024,383712,Trigger_sngMu,1,validated_unprescaled_partial_ls_union,True,2e-12
2024,2024,383712,Trigger_Muon,2,validated_unprescaled_partial_ls_union,True,2e-12
2024,2024,383712,Trigger_EGamma,2,full_unprescaled_member_covers_run,True,2e-12
2024,2024,383712,Trigger_Any,7,full_unprescaled_member_covers_run,True,2e-12
2024,2024,383724,Trigger_ElMu,3,full_unprescaled_member_covers_run,True,2e-12
2024,2024,383724,Trigger_dblEl,1,full_unprescaled_member_covers_run,True,2e-12
2024,2024,383724,Trigger_dblMu,1,full_unprescaled_member_covers_run,True,2e-12
2024,2024,383724,Trigger_sngEl,1,full_unprescaled_member_covers_run,True,2e-12
2024,2024,383724,Trigger_sngMu,1,full_unprescaled_member_covers_run,True,2e-12
2024,2024,383724,Trigger_Muon,2,full_unprescaled_member_covers_run,True,2e-12
2024,2024,383724,Trigger_EGamma,2,full_unprescaled_member_covers_run,True,2e-12
2024,2024,383724,Trigger_Any,7,full_unprescaled_member_covers_run,True,2e-12
2024,2024,383740,Trigger_ElMu,3,full_unprescaled_member_covers_run,True,2e-12
2024,2024,383740,Trigger_dblEl,1,full_unprescaled_member_covers_run,True,2e-12
2024,2024,383740,Trigger_dblMu,1,full_unprescaled_member_covers_run,True,2e-12
2024,2024,383740,Trigger_sngEl,1,full_unprescaled_member_covers_run,True,2e-12
2024,2024,383740,Trigger_sngMu,1,full_unprescaled_member_covers_run,True,2e-12
2024,2024,383740,Trigger_Muon,2,full_unprescaled_member_covers_run,True,2e-12
2024,2024,383740,Trigger_EGamma,2,full_unprescaled_member_covers_run,True,2e-12
2024,2024,383740,Trigger_Any,7,full_unprescaled_member_covers_run,True,2e-12
2024,2024,383741,Trigger_ElMu,3,validated_unprescaled_partial_ls_union,True,2e-12
2024,2024,383741,Trigger_dblEl,1,full_unprescaled_member_covers_run,True,2e-12
2024,2024,383741,Trigger_dblMu,1,validated_unprescaled_partial_ls_union,True,2e-12
2024,2024,383741,Trigger_sngEl,1,full_unprescaled_member_covers_run,True,2e-12
2024,2024,383741,Trigger_sngMu,1,validated_unprescaled_partial_ls_union,True,2e-12
2024,2024,383741,Trigger_Muon,2,validated_unprescaled_partial_ls_union,True,2e-12
2024,2024,383741,Trigger_EGamma,2,full_unprescaled_member_covers_run,True,2e-12
2024,2024,383741,Trigger_Any,7,full_unprescaled_member_covers_run,True,2e-12
2024,2024,383756,Trigger_ElMu,3,validated_unprescaled_partial_ls_union,True,2e-12
2024,2024,383756,Trigger_dblEl,1,full_unprescaled_member_covers_run,True,2e-12
2024,2024,383756,Trigger_dblMu,1,full_unprescaled_member_covers_run,True,2e-12
2024,2024,383756,Trigger_sngEl,1,full_unprescaled_member_covers_run,True,2e-12
2024,2024,383756,Trigger_sngMu,1,full_unprescaled_member_covers_run,True,2e-12
2024,2024,383756,Trigger_Muon,2,full_unprescaled_member_covers_run,True,2e-12
2024,2024,383756,Trigger_EGamma,2,full_unprescaled_member_covers_run,True,2e-12
2024,2024,383756,Trigger_Any,7,full_unprescaled_member_covers_run,True,2e-12
2024,2024,383758,Trigger_ElMu,3,full_unprescaled_member_covers_run,True,2e-12
2024,2024,383758,Trigger_dblEl,1,full_unprescaled_member_covers_run,True,2e-12
2024,2024,383758,Trigger_dblMu,1,full_unprescaled_member_covers_run,True,2e-12
2024,2024,383758,Trigger_sngEl,1,full_unprescaled_member_covers_run,True,2e-12
2024,2024,383758,Trigger_sngMu,1,full_unprescaled_member_covers_run,True,2e-12
2024,2024,383758,Trigger_Muon,2,full_unprescaled_member_covers_run,True,2e-12
2024,2024,383758,Trigger_EGamma,2,full_unprescaled_member_covers_run,True,2e-12
2024,2024,383758,Trigger_Any,7,full_unprescaled_member_covers_run,True,2e-12
2024,2024,383767,Trigger_ElMu,3,full_unprescaled_member_covers_run,True,2e-12
2024,2024,383767,Trigger_dblEl,1,full_unprescaled_member_covers_run,True,2e-12
2024,2024,383767,Trigger_dblMu,1,full_unprescaled_member_covers_run,True,2e-12
2024,2024,383767,Trigger_sngEl,1,full_unprescaled_member_covers_run,True,2e-12
2024,2024,383767,Trigger_sngMu,1,full_unprescaled_member_covers_run,True,2e-12
2024,2024,383767,Trigger_Muon,2,full_unprescaled_member_covers_run,True,2e-12
2024,2024,383767,Trigger_EGamma,2,full_unprescaled_member_covers_run,True,2e-12
2024,2024,383767,Trigger_Any,7,full_unprescaled_member_covers_run,True,2e-12
2024,2024,383779,Trigger_ElMu,3,full_unprescaled_member_covers_run,True,2e-12
2024,2024,383779,Trigger_dblEl,1,full_unprescaled_member_covers_run,True,2e-12
2024,2024,383779,Trigger_dblMu,1,full_unprescaled_member_covers_run,True,2e-12
2024,2024,383779,Trigger_sngEl,1,full_unprescaled_member_covers_run,True,2e-12
2024,2024,383779,Trigger_sngMu,1,full_unprescaled_member_covers_run,True,2e-12
2024,2024,383779,Trigger_Muon,2,full_unprescaled_member_covers_run,True,2e-12
2024,2024,383779,Trigger_EGamma,2,full_unprescaled_member_covers_run,True,2e-12
2024,2024,383779,Trigger_Any,7,full_unprescaled_member_covers_run,True,2e-12
2024,2024,383811,Trigger_ElMu,3,full_unprescaled_member_covers_run,True,2e-12
2024,2024,383811,Trigger_dblEl,1,full_unprescaled_member_covers_run,True,2e-12
2024,2024,383811,Trigger_dblMu,1,full_unprescaled_member_covers_run,True,2e-12
2024,2024,383811,Trigger_sngEl,1,full_unprescaled_member_covers_run,True,2e-12
2024,2024,383811,Trigger_sngMu,1,full_unprescaled_member_covers_run,True,2e-12
2024,2024,383811,Trigger_Muon,2,full_unprescaled_member_covers_run,True,2e-12
2024,2024,383811,Trigger_EGamma,2,full_unprescaled_member_covers_run,True,2e-12
2024,2024,383811,Trigger_Any,7,full_unprescaled_member_covers_run,True,2e-12
2024,2024,383812,Trigger_ElMu,3,full_unprescaled_member_covers_run,True,2e-12
2024,2024,383812,Trigger_dblEl,1,full_unprescaled_member_covers_run,True,2e-12
2024,2024,383812,Trigger_dblMu,1,full_unprescaled_member_covers_run,True,2e-12
2024,2024,383812,Trigger_sngEl,1,full_unprescaled_member_covers_run,True,2e-12
2024,2024,383812,Trigger_sngMu,1,full_unprescaled_member_covers_run,True,2e-12
2024,2024,383812,Trigger_Muon,2,full_unprescaled_member_covers_run,True,2e-12
2024,2024,383812,Trigger_EGamma,2,full_unprescaled_member_covers_run,True,2e-12
2024,2024,383812,Trigger_Any,7,full_unprescaled_member_covers_run,True,2e-12
2024,2024,383813,Trigger_ElMu,3,full_unprescaled_member_covers_run,True,2e-12
2024,2024,383813,Trigger_dblEl,1,full_unprescaled_member_covers_run,True,2e-12
2024,2024,383813,Trigger_dblMu,1,full_unprescaled_member_covers_run,True,2e-12
2024,2024,383813,Trigger_sngEl,1,full_unprescaled_member_covers_run,True,2e-12
2024,2024,383813,Trigger_sngMu,1,full_unprescaled_member_covers_run,True,2e-12
2024,2024,383813,Trigger_Muon,2,full_unprescaled_member_covers_run,True,2e-12
2024,2024,383813,Trigger_EGamma,2,full_unprescaled_member_covers_run,True,2e-12
2024,2024,383813,Trigger_Any,7,full_unprescaled_member_covers_run,True,2e-12
2024,2024,383814,Trigger_ElMu,3,full_unprescaled_member_covers_run,True,2e-12
2024,2024,383814,Trigger_dblEl,1,full_unprescaled_member_covers_run,True,2e-12
2024,2024,383814,Trigger_dblMu,1,full_unprescaled_member_covers_run,True,2e-12
2024,2024,383814,Trigger_sngEl,1,full_unprescaled_member_covers_run,True,2e-12
2024,2024,383814,Trigger_sngMu,1,full_unprescaled_member_covers_run,True,2e-12
2024,2024,383814,Trigger_Muon,2,full_unprescaled_member_covers_run,True,2e-12
2024,2024,383814,Trigger_EGamma,2,full_unprescaled_member_covers_run,True,2e-12
2024,2024,383814,Trigger_Any,7,full_unprescaled_member_covers_run,True,2e-12
2024,2024,383830,Trigger_ElMu,3,full_unprescaled_member_covers_run,True,2e-12
2024,2024,383830,Trigger_dblEl,1,full_unprescaled_member_covers_run,True,2e-12
2024,2024,383830,Trigger_dblMu,1,full_unprescaled_member_covers_run,True,2e-12
2024,2024,383830,Trigger_sngEl,1,full_unprescaled_member_covers_run,True,2e-12
2024,2024,383830,Trigger_sngMu,1,full_unprescaled_member_covers_run,True,2e-12
2024,2024,383830,Trigger_Muon,2,full_unprescaled_member_covers_run,True,2e-12
2024,2024,383830,Trigger_EGamma,2,full_unprescaled_member_covers_run,True,2e-12
2024,2024,383830,Trigger_Any,7,full_unprescaled_member_covers_run,True,2e-12
2024,2024,383832,Trigger_ElMu,3,full_unprescaled_member_covers_run,True,2e-12
2024,2024,383832,Trigger_dblEl,1,full_unprescaled_member_covers_run,True,2e-12
2024,2024,383832,Trigger_dblMu,1,full_unprescaled_member_covers_run,True,2e-12
2024,2024,383832,Trigger_sngEl,1,full_unprescaled_member_covers_run,True,2e-12
2024,2024,383832,Trigger_sngMu,1,full_unprescaled_member_covers_run,True,2e-12
2024,2024,383832,Trigger_Muon,2,full_unprescaled_member_covers_run,True,2e-12
2024,2024,383832,Trigger_EGamma,2,full_unprescaled_member_covers_run,True,2e-12
2024,2024,383832,Trigger_Any,7,full_unprescaled_member_covers_run,True,2e-12
2024,2024,383833,Trigger_ElMu,3,full_unprescaled_member_covers_run,True,2e-12
2024,2024,383833,Trigger_dblEl,1,full_unprescaled_member_covers_run,True,2e-12
2024,2024,383833,Trigger_dblMu,1,full_unprescaled_member_covers_run,True,2e-12
2024,2024,383833,Trigger_sngEl,1,full_unprescaled_member_covers_run,True,2e-12
2024,2024,383833,Trigger_sngMu,1,full_unprescaled_member_covers_run,True,2e-12
2024,2024,383833,Trigger_Muon,2,full_unprescaled_member_covers_run,True,2e-12
2024,2024,383833,Trigger_EGamma,2,full_unprescaled_member_covers_run,True,2e-12
2024,2024,383833,Trigger_Any,7,full_unprescaled_member_covers_run,True,2e-12
2024,2024,383834,Trigger_ElMu,3,validated_unprescaled_partial_ls_union,True,2e-12
2024,2024,383834,Trigger_dblEl,1,full_unprescaled_member_covers_run,True,2e-12
2024,2024,383834,Trigger_dblMu,1,full_unprescaled_member_covers_run,True,2e-12
2024,2024,383834,Trigger_sngEl,1,full_unprescaled_member_covers_run,True,2e-12
2024,2024,383834,Trigger_sngMu,1,full_unprescaled_member_covers_run,True,2e-12
2024,2024,383834,Trigger_Muon,2,full_unprescaled_member_covers_run,True,2e-12
2024,2024,383834,Trigger_EGamma,2,full_unprescaled_member_covers_run,True,2e-12
2024,2024,383834,Trigger_Any,7,full_unprescaled_member_covers_run,True,2e-12
2024,2024,383854,Trigger_ElMu,3,full_unprescaled_member_covers_run,True,2e-12
2024,2024,383854,Trigger_dblEl,1,full_unprescaled_member_covers_run,True,2e-12
2024,2024,383854,Trigger_dblMu,1,full_unprescaled_member_covers_run,True,2e-12
2024,2024,383854,Trigger_sngEl,1,full_unprescaled_member_covers_run,True,2e-12
2024,2024,383854,Trigger_sngMu,1,full_unprescaled_member_covers_run,True,2e-12
2024,2024,383854,Trigger_Muon,2,full_unprescaled_member_covers_run,True,2e-12
2024,2024,383854,Trigger_EGamma,2,full_unprescaled_member_covers_run,True,2e-12
2024,2024,383854,Trigger_Any,7,full_unprescaled_member_covers_run,True,2e-12
2024,2024,383855,Trigger_ElMu,3,full_unprescaled_member_covers_run,True,2e-12
2024,2024,383855,Trigger_dblEl,1,full_unprescaled_member_covers_run,True,2e-12
2024,2024,383855,Trigger_dblMu,1,full_unprescaled_member_covers_run,True,2e-12
2024,2024,383855,Trigger_sngEl,1,full_unprescaled_member_covers_run,True,2e-12
2024,2024,383855,Trigger_sngMu,1,full_unprescaled_member_covers_run,True,2e-12
2024,2024,383855,Trigger_Muon,2,full_unprescaled_member_covers_run,True,2e-12
2024,2024,383855,Trigger_EGamma,2,full_unprescaled_member_covers_run,True,2e-12
2024,2024,383855,Trigger_Any,7,full_unprescaled_member_covers_run,True,2e-12
2024,2024,383900,Trigger_ElMu,3,full_unprescaled_member_covers_run,True,2e-12
2024,2024,383900,Trigger_dblEl,1,full_unprescaled_member_covers_run,True,2e-12
2024,2024,383900,Trigger_dblMu,1,full_unprescaled_member_covers_run,True,2e-12
2024,2024,383900,Trigger_sngEl,1,full_unprescaled_member_covers_run,True,2e-12
2024,2024,383900,Trigger_sngMu,1,full_unprescaled_member_covers_run,True,2e-12
2024,2024,383900,Trigger_Muon,2,full_unprescaled_member_covers_run,True,2e-12
2024,2024,383900,Trigger_EGamma,2,full_unprescaled_member_covers_run,True,2e-12
2024,2024,383900,Trigger_Any,7,full_unprescaled_member_covers_run,True,2e-12
2024,2024,383907,Trigger_ElMu,3,full_unprescaled_member_covers_run,True,2e-12
2024,2024,383907,Trigger_dblEl,1,full_unprescaled_member_covers_run,True,2e-12
2024,2024,383907,Trigger_dblMu,1,full_unprescaled_member_covers_run,True,2e-12
2024,2024,383907,Trigger_sngEl,1,full_unprescaled_member_covers_run,True,2e-12
2024,2024,383907,Trigger_sngMu,1,full_unprescaled_member_covers_run,True,2e-12
2024,2024,383907,Trigger_Muon,2,full_unprescaled_member_covers_run,True,2e-12
2024,2024,383907,Trigger_EGamma,2,full_unprescaled_member_covers_run,True,2e-12
2024,2024,383907,Trigger_Any,7,full_unprescaled_member_covers_run,True,2e-12
2024,2024,383908,Trigger_ElMu,3,full_unprescaled_member_covers_run,True,2e-12
2024,2024,383908,Trigger_dblEl,1,full_unprescaled_member_covers_run,True,2e-12
2024,2024,383908,Trigger_dblMu,1,full_unprescaled_member_covers_run,True,2e-12
2024,2024,383908,Trigger_sngEl,1,full_unprescaled_member_covers_run,True,2e-12
2024,2024,383908,Trigger_sngMu,1,full_unprescaled_member_covers_run,True,2e-12
2024,2024,383908,Trigger_Muon,2,full_unprescaled_member_covers_run,True,2e-12
2024,2024,383908,Trigger_EGamma,2,full_unprescaled_member_covers_run,True,2e-12
2024,2024,383908,Trigger_Any,7,full_unprescaled_member_covers_run,True,2e-12
2024,2024,383948,Trigger_ElMu,3,full_unprescaled_member_covers_run,True,2e-12
2024,2024,383948,Trigger_dblEl,1,full_unprescaled_member_covers_run,True,2e-12
2024,2024,383948,Trigger_dblMu,1,full_unprescaled_member_covers_run,True,2e-12
2024,2024,383948,Trigger_sngEl,1,full_unprescaled_member_covers_run,True,2e-12
2024,2024,383948,Trigger_sngMu,1,full_unprescaled_member_covers_run,True,2e-12
2024,2024,383948,Trigger_Muon,2,full_unprescaled_member_covers_run,True,2e-12
2024,2024,383948,Trigger_EGamma,2,full_unprescaled_member_covers_run,True,2e-12
2024,2024,383948,Trigger_Any,7,full_unprescaled_member_covers_run,True,2e-12
2024,2024,383949,Trigger_ElMu,3,full_unprescaled_member_covers_run,True,2e-12
2024,2024,383949,Trigger_dblEl,1,full_unprescaled_member_covers_run,True,2e-12
2024,2024,383949,Trigger_dblMu,1,full_unprescaled_member_covers_run,True,2e-12
2024,2024,383949,Trigger_sngEl,1,full_unprescaled_member_covers_run,True,2e-12
2024,2024,383949,Trigger_sngMu,1,full_unprescaled_member_covers_run,True,2e-12
2024,2024,383949,Trigger_Muon,2,full_unprescaled_member_covers_run,True,2e-12
2024,2024,383949,Trigger_EGamma,2,full_unprescaled_member_covers_run,True,2e-12
2024,2024,383949,Trigger_Any,7,full_unprescaled_member_covers_run,True,2e-12
2024,2024,383996,Trigger_ElMu,3,full_unprescaled_member_covers_run,True,2e-12
2024,2024,383996,Trigger_dblEl,1,full_unprescaled_member_covers_run,True,2e-12
2024,2024,383996,Trigger_dblMu,1,full_unprescaled_member_covers_run,True,2e-12
2024,2024,383996,Trigger_sngEl,1,full_unprescaled_member_covers_run,True,2e-12
2024,2024,383996,Trigger_sngMu,1,full_unprescaled_member_covers_run,True,2e-12
2024,2024,383996,Trigger_Muon,2,full_unprescaled_member_covers_run,True,2e-12
2024,2024,383996,Trigger_EGamma,2,full_unprescaled_member_covers_run,True,2e-12
2024,2024,383996,Trigger_Any,7,full_unprescaled_member_covers_run,True,2e-12
2024,2024,384014,Trigger_ElMu,3,full_unprescaled_member_covers_run,True,2e-12
2024,2024,384014,Trigger_dblEl,1,full_unprescaled_member_covers_run,True,2e-12
2024,2024,384014,Trigger_dblMu,1,full_unprescaled_member_covers_run,True,2e-12
2024,2024,384014,Trigger_sngEl,1,full_unprescaled_member_covers_run,True,2e-12
2024,2024,384014,Trigger_sngMu,1,full_unprescaled_member_covers_run,True,2e-12
2024,2024,384014,Trigger_Muon,2,full_unprescaled_member_covers_run,True,2e-12
2024,2024,384014,Trigger_EGamma,2,full_unprescaled_member_covers_run,True,2e-12
2024,2024,384014,Trigger_Any,7,full_unprescaled_member_covers_run,True,2e-12
2024,2024,384029,Trigger_ElMu,3,full_unprescaled_member_covers_run,True,2e-12
2024,2024,384029,Trigger_dblEl,1,full_unprescaled_member_covers_run,True,2e-12
2024,2024,384029,Trigger_dblMu,1,full_unprescaled_member_covers_run,True,2e-12
2024,2024,384029,Trigger_sngEl,1,full_unprescaled_member_covers_run,True,2e-12
2024,2024,384029,Trigger_sngMu,1,full_unprescaled_member_covers_run,True,2e-12
2024,2024,384029,Trigger_Muon,2,full_unprescaled_member_covers_run,True,2e-12
2024,2024,384029,Trigger_EGamma,2,full_unprescaled_member_covers_run,True,2e-12
2024,2024,384029,Trigger_Any,7,full_unprescaled_member_covers_run,True,2e-12
2024,2024,384052,Trigger_ElMu,3,full_unprescaled_member_covers_run,True,2e-12
2024,2024,384052,Trigger_dblEl,1,full_unprescaled_member_covers_run,True,2e-12
2024,2024,384052,Trigger_dblMu,1,full_unprescaled_member_covers_run,True,2e-12
2024,2024,384052,Trigger_sngEl,1,full_unprescaled_member_covers_run,True,2e-12
2024,2024,384052,Trigger_sngMu,1,full_unprescaled_member_covers_run,True,2e-12
2024,2024,384052,Trigger_Muon,2,full_unprescaled_member_covers_run,True,2e-12
2024,2024,384052,Trigger_EGamma,2,full_unprescaled_member_covers_run,True,2e-12
2024,2024,384052,Trigger_Any,7,full_unprescaled_member_covers_run,True,2e-12
2024,2024,384069,Trigger_ElMu,3,full_unprescaled_member_covers_run,True,2e-12
2024,2024,384069,Trigger_dblEl,1,full_unprescaled_member_covers_run,True,2e-12
2024,2024,384069,Trigger_dblMu,1,full_unprescaled_member_covers_run,True,2e-12
2024,2024,384069,Trigger_sngEl,1,full_unprescaled_member_covers_run,True,2e-12
2024,2024,384069,Trigger_sngMu,1,full_unprescaled_member_covers_run,True,2e-12
2024,2024,384069,Trigger_Muon,2,full_unprescaled_member_covers_run,True,2e-12
2024,2024,384069,Trigger_EGamma,2,full_unprescaled_member_covers_run,True,2e-12
2024,2024,384069,Trigger_Any,7,full_unprescaled_member_covers_run,True,2e-12
2024,2024,384070,Trigger_ElMu,3,full_unprescaled_member_covers_run,True,2e-12
2024,2024,384070,Trigger_dblEl,1,full_unprescaled_member_covers_run,True,2e-12
2024,2024,384070,Trigger_dblMu,1,full_unprescaled_member_covers_run,True,2e-12
2024,2024,384070,Trigger_sngEl,1,full_unprescaled_member_covers_run,True,2e-12
2024,2024,384070,Trigger_sngMu,1,full_unprescaled_member_covers_run,True,2e-12
2024,2024,384070,Trigger_Muon,2,full_unprescaled_member_covers_run,True,2e-12
2024,2024,384070,Trigger_EGamma,2,full_unprescaled_member_covers_run,True,2e-12
2024,2024,384070,Trigger_Any,7,full_unprescaled_member_covers_run,True,2e-12
2024,2024,384124,Trigger_ElMu,3,full_unprescaled_member_covers_run,True,2e-12
2024,2024,384124,Trigger_dblEl,1,full_unprescaled_member_covers_run,True,2e-12
2024,2024,384124,Trigger_dblMu,1,full_unprescaled_member_covers_run,True,2e-12
2024,2024,384124,Trigger_sngEl,1,full_unprescaled_member_covers_run,True,2e-12
2024,2024,384124,Trigger_sngMu,1,full_unprescaled_member_covers_run,True,2e-12
2024,2024,384124,Trigger_Muon,2,full_unprescaled_member_covers_run,True,2e-12
2024,2024,384124,Trigger_EGamma,2,full_unprescaled_member_covers_run,True,2e-12
2024,2024,384124,Trigger_Any,7,full_unprescaled_member_covers_run,True,2e-12
2024,2024,384126,Trigger_ElMu,3,full_unprescaled_member_covers_run,True,2e-12
2024,2024,384126,Trigger_dblEl,1,full_unprescaled_member_covers_run,True,2e-12
2024,2024,384126,Trigger_dblMu,1,full_unprescaled_member_covers_run,True,2e-12
2024,2024,384126,Trigger_sngEl,1,full_unprescaled_member_covers_run,True,2e-12
2024,2024,384126,Trigger_sngMu,1,full_unprescaled_member_covers_run,True,2e-12
2024,2024,384126,Trigger_Muon,2,full_unprescaled_member_covers_run,True,2e-12
2024,2024,384126,Trigger_EGamma,2,full_unprescaled_member_covers_run,True,2e-12
2024,2024,384126,Trigger_Any,7,full_unprescaled_member_covers_run,True,2e-12
2024,2024,384127,Trigger_ElMu,3,full_unprescaled_member_covers_run,True,2e-12
2024,2024,384127,Trigger_dblEl,1,full_unprescaled_member_covers_run,True,2e-12
2024,2024,384127,Trigger_dblMu,1,full_unprescaled_member_covers_run,True,2e-12
2024,2024,384127,Trigger_sngEl,1,full_unprescaled_member_covers_run,True,2e-12
2024,2024,384127,Trigger_sngMu,1,full_unprescaled_member_covers_run,True,2e-12
2024,2024,384127,Trigger_Muon,2,full_unprescaled_member_covers_run,True,2e-12
2024,2024,384127,Trigger_EGamma,2,full_unprescaled_member_covers_run,True,2e-12
2024,2024,384127,Trigger_Any,7,full_unprescaled_member_covers_run,True,2e-12
2024,2024,384128,Trigger_ElMu,3,full_unprescaled_member_covers_run,True,2e-12
2024,2024,384128,Trigger_dblEl,1,full_unprescaled_member_covers_run,True,2e-12
2024,2024,384128,Trigger_dblMu,1,full_unprescaled_member_covers_run,True,2e-12
2024,2024,384128,Trigger_sngEl,1,full_unprescaled_member_covers_run,True,2e-12
2024,2024,384128,Trigger_sngMu,1,full_unprescaled_member_covers_run,True,2e-12
2024,2024,384128,Trigger_Muon,2,full_unprescaled_member_covers_run,True,2e-12
2024,2024,384128,Trigger_EGamma,2,full_unprescaled_member_covers_run,True,2e-12
2024,2024,384128,Trigger_Any,7,full_unprescaled_member_covers_run,True,2e-12
2024,2024,384187,Trigger_ElMu,3,full_unprescaled_member_covers_run,True,2e-12
2024,2024,384187,Trigger_dblEl,1,full_unprescaled_member_covers_run,True,2e-12
2024,2024,384187,Trigger_dblMu,1,full_unprescaled_member_covers_run,True,2e-12
2024,2024,384187,Trigger_sngEl,1,full_unprescaled_member_covers_run,True,2e-12
2024,2024,384187,Trigger_sngMu,1,full_unprescaled_member_covers_run,True,2e-12
2024,2024,384187,Trigger_Muon,2,full_unprescaled_member_covers_run,True,2e-12
2024,2024,384187,Trigger_EGamma,2,full_unprescaled_member_covers_run,True,2e-12
2024,2024,384187,Trigger_Any,7,full_unprescaled_member_covers_run,True,2e-12
2024,2024,384188,Trigger_ElMu,3,full_unprescaled_member_covers_run,True,2e-12
2024,2024,384188,Trigger_dblEl,1,full_unprescaled_member_covers_run,True,2e-12
2024,2024,384188,Trigger_dblMu,1,full_unprescaled_member_covers_run,True,2e-12
2024,2024,384188,Trigger_sngEl,1,full_unprescaled_member_covers_run,True,2e-12
2024,2024,384188,Trigger_sngMu,1,full_unprescaled_member_covers_run,True,2e-12
2024,2024,384188,Trigger_Muon,2,full_unprescaled_member_covers_run,True,2e-12
2024,2024,384188,Trigger_EGamma,2,full_unprescaled_member_covers_run,True,2e-12
2024,2024,384188,Trigger_Any,7,full_unprescaled_member_covers_run,True,2e-12
2024,2024,384202,Trigger_ElMu,3,full_unprescaled_member_covers_run,True,2e-12
2024,2024,384202,Trigger_dblEl,1,full_unprescaled_member_covers_run,True,2e-12
2024,2024,384202,Trigger_dblMu,1,full_unprescaled_member_covers_run,True,2e-12
2024,2024,384202,Trigger_sngEl,1,full_unprescaled_member_covers_run,True,2e-12
2024,2024,384202,Trigger_sngMu,1,full_unprescaled_member_covers_run,True,2e-12
2024,2024,384202,Trigger_Muon,2,full_unprescaled_member_covers_run,True,2e-12
2024,2024,384202,Trigger_EGamma,2,full_unprescaled_member_covers_run,True,2e-12
2024,2024,384202,Trigger_Any,7,full_unprescaled_member_covers_run,True,2e-12
2024,2024,384203,Trigger_ElMu,3,full_unprescaled_member_covers_run,True,2e-12
2024,2024,384203,Trigger_dblEl,1,full_unprescaled_member_covers_run,True,2e-12
2024,2024,384203,Trigger_dblMu,1,full_unprescaled_member_covers_run,True,2e-12
2024,2024,384203,Trigger_sngEl,1,full_unprescaled_member_covers_run,True,2e-12
2024,2024,384203,Trigger_sngMu,1,full_unprescaled_member_covers_run,True,2e-12
2024,2024,384203,Trigger_Muon,2,full_unprescaled_member_covers_run,True,2e-12
2024,2024,384203,Trigger_EGamma,2,full_unprescaled_member_covers_run,True,2e-12
2024,2024,384203,Trigger_Any,7,full_unprescaled_member_covers_run,True,2e-12
2024,2024,384204,Trigger_ElMu,3,full_unprescaled_member_covers_run,True,2e-12
2024,2024,384204,Trigger_dblEl,1,full_unprescaled_member_covers_run,True,2e-12
2024,2024,384204,Trigger_dblMu,1,full_unprescaled_member_covers_run,True,2e-12
2024,2024,384204,Trigger_sngEl,1,full_unprescaled_member_covers_run,True,2e-12
2024,2024,384204,Trigger_sngMu,1,full_unprescaled_member_covers_run,True,2e-12
2024,2024,384204,Trigger_Muon,2,full_unprescaled_member_covers_run,True,2e-12
2024,2024,384204,Trigger_EGamma,2,full_unprescaled_member_covers_run,True,2e-12
2024,2024,384204,Trigger_Any,7,full_unprescaled_member_covers_run,True,2e-12
2024,2024,384209,Trigger_ElMu,3,full_unprescaled_member_covers_run,True,2e-12
2024,2024,384209,Trigger_dblEl,1,full_unprescaled_member_covers_run,True,2e-12
2024,2024,384209,Trigger_dblMu,1,full_unprescaled_member_covers_run,True,2e-12
2024,2024,384209,Trigger_sngEl,1,full_unprescaled_member_covers_run,True,2e-12
2024,2024,384209,Trigger_sngMu,1,full_unprescaled_member_covers_run,True,2e-12
2024,2024,384209,Trigger_Muon,2,full_unprescaled_member_covers_run,True,2e-12
2024,2024,384209,Trigger_EGamma,2,full_unprescaled_member_covers_run,True,2e-12
2024,2024,384209,Trigger_Any,7,full_unprescaled_member_covers_run,True,2e-12
2024,2024,384238,Trigger_ElMu,3,validated_unprescaled_partial_ls_union,True,2e-12
2024,2024,384238,Trigger_dblEl,1,full_unprescaled_member_covers_run,True,2e-12
2024,2024,384238,Trigger_dblMu,1,full_unprescaled_member_covers_run,True,2e-12
2024,2024,384238,Trigger_sngEl,1,full_unprescaled_member_covers_run,True,2e-12
2024,2024,384238,Trigger_sngMu,1,full_unprescaled_member_covers_run,True,2e-12
2024,2024,384238,Trigger_Muon,2,full_unprescaled_member_covers_run,True,2e-12
2024,2024,384238,Trigger_EGamma,2,full_unprescaled_member_covers_run,True,2e-12
2024,2024,384238,Trigger_Any,7,full_unprescaled_member_covers_run,True,2e-12
2024,2024,384239,Trigger_ElMu,3,full_unprescaled_member_covers_run,True,2e-12
2024,2024,384239,Trigger_dblEl,1,full_unprescaled_member_covers_run,True,2e-12
2024,2024,384239,Trigger_dblMu,1,full_unprescaled_member_covers_run,True,2e-12
2024,2024,384239,Trigger_sngEl,1,full_unprescaled_member_covers_run,True,2e-12
2024,2024,384239,Trigger_sngMu,1,full_unprescaled_member_covers_run,True,2e-12
2024,2024,384239,Trigger_Muon,2,full_unprescaled_member_covers_run,True,2e-12
2024,2024,384239,Trigger_EGamma,2,full_unprescaled_member_covers_run,True,2e-12
2024,2024,384239,Trigger_Any,7,full_unprescaled_member_covers_run,True,2e-12
2024,2024,384244,Trigger_ElMu,3,full_unprescaled_member_covers_run,True,2e-12
2024,2024,384244,Trigger_dblEl,1,full_unprescaled_member_covers_run,True,2e-12
2024,2024,384244,Trigger_dblMu,1,full_unprescaled_member_covers_run,True,2e-12
2024,2024,384244,Trigger_sngEl,1,full_unprescaled_member_covers_run,True,2e-12
2024,2024,384244,Trigger_sngMu,1,full_unprescaled_member_covers_run,True,2e-12
2024,2024,384244,Trigger_Muon,2,full_unprescaled_member_covers_run,True,2e-12
2024,2024,384244,Trigger_EGamma,2,full_unprescaled_member_covers_run,True,2e-12
2024,2024,384244,Trigger_Any,7,full_unprescaled_member_covers_run,True,2e-12
2024,2024,384264,Trigger_ElMu,3,full_unprescaled_member_covers_run,True,2e-12
2024,2024,384264,Trigger_dblEl,1,full_unprescaled_member_covers_run,True,2e-12
2024,2024,384264,Trigger_dblMu,1,full_unprescaled_member_covers_run,True,2e-12
2024,2024,384264,Trigger_sngEl,1,full_unprescaled_member_covers_run,True,2e-12
2024,2024,384264,Trigger_sngMu,1,full_unprescaled_member_covers_run,True,2e-12
2024,2024,384264,Trigger_Muon,2,full_unprescaled_member_covers_run,True,2e-12
2024,2024,384264,Trigger_EGamma,2,full_unprescaled_member_covers_run,True,2e-12
2024,2024,384264,Trigger_Any,7,full_unprescaled_member_covers_run,True,2e-12
2024,2024,384265,Trigger_ElMu,3,full_unprescaled_member_covers_run,True,2e-12
2024,2024,384265,Trigger_dblEl,1,full_unprescaled_member_covers_run,True,2e-12
2024,2024,384265,Trigger_dblMu,1,full_unprescaled_member_covers_run,True,2e-12
2024,2024,384265,Trigger_sngEl,1,full_unprescaled_member_covers_run,True,2e-12
2024,2024,384265,Trigger_sngMu,1,full_unprescaled_member_covers_run,True,2e-12
2024,2024,384265,Trigger_Muon,2,full_unprescaled_member_covers_run,True,2e-12
2024,2024,384265,Trigger_EGamma,2,full_unprescaled_member_covers_run,True,2e-12
2024,2024,384265,Trigger_Any,7,full_unprescaled_member_covers_run,True,2e-12
2024,2024,384290,Trigger_ElMu,3,full_unprescaled_member_covers_run,True,2e-12
2024,2024,384290,Trigger_dblEl,1,full_unprescaled_member_covers_run,True,2e-12
2024,2024,384290,Trigger_dblMu,1,full_unprescaled_member_covers_run,True,2e-12
2024,2024,384290,Trigger_sngEl,1,full_unprescaled_member_covers_run,True,2e-12
2024,2024,384290,Trigger_sngMu,1,full_unprescaled_member_covers_run,True,2e-12
2024,2024,384290,Trigger_Muon,2,full_unprescaled_member_covers_run,True,2e-12
2024,2024,384290,Trigger_EGamma,2,full_unprescaled_member_covers_run,True,2e-12
2024,2024,384290,Trigger_Any,7,full_unprescaled_member_covers_run,True,2e-12
2024,2024,384291,Trigger_ElMu,3,full_unprescaled_member_covers_run,True,2e-12
2024,2024,384291,Trigger_dblEl,1,full_unprescaled_member_covers_run,True,2e-12
2024,2024,384291,Trigger_dblMu,1,full_unprescaled_member_covers_run,True,2e-12
2024,2024,384291,Trigger_sngEl,1,full_unprescaled_member_covers_run,True,2e-12
2024,2024,384291,Trigger_sngMu,1,full_unprescaled_member_covers_run,True,2e-12
2024,2024,384291,Trigger_Muon,2,full_unprescaled_member_covers_run,True,2e-12
2024,2024,384291,Trigger_EGamma,2,full_unprescaled_member_covers_run,True,2e-12
2024,2024,384291,Trigger_Any,7,full_unprescaled_member_covers_run,True,2e-12
2024,2024,384318,Trigger_ElMu,3,full_unprescaled_member_covers_run,True,2e-12
2024,2024,384318,Trigger_dblEl,1,full_unprescaled_member_covers_run,True,2e-12
2024,2024,384318,Trigger_dblMu,1,full_unprescaled_member_covers_run,True,2e-12
2024,2024,384318,Trigger_sngEl,1,full_unprescaled_member_covers_run,True,2e-12
2024,2024,384318,Trigger_sngMu,1,full_unprescaled_member_covers_run,True,2e-12
2024,2024,384318,Trigger_Muon,2,full_unprescaled_member_covers_run,True,2e-12
2024,2024,384318,Trigger_EGamma,2,full_unprescaled_member_covers_run,True,2e-12
2024,2024,384318,Trigger_Any,7,full_unprescaled_member_covers_run,True,2e-12
2024,2024,384322,Trigger_ElMu,3,full_unprescaled_member_covers_run,True,2e-12
2024,2024,384322,Trigger_dblEl,1,full_unprescaled_member_covers_run,True,2e-12
2024,2024,384322,Trigger_dblMu,1,full_unprescaled_member_covers_run,True,2e-12
2024,2024,384322,Trigger_sngEl,1,full_unprescaled_member_covers_run,True,2e-12
2024,2024,384322,Trigger_sngMu,1,full_unprescaled_member_covers_run,True,2e-12
2024,2024,384322,Trigger_Muon,2,full_unprescaled_member_covers_run,True,2e-12
2024,2024,384322,Trigger_EGamma,2,full_unprescaled_member_covers_run,True,2e-12
2024,2024,384322,Trigger_Any,7,full_unprescaled_member_covers_run,True,2e-12
2024,2024,384323,Trigger_ElMu,3,full_unprescaled_member_covers_run,True,2e-12
2024,2024,384323,Trigger_dblEl,1,full_unprescaled_member_covers_run,True,2e-12
2024,2024,384323,Trigger_dblMu,1,full_unprescaled_member_covers_run,True,2e-12
2024,2024,384323,Trigger_sngEl,1,full_unprescaled_member_covers_run,True,2e-12
2024,2024,384323,Trigger_sngMu,1,full_unprescaled_member_covers_run,True,2e-12
2024,2024,384323,Trigger_Muon,2,full_unprescaled_member_covers_run,True,2e-12
2024,2024,384323,Trigger_EGamma,2,full_unprescaled_member_covers_run,True,2e-12
2024,2024,384323,Trigger_Any,7,full_unprescaled_member_covers_run,True,2e-12
2024,2024,384331,Trigger_ElMu,3,full_unprescaled_member_covers_run,True,2e-12
2024,2024,384331,Trigger_dblEl,1,full_unprescaled_member_covers_run,True,2e-12
2024,2024,384331,Trigger_dblMu,1,full_unprescaled_member_covers_run,True,2e-12
2024,2024,384331,Trigger_sngEl,1,full_unprescaled_member_covers_run,True,2e-12
2024,2024,384331,Trigger_sngMu,1,full_unprescaled_member_covers_run,True,2e-12
2024,2024,384331,Trigger_Muon,2,full_unprescaled_member_covers_run,True,2e-12
2024,2024,384331,Trigger_EGamma,2,full_unprescaled_member_covers_run,True,2e-12
2024,2024,384331,Trigger_Any,7,full_unprescaled_member_covers_run,True,2e-12
2024,2024,384332,Trigger_ElMu,3,full_unprescaled_member_covers_run,True,2e-12
2024,2024,384332,Trigger_dblEl,1,full_unprescaled_member_covers_run,True,2e-12
2024,2024,384332,Trigger_dblMu,1,full_unprescaled_member_covers_run,True,2e-12
2024,2024,384332,Trigger_sngEl,1,full_unprescaled_member_covers_run,True,2e-12
2024,2024,384332,Trigger_sngMu,1,full_unprescaled_member_covers_run,True,2e-12
2024,2024,384332,Trigger_Muon,2,full_unprescaled_member_covers_run,True,2e-12
2024,2024,384332,Trigger_EGamma,2,full_unprescaled_member_covers_run,True,2e-12
2024,2024,384332,Trigger_Any,7,full_unprescaled_member_covers_run,True,2e-12
2024,2024,384377,Trigger_ElMu,3,full_unprescaled_member_covers_run,True,2e-12
2024,2024,384377,Trigger_dblEl,1,full_unprescaled_member_covers_run,True,2e-12
2024,2024,384377,Trigger_dblMu,1,full_unprescaled_member_covers_run,True,2e-12
2024,2024,384377,Trigger_sngEl,1,full_unprescaled_member_covers_run,True,2e-12
2024,2024,384377,Trigger_sngMu,1,full_unprescaled_member_covers_run,True,2e-12
2024,2024,384377,Trigger_Muon,2,full_unprescaled_member_covers_run,True,2e-12
2024,2024,384377,Trigger_EGamma,2,full_unprescaled_member_covers_run,True,2e-12
2024,2024,384377,Trigger_Any,7,full_unprescaled_member_covers_run,True,2e-12
2024,2024,384378,Trigger_ElMu,3,full_unprescaled_member_covers_run,True,2e-12
2024,2024,384378,Trigger_dblEl,1,full_unprescaled_member_covers_run,True,2e-12
2024,2024,384378,Trigger_dblMu,1,full_unprescaled_member_covers_run,True,2e-12
2024,2024,384378,Trigger_sngEl,1,full_unprescaled_member_covers_run,True,2e-12
2024,2024,384378,Trigger_sngMu,1,full_unprescaled_member_covers_run,True,2e-12
2024,2024,384378,Trigger_Muon,2,full_unprescaled_member_covers_run,True,2e-12
2024,2024,384378,Trigger_EGamma,2,full_unprescaled_member_covers_run,True,2e-12
2024,2024,384378,Trigger_Any,7,full_unprescaled_member_covers_run,True,2e-12
2024,2024,384380,Trigger_ElMu,3,full_unprescaled_member_covers_run,True,2e-12
2024,2024,384380,Trigger_dblEl,1,full_unprescaled_member_covers_run,True,2e-12
2024,2024,384380,Trigger_dblMu,1,full_unprescaled_member_covers_run,True,2e-12
2024,2024,384380,Trigger_sngEl,1,full_unprescaled_member_covers_run,True,2e-12
2024,2024,384380,Trigger_sngMu,1,full_unprescaled_member_covers_run,True,2e-12
2024,2024,384380,Trigger_Muon,2,full_unprescaled_member_covers_run,True,2e-12
2024,2024,384380,Trigger_EGamma,2,full_unprescaled_member_covers_run,True,2e-12
2024,2024,384380,Trigger_Any,7,full_unprescaled_member_covers_run,True,2e-12
2024,2024,384382,Trigger_ElMu,3,full_unprescaled_member_covers_run,True,2e-12
2024,2024,384382,Trigger_dblEl,1,full_unprescaled_member_covers_run,True,2e-12
2024,2024,384382,Trigger_dblMu,1,full_unprescaled_member_covers_run,True,2e-12
2024,2024,384382,Trigger_sngEl,1,full_unprescaled_member_covers_run,True,2e-12
2024,2024,384382,Trigger_sngMu,1,full_unprescaled_member_covers_run,True,2e-12
2024,2024,384382,Trigger_Muon,2,full_unprescaled_member_covers_run,True,2e-12
2024,2024,384382,Trigger_EGamma,2,full_unprescaled_member_covers_run,True,2e-12
2024,2024,384382,Trigger_Any,7,full_unprescaled_member_covers_run,True,2e-12
2024,2024,384383,Trigger_ElMu,3,full_unprescaled_member_covers_run,True,2e-12
2024,2024,384383,Trigger_dblEl,1,validated_unprescaled_partial_ls_union,True,2e-12
2024,2024,384383,Trigger_dblMu,1,full_unprescaled_member_covers_run,True,2e-12
2024,2024,384383,Trigger_sngEl,1,validated_unprescaled_partial_ls_union,True,2e-12
2024,2024,384383,Trigger_sngMu,1,full_unprescaled_member_covers_run,True,2e-12
2024,2024,384383,Trigger_Muon,2,full_unprescaled_member_covers_run,True,2e-12
2024,2024,384383,Trigger_EGamma,2,validated_unprescaled_partial_ls_union,True,2e-12
2024,2024,384383,Trigger_Any,7,full_unprescaled_member_covers_run,True,2e-12
2024,2024,384406,Trigger_ElMu,3,full_unprescaled_member_covers_run,True,2e-12
2024,2024,384406,Trigger_dblEl,1,full_unprescaled_member_covers_run,True,2e-12
2024,2024,384406,Trigger_dblMu,1,full_unprescaled_member_covers_run,True,2e-12
2024,2024,384406,Trigger_sngEl,1,full_unprescaled_member_covers_run,True,2e-12
2024,2024,384406,Trigger_sngMu,1,full_unprescaled_member_covers_run,True,2e-12
2024,2024,384406,Trigger_Muon,2,full_unprescaled_member_covers_run,True,2e-12
2024,2024,384406,Trigger_EGamma,2,full_unprescaled_member_covers_run,True,2e-12
2024,2024,384406,Trigger_Any,7,full_unprescaled_member_covers_run,True,2e-12
2024,2024,384413,Trigger_ElMu,3,validated_unprescaled_partial_ls_union,True,2e-12
2024,2024,384413,Trigger_dblEl,1,full_unprescaled_member_covers_run,True,2e-12
2024,2024,384413,Trigger_dblMu,1,validated_unprescaled_partial_ls_union,True,2e-12
2024,2024,384413,Trigger_sngEl,1,full_unprescaled_member_covers_run,True,2e-12
2024,2024,384413,Trigger_sngMu,1,validated_unprescaled_partial_ls_union,True,2e-12
2024,2024,384413,Trigger_Muon,2,validated_unprescaled_partial_ls_union,True,2e-12
2024,2024,384413,Trigger_EGamma,2,full_unprescaled_member_covers_run,True,2e-12
2024,2024,384413,Trigger_Any,7,full_unprescaled_member_covers_run,True,2e-12
2024,2024,384446,Trigger_ElMu,3,full_unprescaled_member_covers_run,True,2e-12
2024,2024,384446,Trigger_dblEl,1,full_unprescaled_member_covers_run,True,2e-12
2024,2024,384446,Trigger_dblMu,1,full_unprescaled_member_covers_run,True,2e-12
2024,2024,384446,Trigger_sngEl,1,full_unprescaled_member_covers_run,True,2e-12
2024,2024,384446,Trigger_sngMu,1,full_unprescaled_member_covers_run,True,2e-12
2024,2024,384446,Trigger_Muon,2,full_unprescaled_member_covers_run,True,2e-12
2024,2024,384446,Trigger_EGamma,2,full_unprescaled_member_covers_run,True,2e-12
2024,2024,384446,Trigger_Any,7,full_unprescaled_member_covers_run,True,2e-12
2024,2024,384464,Trigger_ElMu,3,full_unprescaled_member_covers_run,True,2e-12
2024,2024,384464,Trigger_dblEl,1,full_unprescaled_member_covers_run,True,2e-12
2024,2024,384464,Trigger_dblMu,1,full_unprescaled_member_covers_run,True,2e-12
2024,2024,384464,Trigger_sngEl,1,full_unprescaled_member_covers_run,True,2e-12
2024,2024,384464,Trigger_sngMu,1,full_unprescaled_member_covers_run,True,2e-12
2024,2024,384464,Trigger_Muon,2,full_unprescaled_member_covers_run,True,2e-12
2024,2024,384464,Trigger_EGamma,2,full_unprescaled_member_covers_run,True,2e-12
2024,2024,384464,Trigger_Any,7,full_unprescaled_member_covers_run,True,2e-12
2024,2024,384468,Trigger_ElMu,3,validated_unprescaled_partial_ls_union,True,2e-12
2024,2024,384468,Trigger_dblEl,1,validated_unprescaled_partial_ls_union,True,2e-12
2024,2024,384468,Trigger_dblMu,1,full_unprescaled_member_covers_run,True,2e-12
2024,2024,384468,Trigger_sngEl,1,validated_unprescaled_partial_ls_union,True,2e-12
2024,2024,384468,Trigger_sngMu,1,full_unprescaled_member_covers_run,True,2e-12
2024,2024,384468,Trigger_Muon,2,full_unprescaled_member_covers_run,True,2e-12
2024,2024,384468,Trigger_EGamma,2,validated_unprescaled_partial_ls_union,True,2e-12
2024,2024,384468,Trigger_Any,7,full_unprescaled_member_covers_run,True,2e-12
2024,2024,384485,Trigger_ElMu,3,validated_unprescaled_partial_ls_union,True,2e-12
2024,2024,384485,Trigger_dblEl,1,validated_unprescaled_partial_ls_union,True,2e-12
2024,2024,384485,Trigger_dblMu,1,validated_unprescaled_partial_ls_union,True,2e-12
2024,2024,384485,Trigger_sngEl,1,validated_unprescaled_partial_ls_union,True,2e-12
2024,2024,384485,Trigger_sngMu,1,validated_unprescaled_partial_ls_union,True,2e-12
2024,2024,384485,Trigger_Muon,2,validated_unprescaled_partial_ls_union,True,2e-12
2024,2024,384485,Trigger_EGamma,2,validated_unprescaled_partial_ls_union,True,2e-12
2024,2024,384485,Trigger_Any,7,validated_unprescaled_partial_ls_union,True,2e-12
2024,2024,384486,Trigger_ElMu,3,full_unprescaled_member_covers_run,True,2e-12
2024,2024,384486,Trigger_dblEl,1,full_unprescaled_member_covers_run,True,2e-12
2024,2024,384486,Trigger_dblMu,1,full_unprescaled_member_covers_run,True,2e-12
2024,2024,384486,Trigger_sngEl,1,full_unprescaled_member_covers_run,True,2e-12
2024,2024,384486,Trigger_sngMu,1,full_unprescaled_member_covers_run,True,2e-12
2024,2024,384486,Trigger_Muon,2,full_unprescaled_member_covers_run,True,2e-12
2024,2024,384486,Trigger_EGamma,2,full_unprescaled_member_covers_run,True,2e-12
2024,2024,384486,Trigger_Any,7,full_unprescaled_member_covers_run,True,2e-12
2024,2024,384487,Trigger_ElMu,3,full_unprescaled_member_covers_run,True,2e-12
2024,2024,384487,Trigger_dblEl,1,full_unprescaled_member_covers_run,True,2e-12
2024,2024,384487,Trigger_dblMu,1,full_unprescaled_member_covers_run,True,2e-12
2024,2024,384487,Trigger_sngEl,1,full_unprescaled_member_covers_run,True,2e-12
2024,2024,384487,Trigger_sngMu,1,full_unprescaled_member_covers_run,True,2e-12
2024,2024,384487,Trigger_Muon,2,full_unprescaled_member_covers_run,True,2e-12
2024,2024,384487,Trigger_EGamma,2,full_unprescaled_member_covers_run,True,2e-12
2024,2024,384487,Trigger_Any,7,full_unprescaled_member_covers_run,True,2e-12
2024,2024,384489,Trigger_ElMu,3,full_unprescaled_member_covers_run,True,2e-12
2024,2024,384489,Trigger_dblEl,1,full_unprescaled_member_covers_run,True,2e-12
2024,2024,384489,Trigger_dblMu,1,full_unprescaled_member_covers_run,True,2e-12
2024,2024,384489,Trigger_sngEl,1,full_unprescaled_member_covers_run,True,2e-12
2024,2024,384489,Trigger_sngMu,1,full_unprescaled_member_covers_run,True,2e-12
2024,2024,384489,Trigger_Muon,2,full_unprescaled_member_covers_run,True,2e-12
2024,2024,384489,Trigger_EGamma,2,full_unprescaled_member_covers_run,True,2e-12
2024,2024,384489,Trigger_Any,7,full_unprescaled_member_covers_run,True,2e-12
2024,2024,384490,Trigger_ElMu,3,full_unprescaled_member_covers_run,True,2e-12
2024,2024,384490,Trigger_dblEl,1,full_unprescaled_member_covers_run,True,2e-12
2024,2024,384490,Trigger_dblMu,1,full_unprescaled_member_covers_run,True,2e-12
2024,2024,384490,Trigger_sngEl,1,full_unprescaled_member_covers_run,True,2e-12
2024,2024,384490,Trigger_sngMu,1,full_unprescaled_member_covers_run,True,2e-12
2024,2024,384490,Trigger_Muon,2,full_unprescaled_member_covers_run,True,2e-12
2024,2024,384490,Trigger_EGamma,2,full_unprescaled_member_covers_run,True,2e-12
2024,2024,384490,Trigger_Any,7,full_unprescaled_member_covers_run,True,2e-12
2024,2024,384491,Trigger_ElMu,3,full_unprescaled_member_covers_run,True,2e-12
2024,2024,384491,Trigger_dblEl,1,full_unprescaled_member_covers_run,True,2e-12
2024,2024,384491,Trigger_dblMu,1,full_unprescaled_member_covers_run,True,2e-12
2024,2024,384491,Trigger_sngEl,1,full_unprescaled_member_covers_run,True,2e-12
2024,2024,384491,Trigger_sngMu,1,full_unprescaled_member_covers_run,True,2e-12
2024,2024,384491,Trigger_Muon,2,full_unprescaled_member_covers_run,True,2e-12
2024,2024,384491,Trigger_EGamma,2,full_unprescaled_member_covers_run,True,2e-12
2024,2024,384491,Trigger_Any,7,full_unprescaled_member_covers_run,True,2e-12
2024,2024,384492,Trigger_ElMu,3,full_unprescaled_member_covers_run,True,2e-12
2024,2024,384492,Trigger_dblEl,1,full_unprescaled_member_covers_run,True,2e-12
2024,2024,384492,Trigger_dblMu,1,full_unprescaled_member_covers_run,True,2e-12
2024,2024,384492,Trigger_sngEl,1,full_unprescaled_member_covers_run,True,2e-12
2024,2024,384492,Trigger_sngMu,1,full_unprescaled_member_covers_run,True,2e-12
2024,2024,384492,Trigger_Muon,2,full_unprescaled_member_covers_run,True,2e-12
2024,2024,384492,Trigger_EGamma,2,full_unprescaled_member_covers_run,True,2e-12
2024,2024,384492,Trigger_Any,7,full_unprescaled_member_covers_run,True,2e-12
2024,2024,384565,Trigger_ElMu,3,full_unprescaled_member_covers_run,True,2e-12
2024,2024,384565,Trigger_dblEl,1,full_unprescaled_member_covers_run,True,2e-12
2024,2024,384565,Trigger_dblMu,1,full_unprescaled_member_covers_run,True,2e-12
2024,2024,384565,Trigger_sngEl,1,full_unprescaled_member_covers_run,True,2e-12
2024,2024,384565,Trigger_sngMu,1,full_unprescaled_member_covers_run,True,2e-12
2024,2024,384565,Trigger_Muon,2,full_unprescaled_member_covers_run,True,2e-12
2024,2024,384565,Trigger_EGamma,2,full_unprescaled_member_covers_run,True,2e-12
2024,2024,384565,Trigger_Any,7,full_unprescaled_member_covers_run,True,2e-12
2024,2024,384579,Trigger_ElMu,3,validated_unprescaled_partial_ls_union,True,2e-12
2024,2024,384579,Trigger_dblEl,1,validated_unprescaled_partial_ls_union,True,2e-12
2024,2024,384579,Trigger_dblMu,1,full_unprescaled_member_covers_run,True,2e-12
2024,2024,384579,Trigger_sngEl,1,validated_unprescaled_partial_ls_union,True,2e-12
2024,2024,384579,Trigger_sngMu,1,full_unprescaled_member_covers_run,True,2e-12
2024,2024,384579,Trigger_Muon,2,full_unprescaled_member_covers_run,True,2e-12
2024,2024,384579,Trigger_EGamma,2,validated_unprescaled_partial_ls_union,True,2e-12
2024,2024,384579,Trigger_Any,7,full_unprescaled_member_covers_run,True,2e-12
2024,2024,384591,Trigger_ElMu,3,full_unprescaled_member_covers_run,True,2e-12
2024,2024,384591,Trigger_dblEl,1,full_unprescaled_member_covers_run,True,2e-12
2024,2024,384591,Trigger_dblMu,1,full_unprescaled_member_covers_run,True,2e-12
2024,2024,384591,Trigger_sngEl,1,full_unprescaled_member_covers_run,True,2e-12
2024,2024,384591,Trigger_sngMu,1,full_unprescaled_member_covers_run,True,2e-12
2024,2024,384591,Trigger_Muon,2,full_unprescaled_member_covers_run,True,2e-12
2024,2024,384591,Trigger_EGamma,2,full_unprescaled_member_covers_run,True,2e-12
2024,2024,384591,Trigger_Any,7,full_unprescaled_member_covers_run,True,2e-12
2024,2024,384593,Trigger_ElMu,3,full_unprescaled_member_covers_run,True,2e-12
2024,2024,384593,Trigger_dblEl,1,full_unprescaled_member_covers_run,True,2e-12
2024,2024,384593,Trigger_dblMu,1,full_unprescaled_member_covers_run,True,2e-12
2024,2024,384593,Trigger_sngEl,1,full_unprescaled_member_covers_run,True,2e-12
2024,2024,384593,Trigger_sngMu,1,full_unprescaled_member_covers_run,True,2e-12
2024,2024,384593,Trigger_Muon,2,full_unprescaled_member_covers_run,True,2e-12
2024,2024,384593,Trigger_EGamma,2,full_unprescaled_member_covers_run,True,2e-12
2024,2024,384593,Trigger_Any,7,full_unprescaled_member_covers_run,True,2e-12
2024,2024,384610,Trigger_ElMu,3,full_unprescaled_member_covers_run,True,2e-12
2024,2024,384610,Trigger_dblEl,1,full_unprescaled_member_covers_run,True,2e-12
2024,2024,384610,Trigger_dblMu,1,full_unprescaled_member_covers_run,True,2e-12
2024,2024,384610,Trigger_sngEl,1,full_unprescaled_member_covers_run,True,2e-12
2024,2024,384610,Trigger_sngMu,1,full_unprescaled_member_covers_run,True,2e-12
2024,2024,384610,Trigger_Muon,2,full_unprescaled_member_covers_run,True,2e-12
2024,2024,384610,Trigger_EGamma,2,full_unprescaled_member_covers_run,True,2e-12
2024,2024,384610,Trigger_Any,7,full_unprescaled_member_covers_run,True,2e-12
2024,2024,384614,Trigger_ElMu,3,validated_unprescaled_partial_ls_union,True,2e-12
2024,2024,384614,Trigger_dblEl,1,validated_unprescaled_partial_ls_union,True,2e-12
2024,2024,384614,Trigger_dblMu,1,full_unprescaled_member_covers_run,True,2e-12
2024,2024,384614,Trigger_sngEl,1,validated_unprescaled_partial_ls_union,True,2e-12
2024,2024,384614,Trigger_sngMu,1,full_unprescaled_member_covers_run,True,2e-12
2024,2024,384614,Trigger_Muon,2,full_unprescaled_member_covers_run,True,2e-12
2024,2024,384614,Trigger_EGamma,2,validated_unprescaled_partial_ls_union,True,2e-12
2024,2024,384614,Trigger_Any,7,full_unprescaled_member_covers_run,True,2e-12
2024,2024,384638,Trigger_ElMu,3,full_unprescaled_member_covers_run,True,2e-12
2024,2024,384638,Trigger_dblEl,1,full_unprescaled_member_covers_run,True,2e-12
2024,2024,384638,Trigger_dblMu,1,full_unprescaled_member_covers_run,True,2e-12
2024,2024,384638,Trigger_sngEl,1,full_unprescaled_member_covers_run,True,2e-12
2024,2024,384638,Trigger_sngMu,1,full_unprescaled_member_covers_run,True,2e-12
2024,2024,384638,Trigger_Muon,2,full_unprescaled_member_covers_run,True,2e-12
2024,2024,384638,Trigger_EGamma,2,full_unprescaled_member_covers_run,True,2e-12
2024,2024,384638,Trigger_Any,7,full_unprescaled_member_covers_run,True,2e-12
2024,2024,384644,Trigger_ElMu,3,validated_unprescaled_partial_ls_union,True,2e-12
2024,2024,384644,Trigger_dblEl,1,validated_unprescaled_partial_ls_union,True,2e-12
2024,2024,384644,Trigger_dblMu,1,full_unprescaled_member_covers_run,True,2e-12
2024,2024,384644,Trigger_sngEl,1,validated_unprescaled_partial_ls_union,True,2e-12
2024,2024,384644,Trigger_sngMu,1,full_unprescaled_member_covers_run,True,2e-12
2024,2024,384644,Trigger_Muon,2,full_unprescaled_member_covers_run,True,2e-12
2024,2024,384644,Trigger_EGamma,2,validated_unprescaled_partial_ls_union,True,2e-12
2024,2024,384644,Trigger_Any,7,full_unprescaled_member_covers_run,True,2e-12
2024,2024,384933,Trigger_ElMu,3,full_unprescaled_member_covers_run,True,2e-12
2024,2024,384933,Trigger_dblEl,1,full_unprescaled_member_covers_run,True,2e-12
2024,2024,384933,Trigger_dblMu,1,full_unprescaled_member_covers_run,True,2e-12
2024,2024,384933,Trigger_sngEl,1,full_unprescaled_member_covers_run,True,2e-12
2024,2024,384933,Trigger_sngMu,1,full_unprescaled_member_covers_run,True,2e-12
2024,2024,384933,Trigger_Muon,2,full_unprescaled_member_covers_run,True,2e-12
2024,2024,384933,Trigger_EGamma,2,full_unprescaled_member_covers_run,True,2e-12
2024,2024,384933,Trigger_Any,7,full_unprescaled_member_covers_run,True,2e-12
2024,2024,384934,Trigger_ElMu,3,full_unprescaled_member_covers_run,True,2e-12
2024,2024,384934,Trigger_dblEl,1,full_unprescaled_member_covers_run,True,2e-12
2024,2024,384934,Trigger_dblMu,1,full_unprescaled_member_covers_run,True,2e-12
2024,2024,384934,Trigger_sngEl,1,full_unprescaled_member_covers_run,True,2e-12
2024,2024,384934,Trigger_sngMu,1,full_unprescaled_member_covers_run,True,2e-12
2024,2024,384934,Trigger_Muon,2,full_unprescaled_member_covers_run,True,2e-12
2024,2024,384934,Trigger_EGamma,2,full_unprescaled_member_covers_run,True,2e-12
2024,2024,384934,Trigger_Any,7,full_unprescaled_member_covers_run,True,2e-12
2024,2024,384935,Trigger_ElMu,3,full_unprescaled_member_covers_run,True,2e-12
2024,2024,384935,Trigger_dblEl,1,full_unprescaled_member_covers_run,True,2e-12
2024,2024,384935,Trigger_dblMu,1,full_unprescaled_member_covers_run,True,2e-12
2024,2024,384935,Trigger_sngEl,1,full_unprescaled_member_covers_run,True,2e-12
2024,2024,384935,Trigger_sngMu,1,full_unprescaled_member_covers_run,True,2e-12
2024,2024,384935,Trigger_Muon,2,full_unprescaled_member_covers_run,True,2e-12
2024,2024,384935,Trigger_EGamma,2,full_unprescaled_member_covers_run,True,2e-12
2024,2024,384935,Trigger_Any,7,full_unprescaled_member_covers_run,True,2e-12
2024,2024,384950,Trigger_ElMu,3,full_unprescaled_member_covers_run,True,2e-12
2024,2024,384950,Trigger_dblEl,1,full_unprescaled_member_covers_run,True,2e-12
2024,2024,384950,Trigger_dblMu,1,full_unprescaled_member_covers_run,True,2e-12
2024,2024,384950,Trigger_sngEl,1,full_unprescaled_member_covers_run,True,2e-12
2024,2024,384950,Trigger_sngMu,1,full_unprescaled_member_covers_run,True,2e-12
2024,2024,384950,Trigger_Muon,2,full_unprescaled_member_covers_run,True,2e-12
2024,2024,384950,Trigger_EGamma,2,full_unprescaled_member_covers_run,True,2e-12
2024,2024,384950,Trigger_Any,7,full_unprescaled_member_covers_run,True,2e-12
2024,2024,384951,Trigger_ElMu,3,validated_unprescaled_partial_ls_union,True,2e-12
2024,2024,384951,Trigger_dblEl,1,full_unprescaled_member_covers_run,True,2e-12
2024,2024,384951,Trigger_dblMu,1,full_unprescaled_member_covers_run,True,2e-12
2024,2024,384951,Trigger_sngEl,1,full_unprescaled_member_covers_run,True,2e-12
2024,2024,384951,Trigger_sngMu,1,full_unprescaled_member_covers_run,True,2e-12
2024,2024,384951,Trigger_Muon,2,full_unprescaled_member_covers_run,True,2e-12
2024,2024,384951,Trigger_EGamma,2,full_unprescaled_member_covers_run,True,2e-12
2024,2024,384951,Trigger_Any,7,full_unprescaled_member_covers_run,True,2e-12
2024,2024,384963,Trigger_ElMu,3,full_unprescaled_member_covers_run,True,2e-12
2024,2024,384963,Trigger_dblEl,1,full_unprescaled_member_covers_run,True,2e-12
2024,2024,384963,Trigger_dblMu,1,validated_unprescaled_partial_ls_union,True,2e-12
2024,2024,384963,Trigger_sngEl,1,full_unprescaled_member_covers_run,True,2e-12
2024,2024,384963,Trigger_sngMu,1,validated_unprescaled_partial_ls_union,True,2e-12
2024,2024,384963,Trigger_Muon,2,validated_unprescaled_partial_ls_union,True,2e-12
2024,2024,384963,Trigger_EGamma,2,full_unprescaled_member_covers_run,True,2e-12
2024,2024,384963,Trigger_Any,7,full_unprescaled_member_covers_run,True,2e-12
2024,2024,384981,Trigger_ElMu,3,full_unprescaled_member_covers_run,True,2e-12
2024,2024,384981,Trigger_dblEl,1,full_unprescaled_member_covers_run,True,2e-12
2024,2024,384981,Trigger_dblMu,1,full_unprescaled_member_covers_run,True,2e-12
2024,2024,384981,Trigger_sngEl,1,full_unprescaled_member_covers_run,True,2e-12
2024,2024,384981,Trigger_sngMu,1,full_unprescaled_member_covers_run,True,2e-12
2024,2024,384981,Trigger_Muon,2,full_unprescaled_member_covers_run,True,2e-12
2024,2024,384981,Trigger_EGamma,2,full_unprescaled_member_covers_run,True,2e-12
2024,2024,384981,Trigger_Any,7,full_unprescaled_member_covers_run,True,2e-12
2024,2024,385012,Trigger_ElMu,3,full_unprescaled_member_covers_run,True,2e-12
2024,2024,385012,Trigger_dblEl,1,full_unprescaled_member_covers_run,True,2e-12
2024,2024,385012,Trigger_dblMu,1,full_unprescaled_member_covers_run,True,2e-12
2024,2024,385012,Trigger_sngEl,1,full_unprescaled_member_covers_run,True,2e-12
2024,2024,385012,Trigger_sngMu,1,full_unprescaled_member_covers_run,True,2e-12
2024,2024,385012,Trigger_Muon,2,full_unprescaled_member_covers_run,True,2e-12
2024,2024,385012,Trigger_EGamma,2,full_unprescaled_member_covers_run,True,2e-12
2024,2024,385012,Trigger_Any,7,full_unprescaled_member_covers_run,True,2e-12
2024,2024,385016,Trigger_ElMu,3,full_unprescaled_member_covers_run,True,2e-12
2024,2024,385016,Trigger_dblEl,1,full_unprescaled_member_covers_run,True,2e-12
2024,2024,385016,Trigger_dblMu,1,full_unprescaled_member_covers_run,True,2e-12
2024,2024,385016,Trigger_sngEl,1,full_unprescaled_member_covers_run,True,2e-12
2024,2024,385016,Trigger_sngMu,1,full_unprescaled_member_covers_run,True,2e-12
2024,2024,385016,Trigger_Muon,2,full_unprescaled_member_covers_run,True,2e-12
2024,2024,385016,Trigger_EGamma,2,full_unprescaled_member_covers_run,True,2e-12
2024,2024,385016,Trigger_Any,7,full_unprescaled_member_covers_run,True,2e-12
2024,2024,385094,Trigger_ElMu,3,full_unprescaled_member_covers_run,True,2e-12
2024,2024,385094,Trigger_dblEl,1,full_unprescaled_member_covers_run,True,2e-12
2024,2024,385094,Trigger_dblMu,1,full_unprescaled_member_covers_run,True,2e-12
2024,2024,385094,Trigger_sngEl,1,full_unprescaled_member_covers_run,True,2e-12
2024,2024,385094,Trigger_sngMu,1,full_unprescaled_member_covers_run,True,2e-12
2024,2024,385094,Trigger_Muon,2,full_unprescaled_member_covers_run,True,2e-12
2024,2024,385094,Trigger_EGamma,2,full_unprescaled_member_covers_run,True,2e-12
2024,2024,385094,Trigger_Any,7,full_unprescaled_member_covers_run,True,2e-12
2024,2024,385100,Trigger_ElMu,3,full_unprescaled_member_covers_run,True,2e-12
2024,2024,385100,Trigger_dblEl,1,full_unprescaled_member_covers_run,True,2e-12
2024,2024,385100,Trigger_dblMu,1,full_unprescaled_member_covers_run,True,2e-12
2024,2024,385100,Trigger_sngEl,1,full_unprescaled_member_covers_run,True,2e-12
2024,2024,385100,Trigger_sngMu,1,full_unprescaled_member_covers_run,True,2e-12
2024,2024,385100,Trigger_Muon,2,full_unprescaled_member_covers_run,True,2e-12
2024,2024,385100,Trigger_EGamma,2,full_unprescaled_member_covers_run,True,2e-12
2024,2024,385100,Trigger_Any,7,full_unprescaled_member_covers_run,True,2e-12
2024,2024,385127,Trigger_ElMu,3,validated_unprescaled_partial_ls_union,True,2e-12
2024,2024,385127,Trigger_dblEl,1,validated_unprescaled_partial_ls_union,True,2e-12
2024,2024,385127,Trigger_dblMu,1,validated_unprescaled_partial_ls_union,True,2e-12
2024,2024,385127,Trigger_sngEl,1,validated_unprescaled_partial_ls_union,True,2e-12
2024,2024,385127,Trigger_sngMu,1,validated_unprescaled_partial_ls_union,True,2e-12
2024,2024,385127,Trigger_Muon,2,validated_unprescaled_partial_ls_union,True,2e-12
2024,2024,385127,Trigger_EGamma,2,validated_unprescaled_partial_ls_union,True,2e-12
2024,2024,385127,Trigger_Any,7,validated_unprescaled_partial_ls_union,True,2e-12
2024,2024,385134,Trigger_ElMu,3,full_unprescaled_member_covers_run,True,2e-12
2024,2024,385134,Trigger_dblEl,1,full_unprescaled_member_covers_run,True,2e-12
2024,2024,385134,Trigger_dblMu,1,full_unprescaled_member_covers_run,True,2e-12
2024,2024,385134,Trigger_sngEl,1,full_unprescaled_member_covers_run,True,2e-12
2024,2024,385134,Trigger_sngMu,1,full_unprescaled_member_covers_run,True,2e-12
2024,2024,385134,Trigger_Muon,2,full_unprescaled_member_covers_run,True,2e-12
2024,2024,385134,Trigger_EGamma,2,full_unprescaled_member_covers_run,True,2e-12
2024,2024,385134,Trigger_Any,7,full_unprescaled_member_covers_run,True,2e-12
2024,2024,385142,Trigger_ElMu,3,validated_unprescaled_partial_ls_union,True,2e-12
2024,2024,385142,Trigger_dblEl,1,full_unprescaled_member_covers_run,True,2e-12
2024,2024,385142,Trigger_dblMu,1,full_unprescaled_member_covers_run,True,2e-12
2024,2024,385142,Trigger_sngEl,1,full_unprescaled_member_covers_run,True,2e-12
2024,2024,385142,Trigger_sngMu,1,full_unprescaled_member_covers_run,True,2e-12
2024,2024,385142,Trigger_Muon,2,full_unprescaled_member_covers_run,True,2e-12
2024,2024,385142,Trigger_EGamma,2,full_unprescaled_member_covers_run,True,2e-12
2024,2024,385142,Trigger_Any,7,full_unprescaled_member_covers_run,True,2e-12
2024,2024,385152,Trigger_ElMu,3,full_unprescaled_member_covers_run,True,2e-12
2024,2024,385152,Trigger_dblEl,1,full_unprescaled_member_covers_run,True,2e-12
2024,2024,385152,Trigger_dblMu,1,full_unprescaled_member_covers_run,True,2e-12
2024,2024,385152,Trigger_sngEl,1,full_unprescaled_member_covers_run,True,2e-12
2024,2024,385152,Trigger_sngMu,1,full_unprescaled_member_covers_run,True,2e-12
2024,2024,385152,Trigger_Muon,2,full_unprescaled_member_covers_run,True,2e-12
2024,2024,385152,Trigger_EGamma,2,full_unprescaled_member_covers_run,True,2e-12
2024,2024,385152,Trigger_Any,7,full_unprescaled_member_covers_run,True,2e-12
2024,2024,385153,Trigger_ElMu,3,full_unprescaled_member_covers_run,True,2e-12
2024,2024,385153,Trigger_dblEl,1,full_unprescaled_member_covers_run,True,2e-12
2024,2024,385153,Trigger_dblMu,1,full_unprescaled_member_covers_run,True,2e-12
2024,2024,385153,Trigger_sngEl,1,full_unprescaled_member_covers_run,True,2e-12
2024,2024,385153,Trigger_sngMu,1,full_unprescaled_member_covers_run,True,2e-12
2024,2024,385153,Trigger_Muon,2,full_unprescaled_member_covers_run,True,2e-12
2024,2024,385153,Trigger_EGamma,2,full_unprescaled_member_covers_run,True,2e-12
2024,2024,385153,Trigger_Any,7,full_unprescaled_member_covers_run,True,2e-12
2024,2024,385168,Trigger_ElMu,3,full_unprescaled_member_covers_run,True,2e-12
2024,2024,385168,Trigger_dblEl,1,full_unprescaled_member_covers_run,True,2e-12
2024,2024,385168,Trigger_dblMu,1,full_unprescaled_member_covers_run,True,2e-12
2024,2024,385168,Trigger_sngEl,1,full_unprescaled_member_covers_run,True,2e-12
2024,2024,385168,Trigger_sngMu,1,full_unprescaled_member_covers_run,True,2e-12
2024,2024,385168,Trigger_Muon,2,full_unprescaled_member_covers_run,True,2e-12
2024,2024,385168,Trigger_EGamma,2,full_unprescaled_member_covers_run,True,2e-12
2024,2024,385168,Trigger_Any,7,full_unprescaled_member_covers_run,True,2e-12
2024,2024,385178,Trigger_ElMu,3,full_unprescaled_member_covers_run,True,2e-12
2024,2024,385178,Trigger_dblEl,1,full_unprescaled_member_covers_run,True,2e-12
2024,2024,385178,Trigger_dblMu,1,full_unprescaled_member_covers_run,True,2e-12
2024,2024,385178,Trigger_sngEl,1,full_unprescaled_member_covers_run,True,2e-12
2024,2024,385178,Trigger_sngMu,1,full_unprescaled_member_covers_run,True,2e-12
2024,2024,385178,Trigger_Muon,2,full_unprescaled_member_covers_run,True,2e-12
2024,2024,385178,Trigger_EGamma,2,full_unprescaled_member_covers_run,True,2e-12
2024,2024,385178,Trigger_Any,7,full_unprescaled_member_covers_run,True,2e-12
2024,2024,385194,Trigger_ElMu,3,validated_unprescaled_partial_ls_union,True,2e-12
2024,2024,385194,Trigger_dblEl,1,full_unprescaled_member_covers_run,True,2e-12
2024,2024,385194,Trigger_dblMu,1,validated_unprescaled_partial_ls_union,True,2e-12
2024,2024,385194,Trigger_sngEl,1,full_unprescaled_member_covers_run,True,2e-12
2024,2024,385194,Trigger_sngMu,1,validated_unprescaled_partial_ls_union,True,2e-12
2024,2024,385194,Trigger_Muon,2,validated_unprescaled_partial_ls_union,True,2e-12
2024,2024,385194,Trigger_EGamma,2,full_unprescaled_member_covers_run,True,2e-12
2024,2024,385194,Trigger_Any,7,full_unprescaled_member_covers_run,True,2e-12
2024,2024,385260,Trigger_ElMu,3,full_unprescaled_member_covers_run,True,2e-12
2024,2024,385260,Trigger_dblEl,1,full_unprescaled_member_covers_run,True,2e-12
2024,2024,385260,Trigger_dblMu,1,full_unprescaled_member_covers_run,True,2e-12
2024,2024,385260,Trigger_sngEl,1,full_unprescaled_member_covers_run,True,2e-12
2024,2024,385260,Trigger_sngMu,1,full_unprescaled_member_covers_run,True,2e-12
2024,2024,385260,Trigger_Muon,2,full_unprescaled_member_covers_run,True,2e-12
2024,2024,385260,Trigger_EGamma,2,full_unprescaled_member_covers_run,True,2e-12
2024,2024,385260,Trigger_Any,7,full_unprescaled_member_covers_run,True,2e-12
2024,2024,385281,Trigger_ElMu,3,validated_unprescaled_partial_ls_union,True,2e-12
2024,2024,385281,Trigger_dblEl,1,full_unprescaled_member_covers_run,True,2e-12
2024,2024,385281,Trigger_dblMu,1,validated_unprescaled_partial_ls_union,True,2e-12
2024,2024,385281,Trigger_sngEl,1,full_unprescaled_member_covers_run,True,2e-12
2024,2024,385281,Trigger_sngMu,1,validated_unprescaled_partial_ls_union,True,2e-12
2024,2024,385281,Trigger_Muon,2,validated_unprescaled_partial_ls_union,True,2e-12
2024,2024,385281,Trigger_EGamma,2,full_unprescaled_member_covers_run,True,2e-12
2024,2024,385281,Trigger_Any,7,full_unprescaled_member_covers_run,True,2e-12
2024,2024,385284,Trigger_ElMu,3,full_unprescaled_member_covers_run,True,2e-12
2024,2024,385284,Trigger_dblEl,1,full_unprescaled_member_covers_run,True,2e-12
2024,2024,385284,Trigger_dblMu,1,full_unprescaled_member_covers_run,True,2e-12
2024,2024,385284,Trigger_sngEl,1,full_unprescaled_member_covers_run,True,2e-12
2024,2024,385284,Trigger_sngMu,1,full_unprescaled_member_covers_run,True,2e-12
2024,2024,385284,Trigger_Muon,2,full_unprescaled_member_covers_run,True,2e-12
2024,2024,385284,Trigger_EGamma,2,full_unprescaled_member_covers_run,True,2e-12
2024,2024,385284,Trigger_Any,7,full_unprescaled_member_covers_run,True,2e-12
2024,2024,385285,Trigger_ElMu,3,full_unprescaled_member_covers_run,True,2e-12
2024,2024,385285,Trigger_dblEl,1,full_unprescaled_member_covers_run,True,2e-12
2024,2024,385285,Trigger_dblMu,1,validated_unprescaled_partial_ls_union,True,2e-12
2024,2024,385285,Trigger_sngEl,1,full_unprescaled_member_covers_run,True,2e-12
2024,2024,385285,Trigger_sngMu,1,validated_unprescaled_partial_ls_union,True,2e-12
2024,2024,385285,Trigger_Muon,2,validated_unprescaled_partial_ls_union,True,2e-12
2024,2024,385285,Trigger_EGamma,2,full_unprescaled_member_covers_run,True,2e-12
2024,2024,385285,Trigger_Any,7,full_unprescaled_member_covers_run,True,2e-12
2024,2024,385286,Trigger_ElMu,3,full_unprescaled_member_covers_run,True,2e-12
2024,2024,385286,Trigger_dblEl,1,full_unprescaled_member_covers_run,True,2e-12
2024,2024,385286,Trigger_dblMu,1,validated_unprescaled_partial_ls_union,True,2e-12
2024,2024,385286,Trigger_sngEl,1,full_unprescaled_member_covers_run,True,2e-12
2024,2024,385286,Trigger_sngMu,1,validated_unprescaled_partial_ls_union,True,2e-12
2024,2024,385286,Trigger_Muon,2,validated_unprescaled_partial_ls_union,True,2e-12
2024,2024,385286,Trigger_EGamma,2,full_unprescaled_member_covers_run,True,2e-12
2024,2024,385286,Trigger_Any,7,full_unprescaled_member_covers_run,True,2e-12
2024,2024,385311,Trigger_ElMu,3,full_unprescaled_member_covers_run,True,2e-12
2024,2024,385311,Trigger_dblEl,1,full_unprescaled_member_covers_run,True,2e-12
2024,2024,385311,Trigger_dblMu,1,full_unprescaled_member_covers_run,True,2e-12
2024,2024,385311,Trigger_sngEl,1,full_unprescaled_member_covers_run,True,2e-12
2024,2024,385311,Trigger_sngMu,1,full_unprescaled_member_covers_run,True,2e-12
2024,2024,385311,Trigger_Muon,2,full_unprescaled_member_covers_run,True,2e-12
2024,2024,385311,Trigger_EGamma,2,full_unprescaled_member_covers_run,True,2e-12
2024,2024,385311,Trigger_Any,7,full_unprescaled_member_covers_run,True,2e-12
2024,2024,385312,Trigger_ElMu,3,full_unprescaled_member_covers_run,True,2e-12
2024,2024,385312,Trigger_dblEl,1,full_unprescaled_member_covers_run,True,2e-12
2024,2024,385312,Trigger_dblMu,1,full_unprescaled_member_covers_run,True,2e-12
2024,2024,385312,Trigger_sngEl,1,full_unprescaled_member_covers_run,True,2e-12
2024,2024,385312,Trigger_sngMu,1,full_unprescaled_member_covers_run,True,2e-12
2024,2024,385312,Trigger_Muon,2,full_unprescaled_member_covers_run,True,2e-12
2024,2024,385312,Trigger_EGamma,2,full_unprescaled_member_covers_run,True,2e-12
2024,2024,385312,Trigger_Any,7,full_unprescaled_member_covers_run,True,2e-12
2024,2024,385324,Trigger_ElMu,3,validated_unprescaled_partial_ls_union,True,2e-12
2024,2024,385324,Trigger_dblEl,1,full_unprescaled_member_covers_run,True,2e-12
2024,2024,385324,Trigger_dblMu,1,full_unprescaled_member_covers_run,True,2e-12
2024,2024,385324,Trigger_sngEl,1,full_unprescaled_member_covers_run,True,2e-12
2024,2024,385324,Trigger_sngMu,1,full_unprescaled_member_covers_run,True,2e-12
2024,2024,385324,Trigger_Muon,2,full_unprescaled_member_covers_run,True,2e-12
2024,2024,385324,Trigger_EGamma,2,full_unprescaled_member_covers_run,True,2e-12
2024,2024,385324,Trigger_Any,7,full_unprescaled_member_covers_run,True,2e-12
2024,2024,385354,Trigger_ElMu,3,full_unprescaled_member_covers_run,True,2e-12
2024,2024,385354,Trigger_dblEl,1,full_unprescaled_member_covers_run,True,2e-12
2024,2024,385354,Trigger_dblMu,1,full_unprescaled_member_covers_run,True,2e-12
2024,2024,385354,Trigger_sngEl,1,full_unprescaled_member_covers_run,True,2e-12
2024,2024,385354,Trigger_sngMu,1,full_unprescaled_member_covers_run,True,2e-12
2024,2024,385354,Trigger_Muon,2,full_unprescaled_member_covers_run,True,2e-12
2024,2024,385354,Trigger_EGamma,2,full_unprescaled_member_covers_run,True,2e-12
2024,2024,385354,Trigger_Any,7,full_unprescaled_member_covers_run,True,2e-12
2024,2024,385355,Trigger_ElMu,3,validated_unprescaled_partial_ls_union,True,2e-12
2024,2024,385355,Trigger_dblEl,1,full_unprescaled_member_covers_run,True,2e-12
2024,2024,385355,Trigger_dblMu,1,full_unprescaled_member_covers_run,True,2e-12
2024,2024,385355,Trigger_sngEl,1,full_unprescaled_member_covers_run,True,2e-12
2024,2024,385355,Trigger_sngMu,1,full_unprescaled_member_covers_run,True,2e-12
2024,2024,385355,Trigger_Muon,2,full_unprescaled_member_covers_run,True,2e-12
2024,2024,385355,Trigger_EGamma,2,full_unprescaled_member_covers_run,True,2e-12
2024,2024,385355,Trigger_Any,7,full_unprescaled_member_covers_run,True,2e-12
2024,2024,385383,Trigger_ElMu,3,full_unprescaled_member_covers_run,True,2e-12
2024,2024,385383,Trigger_dblEl,1,full_unprescaled_member_covers_run,True,2e-12
2024,2024,385383,Trigger_dblMu,1,full_unprescaled_member_covers_run,True,2e-12
2024,2024,385383,Trigger_sngEl,1,full_unprescaled_member_covers_run,True,2e-12
2024,2024,385383,Trigger_sngMu,1,full_unprescaled_member_covers_run,True,2e-12
2024,2024,385383,Trigger_Muon,2,full_unprescaled_member_covers_run,True,2e-12
2024,2024,385383,Trigger_EGamma,2,full_unprescaled_member_covers_run,True,2e-12
2024,2024,385383,Trigger_Any,7,full_unprescaled_member_covers_run,True,2e-12
2024,2024,385386,Trigger_ElMu,3,full_unprescaled_member_covers_run,True,2e-12
2024,2024,385386,Trigger_dblEl,1,full_unprescaled_member_covers_run,True,2e-12
2024,2024,385386,Trigger_dblMu,1,full_unprescaled_member_covers_run,True,2e-12
2024,2024,385386,Trigger_sngEl,1,full_unprescaled_member_covers_run,True,2e-12
2024,2024,385386,Trigger_sngMu,1,full_unprescaled_member_covers_run,True,2e-12
2024,2024,385386,Trigger_Muon,2,full_unprescaled_member_covers_run,True,2e-12
2024,2024,385386,Trigger_EGamma,2,full_unprescaled_member_covers_run,True,2e-12
2024,2024,385386,Trigger_Any,7,full_unprescaled_member_covers_run,True,2e-12
2024,2024,385387,Trigger_ElMu,3,validated_unprescaled_partial_ls_union,True,2e-12
2024,2024,385387,Trigger_dblEl,1,validated_unprescaled_partial_ls_union,True,2e-12
2024,2024,385387,Trigger_dblMu,1,full_unprescaled_member_covers_run,True,2e-12
2024,2024,385387,Trigger_sngEl,1,validated_unprescaled_partial_ls_union,True,2e-12
2024,2024,385387,Trigger_sngMu,1,full_unprescaled_member_covers_run,True,2e-12
2024,2024,385387,Trigger_Muon,2,full_unprescaled_member_covers_run,True,2e-12
2024,2024,385387,Trigger_EGamma,2,validated_unprescaled_partial_ls_union,True,2e-12
2024,2024,385387,Trigger_Any,7,full_unprescaled_member_covers_run,True,2e-12
2024,2024,385390,Trigger_ElMu,3,full_unprescaled_member_covers_run,True,2e-12
2024,2024,385390,Trigger_dblEl,1,full_unprescaled_member_covers_run,True,2e-12
2024,2024,385390,Trigger_dblMu,1,full_unprescaled_member_covers_run,True,2e-12
2024,2024,385390,Trigger_sngEl,1,full_unprescaled_member_covers_run,True,2e-12
2024,2024,385390,Trigger_sngMu,1,full_unprescaled_member_covers_run,True,2e-12
2024,2024,385390,Trigger_Muon,2,full_unprescaled_member_covers_run,True,2e-12
2024,2024,385390,Trigger_EGamma,2,full_unprescaled_member_covers_run,True,2e-12
2024,2024,385390,Trigger_Any,7,full_unprescaled_member_covers_run,True,2e-12
2024,2024,385391,Trigger_ElMu,3,validated_unprescaled_partial_ls_union,True,2e-12
2024,2024,385391,Trigger_dblEl,1,full_unprescaled_member_covers_run,True,2e-12
2024,2024,385391,Trigger_dblMu,1,full_unprescaled_member_covers_run,True,2e-12
2024,2024,385391,Trigger_sngEl,1,full_unprescaled_member_covers_run,True,2e-12
2024,2024,385391,Trigger_sngMu,1,full_unprescaled_member_covers_run,True,2e-12
2024,2024,385391,Trigger_Muon,2,full_unprescaled_member_covers_run,True,2e-12
2024,2024,385391,Trigger_EGamma,2,full_unprescaled_member_covers_run,True,2e-12
2024,2024,385391,Trigger_Any,7,full_unprescaled_member_covers_run,True,2e-12
2024,2024,385408,Trigger_ElMu,3,full_unprescaled_member_covers_run,True,2e-12
2024,2024,385408,Trigger_dblEl,1,full_unprescaled_member_covers_run,True,2e-12
2024,2024,385408,Trigger_dblMu,1,full_unprescaled_member_covers_run,True,2e-12
2024,2024,385408,Trigger_sngEl,1,full_unprescaled_member_covers_run,True,2e-12
2024,2024,385408,Trigger_sngMu,1,full_unprescaled_member_covers_run,True,2e-12
2024,2024,385408,Trigger_Muon,2,full_unprescaled_member_covers_run,True,2e-12
2024,2024,385408,Trigger_EGamma,2,full_unprescaled_member_covers_run,True,2e-12
2024,2024,385408,Trigger_Any,7,full_unprescaled_member_covers_run,True,2e-12
2024,2024,385415,Trigger_ElMu,3,full_unprescaled_member_covers_run,True,2e-12
2024,2024,385415,Trigger_dblEl,1,full_unprescaled_member_covers_run,True,2e-12
2024,2024,385415,Trigger_dblMu,1,full_unprescaled_member_covers_run,True,2e-12
2024,2024,385415,Trigger_sngEl,1,full_unprescaled_member_covers_run,True,2e-12
2024,2024,385415,Trigger_sngMu,1,full_unprescaled_member_covers_run,True,2e-12
2024,2024,385415,Trigger_Muon,2,full_unprescaled_member_covers_run,True,2e-12
2024,2024,385415,Trigger_EGamma,2,full_unprescaled_member_covers_run,True,2e-12
2024,2024,385415,Trigger_Any,7,full_unprescaled_member_covers_run,True,2e-12
2024,2024,385422,Trigger_ElMu,3,validated_unprescaled_partial_ls_union,True,2e-12
2024,2024,385422,Trigger_dblEl,1,full_unprescaled_member_covers_run,True,2e-12
2024,2024,385422,Trigger_dblMu,1,validated_unprescaled_partial_ls_union,True,2e-12
2024,2024,385422,Trigger_sngEl,1,full_unprescaled_member_covers_run,True,2e-12
2024,2024,385422,Trigger_sngMu,1,validated_unprescaled_partial_ls_union,True,2e-12
2024,2024,385422,Trigger_Muon,2,validated_unprescaled_partial_ls_union,True,2e-12
2024,2024,385422,Trigger_EGamma,2,full_unprescaled_member_covers_run,True,2e-12
2024,2024,385422,Trigger_Any,7,full_unprescaled_member_covers_run,True,2e-12
2024,2024,385423,Trigger_ElMu,3,full_unprescaled_member_covers_run,True,2e-12
2024,2024,385423,Trigger_dblEl,1,full_unprescaled_member_covers_run,True,2e-12
2024,2024,385423,Trigger_dblMu,1,full_unprescaled_member_covers_run,True,2e-12
2024,2024,385423,Trigger_sngEl,1,full_unprescaled_member_covers_run,True,2e-12
2024,2024,385423,Trigger_sngMu,1,full_unprescaled_member_covers_run,True,2e-12
2024,2024,385423,Trigger_Muon,2,full_unprescaled_member_covers_run,True,2e-12
2024,2024,385423,Trigger_EGamma,2,full_unprescaled_member_covers_run,True,2e-12
2024,2024,385423,Trigger_Any,7,full_unprescaled_member_covers_run,True,2e-12
2024,2024,385424,Trigger_ElMu,3,validated_unprescaled_partial_ls_union,True,2e-12
2024,2024,385424,Trigger_dblEl,1,full_unprescaled_member_covers_run,True,2e-12
2024,2024,385424,Trigger_dblMu,1,validated_unprescaled_partial_ls_union,True,2e-12
2024,2024,385424,Trigger_sngEl,1,full_unprescaled_member_covers_run,True,2e-12
2024,2024,385424,Trigger_sngMu,1,validated_unprescaled_partial_ls_union,True,2e-12
2024,2024,385424,Trigger_Muon,2,validated_unprescaled_partial_ls_union,True,2e-12
2024,2024,385424,Trigger_EGamma,2,full_unprescaled_member_covers_run,True,2e-12
2024,2024,385424,Trigger_Any,7,full_unprescaled_member_covers_run,True,2e-12
2024,2024,385437,Trigger_ElMu,3,full_unprescaled_member_covers_run,True,2e-12
2024,2024,385437,Trigger_dblEl,1,full_unprescaled_member_covers_run,True,2e-12
2024,2024,385437,Trigger_dblMu,1,full_unprescaled_member_covers_run,True,2e-12
2024,2024,385437,Trigger_sngEl,1,full_unprescaled_member_covers_run,True,2e-12
2024,2024,385437,Trigger_sngMu,1,full_unprescaled_member_covers_run,True,2e-12
2024,2024,385437,Trigger_Muon,2,full_unprescaled_member_covers_run,True,2e-12
2024,2024,385437,Trigger_EGamma,2,full_unprescaled_member_covers_run,True,2e-12
2024,2024,385437,Trigger_Any,7,full_unprescaled_member_covers_run,True,2e-12
2024,2024,385443,Trigger_ElMu,3,full_unprescaled_member_covers_run,True,2e-12
2024,2024,385443,Trigger_dblEl,1,full_unprescaled_member_covers_run,True,2e-12
2024,2024,385443,Trigger_dblMu,1,full_unprescaled_member_covers_run,True,2e-12
2024,2024,385443,Trigger_sngEl,1,full_unprescaled_member_covers_run,True,2e-12
2024,2024,385443,Trigger_sngMu,1,full_unprescaled_member_covers_run,True,2e-12
2024,2024,385443,Trigger_Muon,2,full_unprescaled_member_covers_run,True,2e-12
2024,2024,385443,Trigger_EGamma,2,full_unprescaled_member_covers_run,True,2e-12
2024,2024,385443,Trigger_Any,7,full_unprescaled_member_covers_run,True,2e-12
2024,2024,385444,Trigger_ElMu,3,full_unprescaled_member_covers_run,True,2e-12
2024,2024,385444,Trigger_dblEl,1,full_unprescaled_member_covers_run,True,2e-12
2024,2024,385444,Trigger_dblMu,1,full_unprescaled_member_covers_run,True,2e-12
2024,2024,385444,Trigger_sngEl,1,full_unprescaled_member_covers_run,True,2e-12
2024,2024,385444,Trigger_sngMu,1,full_unprescaled_member_covers_run,True,2e-12
2024,2024,385444,Trigger_Muon,2,full_unprescaled_member_covers_run,True,2e-12
2024,2024,385444,Trigger_EGamma,2,full_unprescaled_member_covers_run,True,2e-12
2024,2024,385444,Trigger_Any,7,full_unprescaled_member_covers_run,True,2e-12
2024,2024,385447,Trigger_ElMu,3,full_unprescaled_member_covers_run,True,2e-12
2024,2024,385447,Trigger_dblEl,1,full_unprescaled_member_covers_run,True,2e-12
2024,2024,385447,Trigger_dblMu,1,full_unprescaled_member_covers_run,True,2e-12
2024,2024,385447,Trigger_sngEl,1,full_unprescaled_member_covers_run,True,2e-12
2024,2024,385447,Trigger_sngMu,1,full_unprescaled_member_covers_run,True,2e-12
2024,2024,385447,Trigger_Muon,2,full_unprescaled_member_covers_run,True,2e-12
2024,2024,385447,Trigger_EGamma,2,full_unprescaled_member_covers_run,True,2e-12
2024,2024,385447,Trigger_Any,7,full_unprescaled_member_covers_run,True,2e-12
2024,2024,385474,Trigger_ElMu,3,full_unprescaled_member_covers_run,True,2e-12
2024,2024,385474,Trigger_dblEl,1,full_unprescaled_member_covers_run,True,2e-12
2024,2024,385474,Trigger_dblMu,1,full_unprescaled_member_covers_run,True,2e-12
2024,2024,385474,Trigger_sngEl,1,full_unprescaled_member_covers_run,True,2e-12
2024,2024,385474,Trigger_sngMu,1,full_unprescaled_member_covers_run,True,2e-12
2024,2024,385474,Trigger_Muon,2,full_unprescaled_member_covers_run,True,2e-12
2024,2024,385474,Trigger_EGamma,2,full_unprescaled_member_covers_run,True,2e-12
2024,2024,385474,Trigger_Any,7,full_unprescaled_member_covers_run,True,2e-12
2024,2024,385478,Trigger_ElMu,3,full_unprescaled_member_covers_run,True,2e-12
2024,2024,385478,Trigger_dblEl,1,full_unprescaled_member_covers_run,True,2e-12
2024,2024,385478,Trigger_dblMu,1,full_unprescaled_member_covers_run,True,2e-12
2024,2024,385478,Trigger_sngEl,1,full_unprescaled_member_covers_run,True,2e-12
2024,2024,385478,Trigger_sngMu,1,full_unprescaled_member_covers_run,True,2e-12
2024,2024,385478,Trigger_Muon,2,full_unprescaled_member_covers_run,True,2e-12
2024,2024,385478,Trigger_EGamma,2,full_unprescaled_member_covers_run,True,2e-12
2024,2024,385478,Trigger_Any,7,full_unprescaled_member_covers_run,True,2e-12
2024,2024,385480,Trigger_ElMu,3,full_unprescaled_member_covers_run,True,2e-12
2024,2024,385480,Trigger_dblEl,1,full_unprescaled_member_covers_run,True,2e-12
2024,2024,385480,Trigger_dblMu,1,full_unprescaled_member_covers_run,True,2e-12
2024,2024,385480,Trigger_sngEl,1,full_unprescaled_member_covers_run,True,2e-12
2024,2024,385480,Trigger_sngMu,1,full_unprescaled_member_covers_run,True,2e-12
2024,2024,385480,Trigger_Muon,2,full_unprescaled_member_covers_run,True,2e-12
2024,2024,385480,Trigger_EGamma,2,full_unprescaled_member_covers_run,True,2e-12
2024,2024,385480,Trigger_Any,7,full_unprescaled_member_covers_run,True,2e-12
2024,2024,385481,Trigger_ElMu,3,full_unprescaled_member_covers_run,True,2e-12
2024,2024,385481,Trigger_dblEl,1,full_unprescaled_member_covers_run,True,2e-12
2024,2024,385481,Trigger_dblMu,1,full_unprescaled_member_covers_run,True,2e-12
2024,2024,385481,Trigger_sngEl,1,full_unprescaled_member_covers_run,True,2e-12
2024,2024,385481,Trigger_sngMu,1,full_unprescaled_member_covers_run,True,2e-12
2024,2024,385481,Trigger_Muon,2,full_unprescaled_member_covers_run,True,2e-12
2024,2024,385481,Trigger_EGamma,2,full_unprescaled_member_covers_run,True,2e-12
2024,2024,385481,Trigger_Any,7,full_unprescaled_member_covers_run,True,2e-12
2024,2024,385483,Trigger_ElMu,3,full_unprescaled_member_covers_run,True,2e-12
2024,2024,385483,Trigger_dblEl,1,full_unprescaled_member_covers_run,True,2e-12
2024,2024,385483,Trigger_dblMu,1,full_unprescaled_member_covers_run,True,2e-12
2024,2024,385483,Trigger_sngEl,1,full_unprescaled_member_covers_run,True,2e-12
2024,2024,385483,Trigger_sngMu,1,full_unprescaled_member_covers_run,True,2e-12
2024,2024,385483,Trigger_Muon,2,full_unprescaled_member_covers_run,True,2e-12
2024,2024,385483,Trigger_EGamma,2,full_unprescaled_member_covers_run,True,2e-12
2024,2024,385483,Trigger_Any,7,full_unprescaled_member_covers_run,True,2e-12
2024,2024,385484,Trigger_ElMu,3,full_unprescaled_member_covers_run,True,2e-12
2024,2024,385484,Trigger_dblEl,1,full_unprescaled_member_covers_run,True,2e-12
2024,2024,385484,Trigger_dblMu,1,full_unprescaled_member_covers_run,True,2e-12
2024,2024,385484,Trigger_sngEl,1,full_unprescaled_member_covers_run,True,2e-12
2024,2024,385484,Trigger_sngMu,1,full_unprescaled_member_covers_run,True,2e-12
2024,2024,385484,Trigger_Muon,2,full_unprescaled_member_covers_run,True,2e-12
2024,2024,385484,Trigger_EGamma,2,full_unprescaled_member_covers_run,True,2e-12
2024,2024,385484,Trigger_Any,7,full_unprescaled_member_covers_run,True,2e-12
2024,2024,385511,Trigger_ElMu,3,full_unprescaled_member_covers_run,True,2e-12
2024,2024,385511,Trigger_dblEl,1,full_unprescaled_member_covers_run,True,2e-12
2024,2024,385511,Trigger_dblMu,1,full_unprescaled_member_covers_run,True,2e-12
2024,2024,385511,Trigger_sngEl,1,full_unprescaled_member_covers_run,True,2e-12
2024,2024,385511,Trigger_sngMu,1,full_unprescaled_member_covers_run,True,2e-12
2024,2024,385511,Trigger_Muon,2,full_unprescaled_member_covers_run,True,2e-12
2024,2024,385511,Trigger_EGamma,2,full_unprescaled_member_covers_run,True,2e-12
2024,2024,385511,Trigger_Any,7,full_unprescaled_member_covers_run,True,2e-12
2024,2024,385512,Trigger_ElMu,3,full_unprescaled_member_covers_run,True,2e-12
2024,2024,385512,Trigger_dblEl,1,full_unprescaled_member_covers_run,True,2e-12
2024,2024,385512,Trigger_dblMu,1,full_unprescaled_member_covers_run,True,2e-12
2024,2024,385512,Trigger_sngEl,1,full_unprescaled_member_covers_run,True,2e-12
2024,2024,385512,Trigger_sngMu,1,full_unprescaled_member_covers_run,True,2e-12
2024,2024,385512,Trigger_Muon,2,full_unprescaled_member_covers_run,True,2e-12
2024,2024,385512,Trigger_EGamma,2,full_unprescaled_member_covers_run,True,2e-12
2024,2024,385512,Trigger_Any,7,full_unprescaled_member_covers_run,True,2e-12
2024,2024,385513,Trigger_ElMu,3,full_unprescaled_member_covers_run,True,2e-12
2024,2024,385513,Trigger_dblEl,1,full_unprescaled_member_covers_run,True,2e-12
2024,2024,385513,Trigger_dblMu,1,full_unprescaled_member_covers_run,True,2e-12
2024,2024,385513,Trigger_sngEl,1,full_unprescaled_member_covers_run,True,2e-12
2024,2024,385513,Trigger_sngMu,1,full_unprescaled_member_covers_run,True,2e-12
2024,2024,385513,Trigger_Muon,2,full_unprescaled_member_covers_run,True,2e-12
2024,2024,385513,Trigger_EGamma,2,full_unprescaled_member_covers_run,True,2e-12
2024,2024,385513,Trigger_Any,7,full_unprescaled_member_covers_run,True,2e-12
2024,2024,385514,Trigger_ElMu,3,full_unprescaled_member_covers_run,True,2e-12
2024,2024,385514,Trigger_dblEl,1,full_unprescaled_member_covers_run,True,2e-12
2024,2024,385514,Trigger_dblMu,1,full_unprescaled_member_covers_run,True,2e-12
2024,2024,385514,Trigger_sngEl,1,full_unprescaled_member_covers_run,True,2e-12
2024,2024,385514,Trigger_sngMu,1,full_unprescaled_member_covers_run,True,2e-12
2024,2024,385514,Trigger_Muon,2,full_unprescaled_member_covers_run,True,2e-12
2024,2024,385514,Trigger_EGamma,2,full_unprescaled_member_covers_run,True,2e-12
2024,2024,385514,Trigger_Any,7,full_unprescaled_member_covers_run,True,2e-12
2024,2024,385515,Trigger_ElMu,3,full_unprescaled_member_covers_run,True,2e-12
2024,2024,385515,Trigger_dblEl,1,full_unprescaled_member_covers_run,True,2e-12
2024,2024,385515,Trigger_dblMu,1,full_unprescaled_member_covers_run,True,2e-12
2024,2024,385515,Trigger_sngEl,1,full_unprescaled_member_covers_run,True,2e-12
2024,2024,385515,Trigger_sngMu,1,full_unprescaled_member_covers_run,True,2e-12
2024,2024,385515,Trigger_Muon,2,full_unprescaled_member_covers_run,True,2e-12
2024,2024,385515,Trigger_EGamma,2,full_unprescaled_member_covers_run,True,2e-12
2024,2024,385515,Trigger_Any,7,full_unprescaled_member_covers_run,True,2e-12
2024,2024,385567,Trigger_ElMu,3,validated_unprescaled_partial_ls_union,True,2e-12
2024,2024,385567,Trigger_dblEl,1,validated_unprescaled_partial_ls_union,True,2e-12
2024,2024,385567,Trigger_dblMu,1,validated_unprescaled_partial_ls_union,True,2e-12
2024,2024,385567,Trigger_sngEl,1,validated_unprescaled_partial_ls_union,True,2e-12
2024,2024,385567,Trigger_sngMu,1,validated_unprescaled_partial_ls_union,True,2e-12
2024,2024,385567,Trigger_Muon,2,validated_unprescaled_partial_ls_union,True,2e-12
2024,2024,385567,Trigger_EGamma,2,validated_unprescaled_partial_ls_union,True,2e-12
2024,2024,385567,Trigger_Any,7,validated_unprescaled_partial_ls_union,True,2e-12
2024,2024,385568,Trigger_ElMu,3,full_unprescaled_member_covers_run,True,2e-12
2024,2024,385568,Trigger_dblEl,1,full_unprescaled_member_covers_run,True,2e-12
2024,2024,385568,Trigger_dblMu,1,full_unprescaled_member_covers_run,True,2e-12
2024,2024,385568,Trigger_sngEl,1,full_unprescaled_member_covers_run,True,2e-12
2024,2024,385568,Trigger_sngMu,1,full_unprescaled_member_covers_run,True,2e-12
2024,2024,385568,Trigger_Muon,2,full_unprescaled_member_covers_run,True,2e-12
2024,2024,385568,Trigger_EGamma,2,full_unprescaled_member_covers_run,True,2e-12
2024,2024,385568,Trigger_Any,7,full_unprescaled_member_covers_run,True,2e-12
2024,2024,385589,Trigger_ElMu,3,full_unprescaled_member_covers_run,True,2e-12
2024,2024,385589,Trigger_dblEl,1,full_unprescaled_member_covers_run,True,2e-12
2024,2024,385589,Trigger_dblMu,1,full_unprescaled_member_covers_run,True,2e-12
2024,2024,385589,Trigger_sngEl,1,full_unprescaled_member_covers_run,True,2e-12
2024,2024,385589,Trigger_sngMu,1,full_unprescaled_member_covers_run,True,2e-12
2024,2024,385589,Trigger_Muon,2,full_unprescaled_member_covers_run,True,2e-12
2024,2024,385589,Trigger_EGamma,2,full_unprescaled_member_covers_run,True,2e-12
2024,2024,385589,Trigger_Any,7,full_unprescaled_member_covers_run,True,2e-12
2024,2024,385591,Trigger_ElMu,3,full_unprescaled_member_covers_run,True,2e-12
2024,2024,385591,Trigger_dblEl,1,full_unprescaled_member_covers_run,True,2e-12
2024,2024,385591,Trigger_dblMu,1,validated_unprescaled_partial_ls_union,True,2e-12
2024,2024,385591,Trigger_sngEl,1,full_unprescaled_member_covers_run,True,2e-12
2024,2024,385591,Trigger_sngMu,1,validated_unprescaled_partial_ls_union,True,2e-12
2024,2024,385591,Trigger_Muon,2,validated_unprescaled_partial_ls_union,True,2e-12
2024,2024,385591,Trigger_EGamma,2,full_unprescaled_member_covers_run,True,2e-12
2024,2024,385591,Trigger_Any,7,full_unprescaled_member_covers_run,True,2e-12
2024,2024,385592,Trigger_ElMu,3,full_unprescaled_member_covers_run,True,2e-12
2024,2024,385592,Trigger_dblEl,1,full_unprescaled_member_covers_run,True,2e-12
2024,2024,385592,Trigger_dblMu,1,full_unprescaled_member_covers_run,True,2e-12
2024,2024,385592,Trigger_sngEl,1,full_unprescaled_member_covers_run,True,2e-12
2024,2024,385592,Trigger_sngMu,1,full_unprescaled_member_covers_run,True,2e-12
2024,2024,385592,Trigger_Muon,2,full_unprescaled_member_covers_run,True,2e-12
2024,2024,385592,Trigger_EGamma,2,full_unprescaled_member_covers_run,True,2e-12
2024,2024,385592,Trigger_Any,7,full_unprescaled_member_covers_run,True,2e-12
2024,2024,385604,Trigger_ElMu,3,full_unprescaled_member_covers_run,True,2e-12
2024,2024,385604,Trigger_dblEl,1,full_unprescaled_member_covers_run,True,2e-12
2024,2024,385604,Trigger_dblMu,1,full_unprescaled_member_covers_run,True,2e-12
2024,2024,385604,Trigger_sngEl,1,full_unprescaled_member_covers_run,True,2e-12
2024,2024,385604,Trigger_sngMu,1,full_unprescaled_member_covers_run,True,2e-12
2024,2024,385604,Trigger_Muon,2,full_unprescaled_member_covers_run,True,2e-12
2024,2024,385604,Trigger_EGamma,2,full_unprescaled_member_covers_run,True,2e-12
2024,2024,385604,Trigger_Any,7,full_unprescaled_member_covers_run,True,2e-12
2024,2024,385606,Trigger_ElMu,3,validated_unprescaled_partial_ls_union,True,2e-12
2024,2024,385606,Trigger_dblEl,1,full_unprescaled_member_covers_run,True,2e-12
2024,2024,385606,Trigger_dblMu,1,full_unprescaled_member_covers_run,True,2e-12
2024,2024,385606,Trigger_sngEl,1,full_unprescaled_member_covers_run,True,2e-12
2024,2024,385606,Trigger_sngMu,1,full_unprescaled_member_covers_run,True,2e-12
2024,2024,385606,Trigger_Muon,2,full_unprescaled_member_covers_run,True,2e-12
2024,2024,385606,Trigger_EGamma,2,full_unprescaled_member_covers_run,True,2e-12
2024,2024,385606,Trigger_Any,7,full_unprescaled_member_covers_run,True,2e-12
2024,2024,385618,Trigger_ElMu,3,validated_unprescaled_partial_ls_union,True,2e-12
2024,2024,385618,Trigger_dblEl,1,validated_unprescaled_partial_ls_union,True,2e-12
2024,2024,385618,Trigger_dblMu,1,validated_unprescaled_partial_ls_union,True,2e-12
2024,2024,385618,Trigger_sngEl,1,validated_unprescaled_partial_ls_union,True,2e-12
2024,2024,385618,Trigger_sngMu,1,validated_unprescaled_partial_ls_union,True,2e-12
2024,2024,385618,Trigger_Muon,2,validated_unprescaled_partial_ls_union,True,2e-12
2024,2024,385618,Trigger_EGamma,2,validated_unprescaled_partial_ls_union,True,2e-12
2024,2024,385618,Trigger_Any,7,validated_unprescaled_partial_ls_union,True,2e-12
2024,2024,385619,Trigger_ElMu,3,full_unprescaled_member_covers_run,True,2e-12
2024,2024,385619,Trigger_dblEl,1,full_unprescaled_member_covers_run,True,2e-12
2024,2024,385619,Trigger_dblMu,1,full_unprescaled_member_covers_run,True,2e-12
2024,2024,385619,Trigger_sngEl,1,full_unprescaled_member_covers_run,True,2e-12
2024,2024,385619,Trigger_sngMu,1,full_unprescaled_member_covers_run,True,2e-12
2024,2024,385619,Trigger_Muon,2,full_unprescaled_member_covers_run,True,2e-12
2024,2024,385619,Trigger_EGamma,2,full_unprescaled_member_covers_run,True,2e-12
2024,2024,385619,Trigger_Any,7,full_unprescaled_member_covers_run,True,2e-12
2024,2024,385620,Trigger_ElMu,3,full_unprescaled_member_covers_run,True,2e-12
2024,2024,385620,Trigger_dblEl,1,full_unprescaled_member_covers_run,True,2e-12
2024,2024,385620,Trigger_dblMu,1,full_unprescaled_member_covers_run,True,2e-12
2024,2024,385620,Trigger_sngEl,1,full_unprescaled_member_covers_run,True,2e-12
2024,2024,385620,Trigger_sngMu,1,full_unprescaled_member_covers_run,True,2e-12
2024,2024,385620,Trigger_Muon,2,full_unprescaled_member_covers_run,True,2e-12
2024,2024,385620,Trigger_EGamma,2,full_unprescaled_member_covers_run,True,2e-12
2024,2024,385620,Trigger_Any,7,full_unprescaled_member_covers_run,True,2e-12
2024,2024,385697,Trigger_ElMu,3,full_unprescaled_member_covers_run,True,2e-12
2024,2024,385697,Trigger_dblEl,1,full_unprescaled_member_covers_run,True,2e-12
2024,2024,385697,Trigger_dblMu,1,full_unprescaled_member_covers_run,True,2e-12
2024,2024,385697,Trigger_sngEl,1,full_unprescaled_member_covers_run,True,2e-12
2024,2024,385697,Trigger_sngMu,1,full_unprescaled_member_covers_run,True,2e-12
2024,2024,385697,Trigger_Muon,2,full_unprescaled_member_covers_run,True,2e-12
2024,2024,385697,Trigger_EGamma,2,full_unprescaled_member_covers_run,True,2e-12
2024,2024,385697,Trigger_Any,7,full_unprescaled_member_covers_run,True,2e-12
2024,2024,385712,Trigger_ElMu,3,full_unprescaled_member_covers_run,True,2e-12
2024,2024,385712,Trigger_dblEl,1,full_unprescaled_member_covers_run,True,2e-12
2024,2024,385712,Trigger_dblMu,1,full_unprescaled_member_covers_run,True,2e-12
2024,2024,385712,Trigger_sngEl,1,full_unprescaled_member_covers_run,True,2e-12
2024,2024,385712,Trigger_sngMu,1,full_unprescaled_member_covers_run,True,2e-12
2024,2024,385712,Trigger_Muon,2,full_unprescaled_member_covers_run,True,2e-12
2024,2024,385712,Trigger_EGamma,2,full_unprescaled_member_covers_run,True,2e-12
2024,2024,385712,Trigger_Any,7,full_unprescaled_member_covers_run,True,2e-12
2024,2024,385713,Trigger_ElMu,3,full_unprescaled_member_covers_run,True,2e-12
2024,2024,385713,Trigger_dblEl,1,full_unprescaled_member_covers_run,True,2e-12
2024,2024,385713,Trigger_dblMu,1,full_unprescaled_member_covers_run,True,2e-12
2024,2024,385713,Trigger_sngEl,1,full_unprescaled_member_covers_run,True,2e-12
2024,2024,385713,Trigger_sngMu,1,full_unprescaled_member_covers_run,True,2e-12
2024,2024,385713,Trigger_Muon,2,full_unprescaled_member_covers_run,True,2e-12
2024,2024,385713,Trigger_EGamma,2,full_unprescaled_member_covers_run,True,2e-12
2024,2024,385713,Trigger_Any,7,full_unprescaled_member_covers_run,True,2e-12
2024,2024,385727,Trigger_ElMu,3,full_unprescaled_member_covers_run,True,2e-12
2024,2024,385727,Trigger_dblEl,1,full_unprescaled_member_covers_run,True,2e-12
2024,2024,385727,Trigger_dblMu,1,full_unprescaled_member_covers_run,True,2e-12
2024,2024,385727,Trigger_sngEl,1,full_unprescaled_member_covers_run,True,2e-12
2024,2024,385727,Trigger_sngMu,1,full_unprescaled_member_covers_run,True,2e-12
2024,2024,385727,Trigger_Muon,2,full_unprescaled_member_covers_run,True,2e-12
2024,2024,385727,Trigger_EGamma,2,full_unprescaled_member_covers_run,True,2e-12
2024,2024,385727,Trigger_Any,7,full_unprescaled_member_covers_run,True,2e-12
2024,2024,385728,Trigger_ElMu,3,full_unprescaled_member_covers_run,True,2e-12
2024,2024,385728,Trigger_dblEl,1,full_unprescaled_member_covers_run,True,2e-12
2024,2024,385728,Trigger_dblMu,1,validated_unprescaled_partial_ls_union,True,2e-12
2024,2024,385728,Trigger_sngEl,1,full_unprescaled_member_covers_run,True,2e-12
2024,2024,385728,Trigger_sngMu,1,validated_unprescaled_partial_ls_union,True,2e-12
2024,2024,385728,Trigger_Muon,2,validated_unprescaled_partial_ls_union,True,2e-12
2024,2024,385728,Trigger_EGamma,2,full_unprescaled_member_covers_run,True,2e-12
2024,2024,385728,Trigger_Any,7,full_unprescaled_member_covers_run,True,2e-12
2024,2024,385738,Trigger_ElMu,3,validated_unprescaled_partial_ls_union,True,2e-12
2024,2024,385738,Trigger_dblEl,1,full_unprescaled_member_covers_run,True,2e-12
2024,2024,385738,Trigger_dblMu,1,full_unprescaled_member_covers_run,True,2e-12
2024,2024,385738,Trigger_sngEl,1,full_unprescaled_member_covers_run,True,2e-12
2024,2024,385738,Trigger_sngMu,1,full_unprescaled_member_covers_run,True,2e-12
2024,2024,385738,Trigger_Muon,2,full_unprescaled_member_covers_run,True,2e-12
2024,2024,385738,Trigger_EGamma,2,full_unprescaled_member_covers_run,True,2e-12
2024,2024,385738,Trigger_Any,7,full_unprescaled_member_covers_run,True,2e-12
2024,2024,385739,Trigger_ElMu,3,full_unprescaled_member_covers_run,True,2e-12
2024,2024,385739,Trigger_dblEl,1,full_unprescaled_member_covers_run,True,2e-12
2024,2024,385739,Trigger_dblMu,1,full_unprescaled_member_covers_run,True,2e-12
2024,2024,385739,Trigger_sngEl,1,full_unprescaled_member_covers_run,True,2e-12
2024,2024,385739,Trigger_sngMu,1,full_unprescaled_member_covers_run,True,2e-12
2024,2024,385739,Trigger_Muon,2,full_unprescaled_member_covers_run,True,2e-12
2024,2024,385739,Trigger_EGamma,2,full_unprescaled_member_covers_run,True,2e-12
2024,2024,385739,Trigger_Any,7,full_unprescaled_member_covers_run,True,2e-12
2024,2024,385754,Trigger_ElMu,3,full_unprescaled_member_covers_run,True,2e-12
2024,2024,385754,Trigger_dblEl,1,full_unprescaled_member_covers_run,True,2e-12
2024,2024,385754,Trigger_dblMu,1,full_unprescaled_member_covers_run,True,2e-12
2024,2024,385754,Trigger_sngEl,1,full_unprescaled_member_covers_run,True,2e-12
2024,2024,385754,Trigger_sngMu,1,full_unprescaled_member_covers_run,True,2e-12
2024,2024,385754,Trigger_Muon,2,full_unprescaled_member_covers_run,True,2e-12
2024,2024,385754,Trigger_EGamma,2,full_unprescaled_member_covers_run,True,2e-12
2024,2024,385754,Trigger_Any,7,full_unprescaled_member_covers_run,True,2e-12
2024,2024,385764,Trigger_ElMu,3,validated_unprescaled_partial_ls_union,True,2e-12
2024,2024,385764,Trigger_dblEl,1,validated_unprescaled_partial_ls_union,True,2e-12
2024,2024,385764,Trigger_dblMu,1,validated_unprescaled_partial_ls_union,True,2e-12
2024,2024,385764,Trigger_sngEl,1,validated_unprescaled_partial_ls_union,True,2e-12
2024,2024,385764,Trigger_sngMu,1,validated_unprescaled_partial_ls_union,True,2e-12
2024,2024,385764,Trigger_Muon,2,validated_unprescaled_partial_ls_union,True,2e-12
2024,2024,385764,Trigger_EGamma,2,validated_unprescaled_partial_ls_union,True,2e-12
2024,2024,385764,Trigger_Any,7,validated_unprescaled_partial_ls_union,True,2e-12
2024,2024,385799,Trigger_ElMu,3,full_unprescaled_member_covers_run,True,2e-12
2024,2024,385799,Trigger_dblEl,1,full_unprescaled_member_covers_run,True,2e-12
2024,2024,385799,Trigger_dblMu,1,full_unprescaled_member_covers_run,True,2e-12
2024,2024,385799,Trigger_sngEl,1,full_unprescaled_member_covers_run,True,2e-12
2024,2024,385799,Trigger_sngMu,1,full_unprescaled_member_covers_run,True,2e-12
2024,2024,385799,Trigger_Muon,2,full_unprescaled_member_covers_run,True,2e-12
2024,2024,385799,Trigger_EGamma,2,full_unprescaled_member_covers_run,True,2e-12
2024,2024,385799,Trigger_Any,7,full_unprescaled_member_covers_run,True,2e-12
2024,2024,385801,Trigger_ElMu,3,full_unprescaled_member_covers_run,True,2e-12
2024,2024,385801,Trigger_dblEl,1,full_unprescaled_member_covers_run,True,2e-12
2024,2024,385801,Trigger_dblMu,1,full_unprescaled_member_covers_run,True,2e-12
2024,2024,385801,Trigger_sngEl,1,full_unprescaled_member_covers_run,True,2e-12
2024,2024,385801,Trigger_sngMu,1,full_unprescaled_member_covers_run,True,2e-12
2024,2024,385801,Trigger_Muon,2,full_unprescaled_member_covers_run,True,2e-12
2024,2024,385801,Trigger_EGamma,2,full_unprescaled_member_covers_run,True,2e-12
2024,2024,385801,Trigger_Any,7,full_unprescaled_member_covers_run,True,2e-12
2024,2024,385836,Trigger_ElMu,3,full_unprescaled_member_covers_run,True,2e-12
2024,2024,385836,Trigger_dblEl,1,full_unprescaled_member_covers_run,True,2e-12
2024,2024,385836,Trigger_dblMu,1,full_unprescaled_member_covers_run,True,2e-12
2024,2024,385836,Trigger_sngEl,1,full_unprescaled_member_covers_run,True,2e-12
2024,2024,385836,Trigger_sngMu,1,full_unprescaled_member_covers_run,True,2e-12
2024,2024,385836,Trigger_Muon,2,full_unprescaled_member_covers_run,True,2e-12
2024,2024,385836,Trigger_EGamma,2,full_unprescaled_member_covers_run,True,2e-12
2024,2024,385836,Trigger_Any,7,full_unprescaled_member_covers_run,True,2e-12
2024,2024,385842,Trigger_ElMu,3,full_unprescaled_member_covers_run,True,2e-12
2024,2024,385842,Trigger_dblEl,1,full_unprescaled_member_covers_run,True,2e-12
2024,2024,385842,Trigger_dblMu,1,full_unprescaled_member_covers_run,True,2e-12
2024,2024,385842,Trigger_sngEl,1,full_unprescaled_member_covers_run,True,2e-12
2024,2024,385842,Trigger_sngMu,1,full_unprescaled_member_covers_run,True,2e-12
2024,2024,385842,Trigger_Muon,2,full_unprescaled_member_covers_run,True,2e-12
2024,2024,385842,Trigger_EGamma,2,full_unprescaled_member_covers_run,True,2e-12
2024,2024,385842,Trigger_Any,7,full_unprescaled_member_covers_run,True,2e-12
2024,2024,385863,Trigger_ElMu,3,full_unprescaled_member_covers_run,True,2e-12
2024,2024,385863,Trigger_dblEl,1,full_unprescaled_member_covers_run,True,2e-12
2024,2024,385863,Trigger_dblMu,1,full_unprescaled_member_covers_run,True,2e-12
2024,2024,385863,Trigger_sngEl,1,full_unprescaled_member_covers_run,True,2e-12
2024,2024,385863,Trigger_sngMu,1,full_unprescaled_member_covers_run,True,2e-12
2024,2024,385863,Trigger_Muon,2,full_unprescaled_member_covers_run,True,2e-12
2024,2024,385863,Trigger_EGamma,2,full_unprescaled_member_covers_run,True,2e-12
2024,2024,385863,Trigger_Any,7,full_unprescaled_member_covers_run,True,2e-12
2024,2024,385882,Trigger_ElMu,3,full_unprescaled_member_covers_run,True,2e-12
2024,2024,385882,Trigger_dblEl,1,full_unprescaled_member_covers_run,True,2e-12
2024,2024,385882,Trigger_dblMu,1,full_unprescaled_member_covers_run,True,2e-12
2024,2024,385882,Trigger_sngEl,1,full_unprescaled_member_covers_run,True,2e-12
2024,2024,385882,Trigger_sngMu,1,full_unprescaled_member_covers_run,True,2e-12
2024,2024,385882,Trigger_Muon,2,full_unprescaled_member_covers_run,True,2e-12
2024,2024,385882,Trigger_EGamma,2,full_unprescaled_member_covers_run,True,2e-12
2024,2024,385882,Trigger_Any,7,full_unprescaled_member_covers_run,True,2e-12
2024,2024,385887,Trigger_ElMu,3,full_unprescaled_member_covers_run,True,2e-12
2024,2024,385887,Trigger_dblEl,1,full_unprescaled_member_covers_run,True,2e-12
2024,2024,385887,Trigger_dblMu,1,full_unprescaled_member_covers_run,True,2e-12
2024,2024,385887,Trigger_sngEl,1,full_unprescaled_member_covers_run,True,2e-12
2024,2024,385887,Trigger_sngMu,1,full_unprescaled_member_covers_run,True,2e-12
2024,2024,385887,Trigger_Muon,2,full_unprescaled_member_covers_run,True,2e-12
2024,2024,385887,Trigger_EGamma,2,full_unprescaled_member_covers_run,True,2e-12
2024,2024,385887,Trigger_Any,7,full_unprescaled_member_covers_run,True,2e-12
2024,2024,385888,Trigger_ElMu,3,full_unprescaled_member_covers_run,True,2e-12
2024,2024,385888,Trigger_dblEl,1,full_unprescaled_member_covers_run,True,2e-12
2024,2024,385888,Trigger_dblMu,1,full_unprescaled_member_covers_run,True,2e-12
2024,2024,385888,Trigger_sngEl,1,full_unprescaled_member_covers_run,True,2e-12
2024,2024,385888,Trigger_sngMu,1,full_unprescaled_member_covers_run,True,2e-12
2024,2024,385888,Trigger_Muon,2,full_unprescaled_member_covers_run,True,2e-12
2024,2024,385888,Trigger_EGamma,2,full_unprescaled_member_covers_run,True,2e-12
2024,2024,385888,Trigger_Any,7,full_unprescaled_member_covers_run,True,2e-12
2024,2024,385889,Trigger_ElMu,3,validated_unprescaled_partial_ls_union,True,2e-12
2024,2024,385889,Trigger_dblEl,1,full_unprescaled_member_covers_run,True,2e-12
2024,2024,385889,Trigger_dblMu,1,full_unprescaled_member_covers_run,True,2e-12
2024,2024,385889,Trigger_sngEl,1,full_unprescaled_member_covers_run,True,2e-12
2024,2024,385889,Trigger_sngMu,1,full_unprescaled_member_covers_run,True,2e-12
2024,2024,385889,Trigger_Muon,2,full_unprescaled_member_covers_run,True,2e-12
2024,2024,385889,Trigger_EGamma,2,full_unprescaled_member_covers_run,True,2e-12
2024,2024,385889,Trigger_Any,7,full_unprescaled_member_covers_run,True,2e-12
2024,2024,385908,Trigger_ElMu,3,full_unprescaled_member_covers_run,True,2e-12
2024,2024,385908,Trigger_dblEl,1,full_unprescaled_member_covers_run,True,2e-12
2024,2024,385908,Trigger_dblMu,1,full_unprescaled_member_covers_run,True,2e-12
2024,2024,385908,Trigger_sngEl,1,full_unprescaled_member_covers_run,True,2e-12
2024,2024,385908,Trigger_sngMu,1,full_unprescaled_member_covers_run,True,2e-12
2024,2024,385908,Trigger_Muon,2,full_unprescaled_member_covers_run,True,2e-12
2024,2024,385908,Trigger_EGamma,2,full_unprescaled_member_covers_run,True,2e-12
2024,2024,385908,Trigger_Any,7,full_unprescaled_member_covers_run,True,2e-12
2024,2024,385915,Trigger_ElMu,3,full_unprescaled_member_covers_run,True,2e-12
2024,2024,385915,Trigger_dblEl,1,full_unprescaled_member_covers_run,True,2e-12
2024,2024,385915,Trigger_dblMu,1,full_unprescaled_member_covers_run,True,2e-12
2024,2024,385915,Trigger_sngEl,1,full_unprescaled_member_covers_run,True,2e-12
2024,2024,385915,Trigger_sngMu,1,full_unprescaled_member_covers_run,True,2e-12
2024,2024,385915,Trigger_Muon,2,full_unprescaled_member_covers_run,True,2e-12
2024,2024,385915,Trigger_EGamma,2,full_unprescaled_member_covers_run,True,2e-12
2024,2024,385915,Trigger_Any,7,full_unprescaled_member_covers_run,True,2e-12
2024,2024,385933,Trigger_ElMu,3,full_unprescaled_member_covers_run,True,2e-12
2024,2024,385933,Trigger_dblEl,1,full_unprescaled_member_covers_run,True,2e-12
2024,2024,385933,Trigger_dblMu,1,full_unprescaled_member_covers_run,True,2e-12
2024,2024,385933,Trigger_sngEl,1,full_unprescaled_member_covers_run,True,2e-12
2024,2024,385933,Trigger_sngMu,1,full_unprescaled_member_covers_run,True,2e-12
2024,2024,385933,Trigger_Muon,2,full_unprescaled_member_covers_run,True,2e-12
2024,2024,385933,Trigger_EGamma,2,full_unprescaled_member_covers_run,True,2e-12
2024,2024,385933,Trigger_Any,7,full_unprescaled_member_covers_run,True,2e-12
2024,2024,385934,Trigger_ElMu,3,validated_unprescaled_partial_ls_union,True,2e-12
2024,2024,385934,Trigger_dblEl,1,full_unprescaled_member_covers_run,True,2e-12
2024,2024,385934,Trigger_dblMu,1,validated_unprescaled_partial_ls_union,True,2e-12
2024,2024,385934,Trigger_sngEl,1,full_unprescaled_member_covers_run,True,2e-12
2024,2024,385934,Trigger_sngMu,1,validated_unprescaled_partial_ls_union,True,2e-12
2024,2024,385934,Trigger_Muon,2,validated_unprescaled_partial_ls_union,True,2e-12
2024,2024,385934,Trigger_EGamma,2,full_unprescaled_member_covers_run,True,2e-12
2024,2024,385934,Trigger_Any,7,full_unprescaled_member_covers_run,True,2e-12
2024,2024,385986,Trigger_ElMu,3,validated_unprescaled_partial_ls_union,True,2e-12
2024,2024,385986,Trigger_dblEl,1,full_unprescaled_member_covers_run,True,2e-12
2024,2024,385986,Trigger_dblMu,1,full_unprescaled_member_covers_run,True,2e-12
2024,2024,385986,Trigger_sngEl,1,full_unprescaled_member_covers_run,True,2e-12
2024,2024,385986,Trigger_sngMu,1,full_unprescaled_member_covers_run,True,2e-12
2024,2024,385986,Trigger_Muon,2,full_unprescaled_member_covers_run,True,2e-12
2024,2024,385986,Trigger_EGamma,2,full_unprescaled_member_covers_run,True,2e-12
2024,2024,385986,Trigger_Any,7,full_unprescaled_member_covers_run,True,2e-12
2024,2024,386006,Trigger_ElMu,3,full_unprescaled_member_covers_run,True,2e-12
2024,2024,386006,Trigger_dblEl,1,full_unprescaled_member_covers_run,True,2e-12
2024,2024,386006,Trigger_dblMu,1,full_unprescaled_member_covers_run,True,2e-12
2024,2024,386006,Trigger_sngEl,1,full_unprescaled_member_covers_run,True,2e-12
2024,2024,386006,Trigger_sngMu,1,full_unprescaled_member_covers_run,True,2e-12
2024,2024,386006,Trigger_Muon,2,full_unprescaled_member_covers_run,True,2e-12
2024,2024,386006,Trigger_EGamma,2,full_unprescaled_member_covers_run,True,2e-12
2024,2024,386006,Trigger_Any,7,full_unprescaled_member_covers_run,True,2e-12
2024,2024,386008,Trigger_ElMu,3,validated_unprescaled_partial_ls_union,True,2e-12
2024,2024,386008,Trigger_dblEl,1,full_unprescaled_member_covers_run,True,2e-12
2024,2024,386008,Trigger_dblMu,1,full_unprescaled_member_covers_run,True,2e-12
2024,2024,386008,Trigger_sngEl,1,full_unprescaled_member_covers_run,True,2e-12
2024,2024,386008,Trigger_sngMu,1,full_unprescaled_member_covers_run,True,2e-12
2024,2024,386008,Trigger_Muon,2,full_unprescaled_member_covers_run,True,2e-12
2024,2024,386008,Trigger_EGamma,2,full_unprescaled_member_covers_run,True,2e-12
2024,2024,386008,Trigger_Any,7,full_unprescaled_member_covers_run,True,2e-12
2024,2024,386010,Trigger_ElMu,3,full_unprescaled_member_covers_run,True,2e-12
2024,2024,386010,Trigger_dblEl,1,full_unprescaled_member_covers_run,True,2e-12
2024,2024,386010,Trigger_dblMu,1,full_unprescaled_member_covers_run,True,2e-12
2024,2024,386010,Trigger_sngEl,1,full_unprescaled_member_covers_run,True,2e-12
2024,2024,386010,Trigger_sngMu,1,full_unprescaled_member_covers_run,True,2e-12
2024,2024,386010,Trigger_Muon,2,full_unprescaled_member_covers_run,True,2e-12
2024,2024,386010,Trigger_EGamma,2,full_unprescaled_member_covers_run,True,2e-12
2024,2024,386010,Trigger_Any,7,full_unprescaled_member_covers_run,True,2e-12
2024,2024,386025,Trigger_ElMu,3,full_unprescaled_member_covers_run,True,2e-12
2024,2024,386025,Trigger_dblEl,1,full_unprescaled_member_covers_run,True,2e-12
2024,2024,386025,Trigger_dblMu,1,full_unprescaled_member_covers_run,True,2e-12
2024,2024,386025,Trigger_sngEl,1,full_unprescaled_member_covers_run,True,2e-12
2024,2024,386025,Trigger_sngMu,1,full_unprescaled_member_covers_run,True,2e-12
2024,2024,386025,Trigger_Muon,2,full_unprescaled_member_covers_run,True,2e-12
2024,2024,386025,Trigger_EGamma,2,full_unprescaled_member_covers_run,True,2e-12
2024,2024,386025,Trigger_Any,7,full_unprescaled_member_covers_run,True,2e-12
2024,2024,386279,Trigger_ElMu,3,full_unprescaled_member_covers_run,True,2e-12
2024,2024,386279,Trigger_dblEl,1,full_unprescaled_member_covers_run,True,2e-12
2024,2024,386279,Trigger_dblMu,1,full_unprescaled_member_covers_run,True,2e-12
2024,2024,386279,Trigger_sngEl,1,full_unprescaled_member_covers_run,True,2e-12
2024,2024,386279,Trigger_sngMu,1,full_unprescaled_member_covers_run,True,2e-12
2024,2024,386279,Trigger_Muon,2,full_unprescaled_member_covers_run,True,2e-12
2024,2024,386279,Trigger_EGamma,2,full_unprescaled_member_covers_run,True,2e-12
2024,2024,386279,Trigger_Any,7,full_unprescaled_member_covers_run,True,2e-12
2024,2024,386285,Trigger_ElMu,3,full_unprescaled_member_covers_run,True,2e-12
2024,2024,386285,Trigger_dblEl,1,validated_unprescaled_partial_ls_union,True,2e-12
2024,2024,386285,Trigger_dblMu,1,full_unprescaled_member_covers_run,True,2e-12
2024,2024,386285,Trigger_sngEl,1,validated_unprescaled_partial_ls_union,True,2e-12
2024,2024,386285,Trigger_sngMu,1,full_unprescaled_member_covers_run,True,2e-12
2024,2024,386285,Trigger_Muon,2,full_unprescaled_member_covers_run,True,2e-12
2024,2024,386285,Trigger_EGamma,2,validated_unprescaled_partial_ls_union,True,2e-12
2024,2024,386285,Trigger_Any,7,full_unprescaled_member_covers_run,True,2e-12
2024,2024,386308,Trigger_ElMu,3,full_unprescaled_member_covers_run,True,2e-12
2024,2024,386308,Trigger_dblEl,1,full_unprescaled_member_covers_run,True,2e-12
2024,2024,386308,Trigger_dblMu,1,full_unprescaled_member_covers_run,True,2e-12
2024,2024,386308,Trigger_sngEl,1,full_unprescaled_member_covers_run,True,2e-12
2024,2024,386308,Trigger_sngMu,1,full_unprescaled_member_covers_run,True,2e-12
2024,2024,386308,Trigger_Muon,2,full_unprescaled_member_covers_run,True,2e-12
2024,2024,386308,Trigger_EGamma,2,full_unprescaled_member_covers_run,True,2e-12
2024,2024,386308,Trigger_Any,7,full_unprescaled_member_covers_run,True,2e-12
2024,2024,386313,Trigger_ElMu,3,full_unprescaled_member_covers_run,True,2e-12
2024,2024,386313,Trigger_dblEl,1,full_unprescaled_member_covers_run,True,2e-12
2024,2024,386313,Trigger_dblMu,1,full_unprescaled_member_covers_run,True,2e-12
2024,2024,386313,Trigger_sngEl,1,full_unprescaled_member_covers_run,True,2e-12
2024,2024,386313,Trigger_sngMu,1,full_unprescaled_member_covers_run,True,2e-12
2024,2024,386313,Trigger_Muon,2,full_unprescaled_member_covers_run,True,2e-12
2024,2024,386313,Trigger_EGamma,2,full_unprescaled_member_covers_run,True,2e-12
2024,2024,386313,Trigger_Any,7,full_unprescaled_member_covers_run,True,2e-12
2024,2024,386319,Trigger_ElMu,3,full_unprescaled_member_covers_run,True,2e-12
2024,2024,386319,Trigger_dblEl,1,full_unprescaled_member_covers_run,True,2e-12
2024,2024,386319,Trigger_dblMu,1,full_unprescaled_member_covers_run,True,2e-12
2024,2024,386319,Trigger_sngEl,1,full_unprescaled_member_covers_run,True,2e-12
2024,2024,386319,Trigger_sngMu,1,full_unprescaled_member_covers_run,True,2e-12
2024,2024,386319,Trigger_Muon,2,full_unprescaled_member_covers_run,True,2e-12
2024,2024,386319,Trigger_EGamma,2,full_unprescaled_member_covers_run,True,2e-12
2024,2024,386319,Trigger_Any,7,full_unprescaled_member_covers_run,True,2e-12
2024,2024,386478,Trigger_ElMu,3,full_unprescaled_member_covers_run,True,2e-12
2024,2024,386478,Trigger_dblEl,1,full_unprescaled_member_covers_run,True,2e-12
2024,2024,386478,Trigger_dblMu,1,full_unprescaled_member_covers_run,True,2e-12
2024,2024,386478,Trigger_sngEl,1,full_unprescaled_member_covers_run,True,2e-12
2024,2024,386478,Trigger_sngMu,1,full_unprescaled_member_covers_run,True,2e-12
2024,2024,386478,Trigger_Muon,2,full_unprescaled_member_covers_run,True,2e-12
2024,2024,386478,Trigger_EGamma,2,full_unprescaled_member_covers_run,True,2e-12
2024,2024,386478,Trigger_Any,7,full_unprescaled_member_covers_run,True,2e-12
2024,2024,386505,Trigger_ElMu,3,full_unprescaled_member_covers_run,True,2e-12
2024,2024,386505,Trigger_dblEl,1,full_unprescaled_member_covers_run,True,2e-12
2024,2024,386505,Trigger_dblMu,1,full_unprescaled_member_covers_run,True,2e-12
2024,2024,386505,Trigger_sngEl,1,full_unprescaled_member_covers_run,True,2e-12
2024,2024,386505,Trigger_sngMu,1,full_unprescaled_member_covers_run,True,2e-12
2024,2024,386505,Trigger_Muon,2,full_unprescaled_member_covers_run,True,2e-12
2024,2024,386505,Trigger_EGamma,2,full_unprescaled_member_covers_run,True,2e-12
2024,2024,386505,Trigger_Any,7,full_unprescaled_member_covers_run,True,2e-12
2024,2024,386509,Trigger_ElMu,3,full_unprescaled_member_covers_run,True,2e-12
2024,2024,386509,Trigger_dblEl,1,full_unprescaled_member_covers_run,True,2e-12
2024,2024,386509,Trigger_dblMu,1,validated_unprescaled_partial_ls_union,True,2e-12
2024,2024,386509,Trigger_sngEl,1,full_unprescaled_member_covers_run,True,2e-12
2024,2024,386509,Trigger_sngMu,1,validated_unprescaled_partial_ls_union,True,2e-12
2024,2024,386509,Trigger_Muon,2,validated_unprescaled_partial_ls_union,True,2e-12
2024,2024,386509,Trigger_EGamma,2,full_unprescaled_member_covers_run,True,2e-12
2024,2024,386509,Trigger_Any,7,full_unprescaled_member_covers_run,True,2e-12
2024,2024,386553,Trigger_ElMu,3,full_unprescaled_member_covers_run,True,2e-12
2024,2024,386553,Trigger_dblEl,1,full_unprescaled_member_covers_run,True,2e-12
2024,2024,386553,Trigger_dblMu,1,full_unprescaled_member_covers_run,True,2e-12
2024,2024,386553,Trigger_sngEl,1,full_unprescaled_member_covers_run,True,2e-12
2024,2024,386553,Trigger_sngMu,1,full_unprescaled_member_covers_run,True,2e-12
2024,2024,386553,Trigger_Muon,2,full_unprescaled_member_covers_run,True,2e-12
2024,2024,386553,Trigger_EGamma,2,full_unprescaled_member_covers_run,True,2e-12
2024,2024,386553,Trigger_Any,7,full_unprescaled_member_covers_run,True,2e-12
2024,2024,386554,Trigger_ElMu,3,full_unprescaled_member_covers_run,True,2e-12
2024,2024,386554,Trigger_dblEl,1,full_unprescaled_member_covers_run,True,2e-12
2024,2024,386554,Trigger_dblMu,1,full_unprescaled_member_covers_run,True,2e-12
2024,2024,386554,Trigger_sngEl,1,full_unprescaled_member_covers_run,True,2e-12
2024,2024,386554,Trigger_sngMu,1,full_unprescaled_member_covers_run,True,2e-12
2024,2024,386554,Trigger_Muon,2,full_unprescaled_member_covers_run,True,2e-12
2024,2024,386554,Trigger_EGamma,2,full_unprescaled_member_covers_run,True,2e-12
2024,2024,386554,Trigger_Any,7,full_unprescaled_member_covers_run,True,2e-12
2024,2024,386592,Trigger_ElMu,3,full_unprescaled_member_covers_run,True,2e-12
2024,2024,386592,Trigger_dblEl,1,full_unprescaled_member_covers_run,True,2e-12
2024,2024,386592,Trigger_dblMu,1,full_unprescaled_member_covers_run,True,2e-12
2024,2024,386592,Trigger_sngEl,1,full_unprescaled_member_covers_run,True,2e-12
2024,2024,386592,Trigger_sngMu,1,full_unprescaled_member_covers_run,True,2e-12
2024,2024,386592,Trigger_Muon,2,full_unprescaled_member_covers_run,True,2e-12
2024,2024,386592,Trigger_EGamma,2,full_unprescaled_member_covers_run,True,2e-12
2024,2024,386592,Trigger_Any,7,full_unprescaled_member_covers_run,True,2e-12
2024,2024,386593,Trigger_ElMu,3,full_unprescaled_member_covers_run,True,2e-12
2024,2024,386593,Trigger_dblEl,1,full_unprescaled_member_covers_run,True,2e-12
2024,2024,386593,Trigger_dblMu,1,full_unprescaled_member_covers_run,True,2e-12
2024,2024,386593,Trigger_sngEl,1,full_unprescaled_member_covers_run,True,2e-12
2024,2024,386593,Trigger_sngMu,1,full_unprescaled_member_covers_run,True,2e-12
2024,2024,386593,Trigger_Muon,2,full_unprescaled_member_covers_run,True,2e-12
2024,2024,386593,Trigger_EGamma,2,full_unprescaled_member_covers_run,True,2e-12
2024,2024,386593,Trigger_Any,7,full_unprescaled_member_covers_run,True,2e-12
2024,2024,386594,Trigger_ElMu,3,validated_unprescaled_partial_ls_union,True,2e-12
2024,2024,386594,Trigger_dblEl,1,full_unprescaled_member_covers_run,True,2e-12
2024,2024,386594,Trigger_dblMu,1,full_unprescaled_member_covers_run,True,2e-12
2024,2024,386594,Trigger_sngEl,1,full_unprescaled_member_covers_run,True,2e-12
2024,2024,386594,Trigger_sngMu,1,full_unprescaled_member_covers_run,True,2e-12
2024,2024,386594,Trigger_Muon,2,full_unprescaled_member_covers_run,True,2e-12
2024,2024,386594,Trigger_EGamma,2,full_unprescaled_member_covers_run,True,2e-12
2024,2024,386594,Trigger_Any,7,full_unprescaled_member_covers_run,True,2e-12
2024,2024,386604,Trigger_ElMu,3,validated_unprescaled_partial_ls_union,True,2e-12
2024,2024,386604,Trigger_dblEl,1,full_unprescaled_member_covers_run,True,2e-12
2024,2024,386604,Trigger_dblMu,1,validated_unprescaled_partial_ls_union,True,2e-12
2024,2024,386604,Trigger_sngEl,1,full_unprescaled_member_covers_run,True,2e-12
2024,2024,386604,Trigger_sngMu,1,validated_unprescaled_partial_ls_union,True,2e-12
2024,2024,386604,Trigger_Muon,2,validated_unprescaled_partial_ls_union,True,2e-12
2024,2024,386604,Trigger_EGamma,2,full_unprescaled_member_covers_run,True,2e-12
2024,2024,386604,Trigger_Any,7,full_unprescaled_member_covers_run,True,2e-12
2024,2024,386605,Trigger_ElMu,3,full_unprescaled_member_covers_run,True,2e-12
2024,2024,386605,Trigger_dblEl,1,full_unprescaled_member_covers_run,True,2e-12
2024,2024,386605,Trigger_dblMu,1,full_unprescaled_member_covers_run,True,2e-12
2024,2024,386605,Trigger_sngEl,1,full_unprescaled_member_covers_run,True,2e-12
2024,2024,386605,Trigger_sngMu,1,full_unprescaled_member_covers_run,True,2e-12
2024,2024,386605,Trigger_Muon,2,full_unprescaled_member_covers_run,True,2e-12
2024,2024,386605,Trigger_EGamma,2,full_unprescaled_member_covers_run,True,2e-12
2024,2024,386605,Trigger_Any,7,full_unprescaled_member_covers_run,True,2e-12
2024,2024,386614,Trigger_ElMu,3,full_unprescaled_member_covers_run,True,2e-12
2024,2024,386614,Trigger_dblEl,1,full_unprescaled_member_covers_run,True,2e-12
2024,2024,386614,Trigger_dblMu,1,full_unprescaled_member_covers_run,True,2e-12
2024,2024,386614,Trigger_sngEl,1,full_unprescaled_member_covers_run,True,2e-12
2024,2024,386614,Trigger_sngMu,1,full_unprescaled_member_covers_run,True,2e-12
2024,2024,386614,Trigger_Muon,2,full_unprescaled_member_covers_run,True,2e-12
2024,2024,386614,Trigger_EGamma,2,full_unprescaled_member_covers_run,True,2e-12
2024,2024,386614,Trigger_Any,7,full_unprescaled_member_covers_run,True,2e-12
2024,2024,386618,Trigger_ElMu,3,full_unprescaled_member_covers_run,True,2e-12
2024,2024,386618,Trigger_dblEl,1,full_unprescaled_member_covers_run,True,2e-12
2024,2024,386618,Trigger_dblMu,1,validated_unprescaled_partial_ls_union,True,2e-12
2024,2024,386618,Trigger_sngEl,1,full_unprescaled_member_covers_run,True,2e-12
2024,2024,386618,Trigger_sngMu,1,validated_unprescaled_partial_ls_union,True,2e-12
2024,2024,386618,Trigger_Muon,2,validated_unprescaled_partial_ls_union,True,2e-12
2024,2024,386618,Trigger_EGamma,2,full_unprescaled_member_covers_run,True,2e-12
2024,2024,386618,Trigger_Any,7,full_unprescaled_member_covers_run,True,2e-12
2024,2024,386629,Trigger_ElMu,3,full_unprescaled_member_covers_run,True,2e-12
2024,2024,386629,Trigger_dblEl,1,full_unprescaled_member_covers_run,True,2e-12
2024,2024,386629,Trigger_dblMu,1,full_unprescaled_member_covers_run,True,2e-12
2024,2024,386629,Trigger_sngEl,1,full_unprescaled_member_covers_run,True,2e-12
2024,2024,386629,Trigger_sngMu,1,full_unprescaled_member_covers_run,True,2e-12
2024,2024,386629,Trigger_Muon,2,full_unprescaled_member_covers_run,True,2e-12
2024,2024,386629,Trigger_EGamma,2,full_unprescaled_member_covers_run,True,2e-12
2024,2024,386629,Trigger_Any,7,full_unprescaled_member_covers_run,True,2e-12
2024,2024,386630,Trigger_ElMu,3,full_unprescaled_member_covers_run,True,2e-12
2024,2024,386630,Trigger_dblEl,1,full_unprescaled_member_covers_run,True,2e-12
2024,2024,386630,Trigger_dblMu,1,full_unprescaled_member_covers_run,True,2e-12
2024,2024,386630,Trigger_sngEl,1,full_unprescaled_member_covers_run,True,2e-12
2024,2024,386630,Trigger_sngMu,1,full_unprescaled_member_covers_run,True,2e-12
2024,2024,386630,Trigger_Muon,2,full_unprescaled_member_covers_run,True,2e-12
2024,2024,386630,Trigger_EGamma,2,full_unprescaled_member_covers_run,True,2e-12
2024,2024,386630,Trigger_Any,7,full_unprescaled_member_covers_run,True,2e-12
2024,2024,386640,Trigger_ElMu,3,validated_unprescaled_partial_ls_union,True,2e-12
2024,2024,386640,Trigger_dblEl,1,full_unprescaled_member_covers_run,True,2e-12
2024,2024,386640,Trigger_dblMu,1,full_unprescaled_member_covers_run,True,2e-12
2024,2024,386640,Trigger_sngEl,1,full_unprescaled_member_covers_run,True,2e-12
2024,2024,386640,Trigger_sngMu,1,full_unprescaled_member_covers_run,True,2e-12
2024,2024,386640,Trigger_Muon,2,full_unprescaled_member_covers_run,True,2e-12
2024,2024,386640,Trigger_EGamma,2,full_unprescaled_member_covers_run,True,2e-12
2024,2024,386640,Trigger_Any,7,full_unprescaled_member_covers_run,True,2e-12
2024,2024,386642,Trigger_ElMu,3,full_unprescaled_member_covers_run,True,2e-12
2024,2024,386642,Trigger_dblEl,1,full_unprescaled_member_covers_run,True,2e-12
2024,2024,386642,Trigger_dblMu,1,validated_unprescaled_partial_ls_union,True,2e-12
2024,2024,386642,Trigger_sngEl,1,full_unprescaled_member_covers_run,True,2e-12
2024,2024,386642,Trigger_sngMu,1,validated_unprescaled_partial_ls_union,True,2e-12
2024,2024,386642,Trigger_Muon,2,validated_unprescaled_partial_ls_union,True,2e-12
2024,2024,386642,Trigger_EGamma,2,full_unprescaled_member_covers_run,True,2e-12
2024,2024,386642,Trigger_Any,7,full_unprescaled_member_covers_run,True,2e-12
2024,2024,386661,Trigger_ElMu,3,full_unprescaled_member_covers_run,True,2e-12
2024,2024,386661,Trigger_dblEl,1,full_unprescaled_member_covers_run,True,2e-12
2024,2024,386661,Trigger_dblMu,1,full_unprescaled_member_covers_run,True,2e-12
2024,2024,386661,Trigger_sngEl,1,full_unprescaled_member_covers_run,True,2e-12
2024,2024,386661,Trigger_sngMu,1,full_unprescaled_member_covers_run,True,2e-12
2024,2024,386661,Trigger_Muon,2,full_unprescaled_member_covers_run,True,2e-12
2024,2024,386661,Trigger_EGamma,2,full_unprescaled_member_covers_run,True,2e-12
2024,2024,386661,Trigger_Any,7,full_unprescaled_member_covers_run,True,2e-12
2024,2024,386668,Trigger_ElMu,3,full_unprescaled_member_covers_run,True,2e-12
2024,2024,386668,Trigger_dblEl,1,full_unprescaled_member_covers_run,True,2e-12
2024,2024,386668,Trigger_dblMu,1,full_unprescaled_member_covers_run,True,2e-12
2024,2024,386668,Trigger_sngEl,1,full_unprescaled_member_covers_run,True,2e-12
2024,2024,386668,Trigger_sngMu,1,full_unprescaled_member_covers_run,True,2e-12
2024,2024,386668,Trigger_Muon,2,full_unprescaled_member_covers_run,True,2e-12
2024,2024,386668,Trigger_EGamma,2,full_unprescaled_member_covers_run,True,2e-12
2024,2024,386668,Trigger_Any,7,full_unprescaled_member_covers_run,True,2e-12
2024,2024,386672,Trigger_ElMu,3,validated_unprescaled_partial_ls_union,True,2e-12
2024,2024,386672,Trigger_dblEl,1,full_unprescaled_member_covers_run,True,2e-12
2024,2024,386672,Trigger_dblMu,1,full_unprescaled_member_covers_run,True,2e-12
2024,2024,386672,Trigger_sngEl,1,full_unprescaled_member_covers_run,True,2e-12
2024,2024,386672,Trigger_sngMu,1,full_unprescaled_member_covers_run,True,2e-12
2024,2024,386672,Trigger_Muon,2,full_unprescaled_member_covers_run,True,2e-12
2024,2024,386672,Trigger_EGamma,2,full_unprescaled_member_covers_run,True,2e-12
2024,2024,386672,Trigger_Any,7,full_unprescaled_member_covers_run,True,2e-12
2024,2024,386673,Trigger_ElMu,3,validated_unprescaled_partial_ls_union,True,2e-12
2024,2024,386673,Trigger_dblEl,1,full_unprescaled_member_covers_run,True,2e-12
2024,2024,386673,Trigger_dblMu,1,full_unprescaled_member_covers_run,True,2e-12
2024,2024,386673,Trigger_sngEl,1,full_unprescaled_member_covers_run,True,2e-12
2024,2024,386673,Trigger_sngMu,1,full_unprescaled_member_covers_run,True,2e-12
2024,2024,386673,Trigger_Muon,2,full_unprescaled_member_covers_run,True,2e-12
2024,2024,386673,Trigger_EGamma,2,full_unprescaled_member_covers_run,True,2e-12
2024,2024,386673,Trigger_Any,7,full_unprescaled_member_covers_run,True,2e-12
2024,2024,386679,Trigger_ElMu,3,validated_unprescaled_partial_ls_union,True,2e-12
2024,2024,386679,Trigger_dblEl,1,validated_unprescaled_partial_ls_union,True,2e-12
2024,2024,386679,Trigger_dblMu,1,validated_unprescaled_partial_ls_union,True,2e-12
2024,2024,386679,Trigger_sngEl,1,validated_unprescaled_partial_ls_union,True,2e-12
2024,2024,386679,Trigger_sngMu,1,validated_unprescaled_partial_ls_union,True,2e-12
2024,2024,386679,Trigger_Muon,2,validated_unprescaled_partial_ls_union,True,2e-12
2024,2024,386679,Trigger_EGamma,2,validated_unprescaled_partial_ls_union,True,2e-12
2024,2024,386679,Trigger_Any,7,validated_unprescaled_partial_ls_union,True,2e-12
2024,2024,386693,Trigger_ElMu,3,full_unprescaled_member_covers_run,True,2e-12
2024,2024,386693,Trigger_dblEl,1,full_unprescaled_member_covers_run,True,2e-12
2024,2024,386693,Trigger_dblMu,1,full_unprescaled_member_covers_run,True,2e-12
2024,2024,386693,Trigger_sngEl,1,full_unprescaled_member_covers_run,True,2e-12
2024,2024,386693,Trigger_sngMu,1,full_unprescaled_member_covers_run,True,2e-12
2024,2024,386693,Trigger_Muon,2,full_unprescaled_member_covers_run,True,2e-12
2024,2024,386693,Trigger_EGamma,2,full_unprescaled_member_covers_run,True,2e-12
2024,2024,386693,Trigger_Any,7,full_unprescaled_member_covers_run,True,2e-12
2024,2024,386694,Trigger_ElMu,3,validated_unprescaled_partial_ls_union,True,2e-12
2024,2024,386694,Trigger_dblEl,1,validated_unprescaled_partial_ls_union,True,2e-12
2024,2024,386694,Trigger_dblMu,1,full_unprescaled_member_covers_run,True,2e-12
2024,2024,386694,Trigger_sngEl,1,validated_unprescaled_partial_ls_union,True,2e-12
2024,2024,386694,Trigger_sngMu,1,full_unprescaled_member_covers_run,True,2e-12
2024,2024,386694,Trigger_Muon,2,full_unprescaled_member_covers_run,True,2e-12
2024,2024,386694,Trigger_EGamma,2,validated_unprescaled_partial_ls_union,True,2e-12
2024,2024,386694,Trigger_Any,7,full_unprescaled_member_covers_run,True,2e-12
2024,2024,386702,Trigger_ElMu,3,full_unprescaled_member_covers_run,True,2e-12
2024,2024,386702,Trigger_dblEl,1,full_unprescaled_member_covers_run,True,2e-12
2024,2024,386702,Trigger_dblMu,1,full_unprescaled_member_covers_run,True,2e-12
2024,2024,386702,Trigger_sngEl,1,full_unprescaled_member_covers_run,True,2e-12
2024,2024,386702,Trigger_sngMu,1,full_unprescaled_member_covers_run,True,2e-12
2024,2024,386702,Trigger_Muon,2,full_unprescaled_member_covers_run,True,2e-12
2024,2024,386702,Trigger_EGamma,2,full_unprescaled_member_covers_run,True,2e-12
2024,2024,386702,Trigger_Any,7,full_unprescaled_member_covers_run,True,2e-12
2024,2024,386703,Trigger_ElMu,3,full_unprescaled_member_covers_run,True,2e-12
2024,2024,386703,Trigger_dblEl,1,full_unprescaled_member_covers_run,True,2e-12
2024,2024,386703,Trigger_dblMu,1,full_unprescaled_member_covers_run,True,2e-12
2024,2024,386703,Trigger_sngEl,1,full_unprescaled_member_covers_run,True,2e-12
2024,2024,386703,Trigger_sngMu,1,full_unprescaled_member_covers_run,True,2e-12
2024,2024,386703,Trigger_Muon,2,full_unprescaled_member_covers_run,True,2e-12
2024,2024,386703,Trigger_EGamma,2,full_unprescaled_member_covers_run,True,2e-12
2024,2024,386703,Trigger_Any,7,full_unprescaled_member_covers_run,True,2e-12
2024,2024,386704,Trigger_ElMu,3,full_unprescaled_member_covers_run,True,2e-12
2024,2024,386704,Trigger_dblEl,1,full_unprescaled_member_covers_run,True,2e-12
2024,2024,386704,Trigger_dblMu,1,full_unprescaled_member_covers_run,True,2e-12
2024,2024,386704,Trigger_sngEl,1,full_unprescaled_member_covers_run,True,2e-12
2024,2024,386704,Trigger_sngMu,1,full_unprescaled_member_covers_run,True,2e-12
2024,2024,386704,Trigger_Muon,2,full_unprescaled_member_covers_run,True,2e-12
2024,2024,386704,Trigger_EGamma,2,full_unprescaled_member_covers_run,True,2e-12
2024,2024,386704,Trigger_Any,7,full_unprescaled_member_covers_run,True,2e-12
2024,2024,386705,Trigger_ElMu,3,full_unprescaled_member_covers_run,True,2e-12
2024,2024,386705,Trigger_dblEl,1,full_unprescaled_member_covers_run,True,2e-12
2024,2024,386705,Trigger_dblMu,1,full_unprescaled_member_covers_run,True,2e-12
2024,2024,386705,Trigger_sngEl,1,full_unprescaled_member_covers_run,True,2e-12
2024,2024,386705,Trigger_sngMu,1,full_unprescaled_member_covers_run,True,2e-12
2024,2024,386705,Trigger_Muon,2,full_unprescaled_member_covers_run,True,2e-12
2024,2024,386705,Trigger_EGamma,2,full_unprescaled_member_covers_run,True,2e-12
2024,2024,386705,Trigger_Any,7,full_unprescaled_member_covers_run,True,2e-12
2024,2024,386764,Trigger_ElMu,3,full_unprescaled_member_covers_run,True,2e-12
2024,2024,386764,Trigger_dblEl,1,full_unprescaled_member_covers_run,True,2e-12
2024,2024,386764,Trigger_dblMu,1,full_unprescaled_member_covers_run,True,2e-12
2024,2024,386764,Trigger_sngEl,1,full_unprescaled_member_covers_run,True,2e-12
2024,2024,386764,Trigger_sngMu,1,full_unprescaled_member_covers_run,True,2e-12
2024,2024,386764,Trigger_Muon,2,full_unprescaled_member_covers_run,True,2e-12
2024,2024,386764,Trigger_EGamma,2,full_unprescaled_member_covers_run,True,2e-12
2024,2024,386764,Trigger_Any,7,full_unprescaled_member_covers_run,True,2e-12
2024,2024,386795,Trigger_ElMu,3,validated_unprescaled_partial_ls_union,True,2e-12
2024,2024,386795,Trigger_dblEl,1,validated_unprescaled_partial_ls_union,True,2e-12
2024,2024,386795,Trigger_dblMu,1,full_unprescaled_member_covers_run,True,2e-12
2024,2024,386795,Trigger_sngEl,1,validated_unprescaled_partial_ls_union,True,2e-12
2024,2024,386795,Trigger_sngMu,1,full_unprescaled_member_covers_run,True,2e-12
2024,2024,386795,Trigger_Muon,2,full_unprescaled_member_covers_run,True,2e-12
2024,2024,386795,Trigger_EGamma,2,validated_unprescaled_partial_ls_union,True,2e-12
2024,2024,386795,Trigger_Any,7,full_unprescaled_member_covers_run,True,2e-12
2024,2024,386801,Trigger_ElMu,3,validated_unprescaled_partial_ls_union,True,2e-12
2024,2024,386801,Trigger_dblEl,1,validated_unprescaled_partial_ls_union,True,2e-12
2024,2024,386801,Trigger_dblMu,1,full_unprescaled_member_covers_run,True,2e-12
2024,2024,386801,Trigger_sngEl,1,validated_unprescaled_partial_ls_union,True,2e-12
2024,2024,386801,Trigger_sngMu,1,full_unprescaled_member_covers_run,True,2e-12
2024,2024,386801,Trigger_Muon,2,full_unprescaled_member_covers_run,True,2e-12
2024,2024,386801,Trigger_EGamma,2,validated_unprescaled_partial_ls_union,True,2e-12
2024,2024,386801,Trigger_Any,7,full_unprescaled_member_covers_run,True,2e-12
2024,2024,386814,Trigger_ElMu,3,full_unprescaled_member_covers_run,True,2e-12
2024,2024,386814,Trigger_dblEl,1,full_unprescaled_member_covers_run,True,2e-12
2024,2024,386814,Trigger_dblMu,1,full_unprescaled_member_covers_run,True,2e-12
2024,2024,386814,Trigger_sngEl,1,full_unprescaled_member_covers_run,True,2e-12
2024,2024,386814,Trigger_sngMu,1,full_unprescaled_member_covers_run,True,2e-12
2024,2024,386814,Trigger_Muon,2,full_unprescaled_member_covers_run,True,2e-12
2024,2024,386814,Trigger_EGamma,2,full_unprescaled_member_covers_run,True,2e-12
2024,2024,386814,Trigger_Any,7,full_unprescaled_member_covers_run,True,2e-12
2024,2024,386851,Trigger_ElMu,3,full_unprescaled_member_covers_run,True,2e-12
2024,2024,386851,Trigger_dblEl,1,full_unprescaled_member_covers_run,True,2e-12
2024,2024,386851,Trigger_dblMu,1,full_unprescaled_member_covers_run,True,2e-12
2024,2024,386851,Trigger_sngEl,1,full_unprescaled_member_covers_run,True,2e-12
2024,2024,386851,Trigger_sngMu,1,full_unprescaled_member_covers_run,True,2e-12
2024,2024,386851,Trigger_Muon,2,full_unprescaled_member_covers_run,True,2e-12
2024,2024,386851,Trigger_EGamma,2,full_unprescaled_member_covers_run,True,2e-12
2024,2024,386851,Trigger_Any,7,full_unprescaled_member_covers_run,True,2e-12
2024,2024,386852,Trigger_ElMu,3,full_unprescaled_member_covers_run,True,2e-12
2024,2024,386852,Trigger_dblEl,1,validated_unprescaled_partial_ls_union,True,2e-12
2024,2024,386852,Trigger_dblMu,1,full_unprescaled_member_covers_run,True,2e-12
2024,2024,386852,Trigger_sngEl,1,validated_unprescaled_partial_ls_union,True,2e-12
2024,2024,386852,Trigger_sngMu,1,full_unprescaled_member_covers_run,True,2e-12
2024,2024,386852,Trigger_Muon,2,full_unprescaled_member_covers_run,True,2e-12
2024,2024,386852,Trigger_EGamma,2,validated_unprescaled_partial_ls_union,True,2e-12
2024,2024,386852,Trigger_Any,7,full_unprescaled_member_covers_run,True,2e-12
2024,2024,386853,Trigger_ElMu,3,full_unprescaled_member_covers_run,True,2e-12
2024,2024,386853,Trigger_dblEl,1,full_unprescaled_member_covers_run,True,2e-12
2024,2024,386853,Trigger_dblMu,1,full_unprescaled_member_covers_run,True,2e-12
2024,2024,386853,Trigger_sngEl,1,full_unprescaled_member_covers_run,True,2e-12
2024,2024,386853,Trigger_sngMu,1,full_unprescaled_member_covers_run,True,2e-12
2024,2024,386853,Trigger_Muon,2,full_unprescaled_member_covers_run,True,2e-12
2024,2024,386853,Trigger_EGamma,2,full_unprescaled_member_covers_run,True,2e-12
2024,2024,386853,Trigger_Any,7,full_unprescaled_member_covers_run,True,2e-12
2024,2024,386854,Trigger_ElMu,3,validated_unprescaled_partial_ls_union,True,2e-12
2024,2024,386854,Trigger_dblEl,1,full_unprescaled_member_covers_run,True,2e-12
2024,2024,386854,Trigger_dblMu,1,full_unprescaled_member_covers_run,True,2e-12
2024,2024,386854,Trigger_sngEl,1,full_unprescaled_member_covers_run,True,2e-12
2024,2024,386854,Trigger_sngMu,1,full_unprescaled_member_covers_run,True,2e-12
2024,2024,386854,Trigger_Muon,2,full_unprescaled_member_covers_run,True,2e-12
2024,2024,386854,Trigger_EGamma,2,full_unprescaled_member_covers_run,True,2e-12
2024,2024,386854,Trigger_Any,7,full_unprescaled_member_covers_run,True,2e-12
2024,2024,386863,Trigger_ElMu,3,full_unprescaled_member_covers_run,True,2e-12
2024,2024,386863,Trigger_dblEl,1,full_unprescaled_member_covers_run,True,2e-12
2024,2024,386863,Trigger_dblMu,1,full_unprescaled_member_covers_run,True,2e-12
2024,2024,386863,Trigger_sngEl,1,full_unprescaled_member_covers_run,True,2e-12
2024,2024,386863,Trigger_sngMu,1,full_unprescaled_member_covers_run,True,2e-12
2024,2024,386863,Trigger_Muon,2,full_unprescaled_member_covers_run,True,2e-12
2024,2024,386863,Trigger_EGamma,2,full_unprescaled_member_covers_run,True,2e-12
2024,2024,386863,Trigger_Any,7,full_unprescaled_member_covers_run,True,2e-12
2024,2024,386864,Trigger_ElMu,3,validated_unprescaled_partial_ls_union,True,2e-12
2024,2024,386864,Trigger_dblEl,1,validated_unprescaled_partial_ls_union,True,2e-12
2024,2024,386864,Trigger_dblMu,1,full_unprescaled_member_covers_run,True,2e-12
2024,2024,386864,Trigger_sngEl,1,validated_unprescaled_partial_ls_union,True,2e-12
2024,2024,386864,Trigger_sngMu,1,full_unprescaled_member_covers_run,True,2e-12
2024,2024,386864,Trigger_Muon,2,full_unprescaled_member_covers_run,True,2e-12
2024,2024,386864,Trigger_EGamma,2,validated_unprescaled_partial_ls_union,True,2e-12
2024,2024,386864,Trigger_Any,7,full_unprescaled_member_covers_run,True,2e-12
2024,2024,386872,Trigger_ElMu,3,full_unprescaled_member_covers_run,True,2e-12
2024,2024,386872,Trigger_dblEl,1,full_unprescaled_member_covers_run,True,2e-12
2024,2024,386872,Trigger_dblMu,1,full_unprescaled_member_covers_run,True,2e-12
2024,2024,386872,Trigger_sngEl,1,full_unprescaled_member_covers_run,True,2e-12
2024,2024,386872,Trigger_sngMu,1,full_unprescaled_member_covers_run,True,2e-12
2024,2024,386872,Trigger_Muon,2,full_unprescaled_member_covers_run,True,2e-12
2024,2024,386872,Trigger_EGamma,2,full_unprescaled_member_covers_run,True,2e-12
2024,2024,386872,Trigger_Any,7,full_unprescaled_member_covers_run,True,2e-12
2024,2024,386873,Trigger_ElMu,3,full_unprescaled_member_covers_run,True,2e-12
2024,2024,386873,Trigger_dblEl,1,full_unprescaled_member_covers_run,True,2e-12
2024,2024,386873,Trigger_dblMu,1,full_unprescaled_member_covers_run,True,2e-12
2024,2024,386873,Trigger_sngEl,1,full_unprescaled_member_covers_run,True,2e-12
2024,2024,386873,Trigger_sngMu,1,full_unprescaled_member_covers_run,True,2e-12
2024,2024,386873,Trigger_Muon,2,full_unprescaled_member_covers_run,True,2e-12
2024,2024,386873,Trigger_EGamma,2,full_unprescaled_member_covers_run,True,2e-12
2024,2024,386873,Trigger_Any,7,full_unprescaled_member_covers_run,True,2e-12
2024,2024,386885,Trigger_ElMu,3,full_unprescaled_member_covers_run,True,2e-12
2024,2024,386885,Trigger_dblEl,1,full_unprescaled_member_covers_run,True,2e-12
2024,2024,386885,Trigger_dblMu,1,full_unprescaled_member_covers_run,True,2e-12
2024,2024,386885,Trigger_sngEl,1,full_unprescaled_member_covers_run,True,2e-12
2024,2024,386885,Trigger_sngMu,1,full_unprescaled_member_covers_run,True,2e-12
2024,2024,386885,Trigger_Muon,2,full_unprescaled_member_covers_run,True,2e-12
2024,2024,386885,Trigger_EGamma,2,full_unprescaled_member_covers_run,True,2e-12
2024,2024,386885,Trigger_Any,7,full_unprescaled_member_covers_run,True,2e-12
2024,2024,386917,Trigger_ElMu,3,full_unprescaled_member_covers_run,True,2e-12
2024,2024,386917,Trigger_dblEl,1,full_unprescaled_member_covers_run,True,2e-12
2024,2024,386917,Trigger_dblMu,1,full_unprescaled_member_covers_run,True,2e-12
2024,2024,386917,Trigger_sngEl,1,full_unprescaled_member_covers_run,True,2e-12
2024,2024,386917,Trigger_sngMu,1,full_unprescaled_member_covers_run,True,2e-12
2024,2024,386917,Trigger_Muon,2,full_unprescaled_member_covers_run,True,2e-12
2024,2024,386917,Trigger_EGamma,2,full_unprescaled_member_covers_run,True,2e-12
2024,2024,386917,Trigger_Any,7,full_unprescaled_member_covers_run,True,2e-12
2024,2024,386924,Trigger_ElMu,3,full_unprescaled_member_covers_run,True,2e-12
2024,2024,386924,Trigger_dblEl,1,full_unprescaled_member_covers_run,True,2e-12
2024,2024,386924,Trigger_dblMu,1,validated_unprescaled_partial_ls_union,True,2e-12
2024,2024,386924,Trigger_sngEl,1,full_unprescaled_member_covers_run,True,2e-12
2024,2024,386924,Trigger_sngMu,1,validated_unprescaled_partial_ls_union,True,2e-12
2024,2024,386924,Trigger_Muon,2,validated_unprescaled_partial_ls_union,True,2e-12
2024,2024,386924,Trigger_EGamma,2,full_unprescaled_member_covers_run,True,2e-12
2024,2024,386924,Trigger_Any,7,full_unprescaled_member_covers_run,True,2e-12
2024,2024,386925,Trigger_ElMu,3,full_unprescaled_member_covers_run,True,2e-12
2024,2024,386925,Trigger_dblEl,1,full_unprescaled_member_covers_run,True,2e-12
2024,2024,386925,Trigger_dblMu,1,full_unprescaled_member_covers_run,True,2e-12
2024,2024,386925,Trigger_sngEl,1,full_unprescaled_member_covers_run,True,2e-12
2024,2024,386925,Trigger_sngMu,1,full_unprescaled_member_covers_run,True,2e-12
2024,2024,386925,Trigger_Muon,2,full_unprescaled_member_covers_run,True,2e-12
2024,2024,386925,Trigger_EGamma,2,full_unprescaled_member_covers_run,True,2e-12
2024,2024,386925,Trigger_Any,7,full_unprescaled_member_covers_run,True,2e-12
2024,2024,386945,Trigger_ElMu,3,validated_unprescaled_partial_ls_union,True,2e-12
2024,2024,386945,Trigger_dblEl,1,validated_unprescaled_partial_ls_union,True,2e-12
2024,2024,386945,Trigger_dblMu,1,full_unprescaled_member_covers_run,True,2e-12
2024,2024,386945,Trigger_sngEl,1,validated_unprescaled_partial_ls_union,True,2e-12
2024,2024,386945,Trigger_sngMu,1,full_unprescaled_member_covers_run,True,2e-12
2024,2024,386945,Trigger_Muon,2,full_unprescaled_member_covers_run,True,2e-12
2024,2024,386945,Trigger_EGamma,2,validated_unprescaled_partial_ls_union,True,2e-12
2024,2024,386945,Trigger_Any,7,full_unprescaled_member_covers_run,True,2e-12
2024,2024,386951,Trigger_ElMu,3,full_unprescaled_member_covers_run,True,2e-12
2024,2024,386951,Trigger_dblEl,1,full_unprescaled_member_covers_run,True,2e-12
2024,2024,386951,Trigger_dblMu,1,full_unprescaled_member_covers_run,True,2e-12
2024,2024,386951,Trigger_sngEl,1,full_unprescaled_member_covers_run,True,2e-12
2024,2024,386951,Trigger_sngMu,1,full_unprescaled_member_covers_run,True,2e-12
2024,2024,386951,Trigger_Muon,2,full_unprescaled_member_covers_run,True,2e-12
2024,2024,386951,Trigger_EGamma,2,full_unprescaled_member_covers_run,True,2e-12
2024,2024,386951,Trigger_Any,7,full_unprescaled_member_covers_run,True,2e-12
